STRUCTURE,STRUCTURE_ID,STRUCTURE_NAME,freq,Frequency,reporter,REPORTER,partner,PARTNER,product,PRODUCT,flow,FLOW,indicators,INDICATORS,TIME_PERIOD,TIME_PERIOD,OBS_VALUE,Observation Value
dataflow,ESTAT:DS-059341(1.0),International trade of EU and non-EU countries since 2002 by HS2-4-6,A,Annual,FR,"France (incl. Saint Barthélemy 'BL' -> 2012; incl. French Guiana 'GF', Guadeloupe 'GP', Martinique 'MQ', Réunion 'RE' from 1997; incl. Mayotte 'YT' from 2014)",CN,China,850710,"Lead-acid accumulators of a kind used for starting piston engine ""starter batteries"" (excl. spent)",1,IMPORT,VALUE_EUR,VALUE_EUR,2002,,6470341,
dataflow,ESTAT:DS-059341(1.0),International trade of EU and non-EU countries since 2002 by HS2-4-6,A,Annual,FR,"France (incl. Saint Barthélemy 'BL' -> 2012; incl. French Guiana 'GF', Guadeloupe 'GP', Martinique 'MQ', Réunion 'RE' from 1997; incl. Mayotte 'YT' from 2014)",CN,China,850710,"Lead-acid accumulators of a kind used for starting piston engine ""starter batteries"" (excl. spent)",1,IMPORT,VALUE_EUR,VALUE_EUR,2003,,7304252,
dataflow,ESTAT:DS-059341(1.0),International trade of EU and non-EU countries since 2002 by HS2-4-6,A,Annual,FR,"France (incl. Saint Barthélemy 'BL' -> 2012; incl. French Guiana 'GF', Guadeloupe 'GP', Martinique 'MQ', Réunion 'RE' from 1997; incl. Mayotte 'YT' from 2014)",CN,China,850710,"Lead-acid accumulators of a kind used for starting piston engine ""starter batteries"" (excl. spent)",1,IMPORT,VALUE_EUR,VALUE_EUR,2004,,10538082,
dataflow,ESTAT:DS-059341(1.0),International trade of EU and non-EU countries since 2002 by HS2-4-6,A,Annual,FR,"France (incl. Saint Barthélemy 'BL' -> 2012; incl. French Guiana 'GF', Guadeloupe 'GP', Martinique 'MQ', Réunion 'RE' from 1997; incl. Mayotte 'YT' from 2014)",CN,China,850710,"Lead-acid accumulators of a kind used for starting piston engine ""starter batteries"" (excl. spent)",1,IMPORT,VALUE_EUR,VALUE_EUR,2005,,6834556,
dataflow,ESTAT:DS-059341(1.0),International trade of EU and non-EU countries since 2002 by HS2-4-6,A,Annual,FR,"France (incl. Saint Barthélemy 'BL' -> 2012; incl. French Guiana 'GF', Guadeloupe 'GP', Martinique 'MQ', Réunion 'RE' from 1997; incl. Mayotte 'YT' from 2014)",CN,China,850710,"Lead-acid accumulators of a kind used for starting piston engine ""starter batteries"" (excl. spent)",1,IMPORT,VALUE_EUR,VALUE_EUR,2006,,7799464,
dataflow,ESTAT:DS-059341(1.0),International trade of EU and non-EU countries since 2002 by HS2-4-6,A,Annual,FR,"France (incl. Saint Barthélemy 'BL' -> 2012; incl. French Guiana 'GF', Guadeloupe 'GP', Martinique 'MQ', Réunion 'RE' from 1997; incl. Mayotte 'YT' from 2014)",CN,China,850710,"Lead-acid accumulators of a kind used for starting piston engine ""starter batteries"" (excl. spent)",1,IMPORT,VALUE_EUR,VALUE_EUR,2007,,8013410,
dataflow,ESTAT:DS-059341(1.0),International trade of EU and non-EU countries since 2002 by HS2-4-6,A,Annual,FR,"France (incl. Saint Barthélemy 'BL' -> 2012; incl. French Guiana 'GF', Guadeloupe 'GP', Martinique 'MQ', Réunion 'RE' from 1997; incl. Mayotte 'YT' from 2014)",CN,China,850710,"Lead-acid accumulators of a kind used for starting piston engine ""starter batteries"" (excl. spent)",1,IMPORT,VALUE_EUR,VALUE_EUR,2008,,9375920,
dataflow,ESTAT:DS-059341(1.0),International trade of EU and non-EU countries since 2002 by HS2-4-6,A,Annual,FR,"France (incl. Saint Barthélemy 'BL' -> 2012; incl. French Guiana 'GF', Guadeloupe 'GP', Martinique 'MQ', Réunion 'RE' from 1997; incl. Mayotte 'YT' from 2014)",CN,China,850710,"Lead-acid accumulators of a kind used for starting piston engine ""starter batteries"" (excl. spent)",1,IMPORT,VALUE_EUR,VALUE_EUR,2009,,6520725,
dataflow,ESTAT:DS-059341(1.0),International trade of EU and non-EU countries since 2002 by HS2-4-6,A,Annual,FR,"France (incl. Saint Barthélemy 'BL' -> 2012; incl. French Guiana 'GF', Guadeloupe 'GP', Martinique 'MQ', Réunion 'RE' from 1997; incl. Mayotte 'YT' from 2014)",CN,China,850710,"Lead-acid accumulators of a kind used for starting piston engine ""starter batteries"" (excl. spent)",1,IMPORT,VALUE_EUR,VALUE_EUR,2010,,6982086,
dataflow,ESTAT:DS-059341(1.0),International trade of EU and non-EU countries since 2002 by HS2-4-6,A,Annual,FR,"France (incl. Saint Barthélemy 'BL' -> 2012; incl. French Guiana 'GF', Guadeloupe 'GP', Martinique 'MQ', Réunion 'RE' from 1997; incl. Mayotte 'YT' from 2014)",CN,China,850710,"Lead-acid accumulators of a kind used for starting piston engine ""starter batteries"" (excl. spent)",1,IMPORT,VALUE_EUR,VALUE_EUR,2011,,9339974,
dataflow,ESTAT:DS-059341(1.0),International trade of EU and non-EU countries since 2002 by HS2-4-6,A,Annual,FR,"France (incl. Saint Barthélemy 'BL' -> 2012; incl. French Guiana 'GF', Guadeloupe 'GP', Martinique 'MQ', Réunion 'RE' from 1997; incl. Mayotte 'YT' from 2014)",CN,China,850710,"Lead-acid accumulators of a kind used for starting piston engine ""starter batteries"" (excl. spent)",1,IMPORT,VALUE_EUR,VALUE_EUR,2012,,11444134,
dataflow,ESTAT:DS-059341(1.0),International trade of EU and non-EU countries since 2002 by HS2-4-6,A,Annual,FR,"France (incl. Saint Barthélemy 'BL' -> 2012; incl. French Guiana 'GF', Guadeloupe 'GP', Martinique 'MQ', Réunion 'RE' from 1997; incl. Mayotte 'YT' from 2014)",CN,China,850710,"Lead-acid accumulators of a kind used for starting piston engine ""starter batteries"" (excl. spent)",1,IMPORT,VALUE_EUR,VALUE_EUR,2013,,8877107,
dataflow,ESTAT:DS-059341(1.0),International trade of EU and non-EU countries since 2002 by HS2-4-6,A,Annual,FR,"France (incl. Saint Barthélemy 'BL' -> 2012; incl. French Guiana 'GF', Guadeloupe 'GP', Martinique 'MQ', Réunion 'RE' from 1997; incl. Mayotte 'YT' from 2014)",CN,China,850710,"Lead-acid accumulators of a kind used for starting piston engine ""starter batteries"" (excl. spent)",1,IMPORT,VALUE_EUR,VALUE_EUR,2014,,6384144,
dataflow,ESTAT:DS-059341(1.0),International trade of EU and non-EU countries since 2002 by HS2-4-6,A,Annual,FR,"France (incl. Saint Barthélemy 'BL' -> 2012; incl. French Guiana 'GF', Guadeloupe 'GP', Martinique 'MQ', Réunion 'RE' from 1997; incl. Mayotte 'YT' from 2014)",CN,China,850710,"Lead-acid accumulators of a kind used for starting piston engine ""starter batteries"" (excl. spent)",1,IMPORT,VALUE_EUR,VALUE_EUR,2015,,8444230,
dataflow,ESTAT:DS-059341(1.0),International trade of EU and non-EU countries since 2002 by HS2-4-6,A,Annual,FR,"France (incl. Saint Barthélemy 'BL' -> 2012; incl. French Guiana 'GF', Guadeloupe 'GP', Martinique 'MQ', Réunion 'RE' from 1997; incl. Mayotte 'YT' from 2014)",CN,China,850710,"Lead-acid accumulators of a kind used for starting piston engine ""starter batteries"" (excl. spent)",1,IMPORT,VALUE_EUR,VALUE_EUR,2016,,5670858,
dataflow,ESTAT:DS-059341(1.0),International trade of EU and non-EU countries since 2002 by HS2-4-6,A,Annual,FR,"France (incl. Saint Barthélemy 'BL' -> 2012; incl. French Guiana 'GF', Guadeloupe 'GP', Martinique 'MQ', Réunion 'RE' from 1997; incl. Mayotte 'YT' from 2014)",CN,China,850710,"Lead-acid accumulators of a kind used for starting piston engine ""starter batteries"" (excl. spent)",1,IMPORT,VALUE_EUR,VALUE_EUR,2017,,5924107,
dataflow,ESTAT:DS-059341(1.0),International trade of EU and non-EU countries since 2002 by HS2-4-6,A,Annual,FR,"France (incl. Saint Barthélemy 'BL' -> 2012; incl. French Guiana 'GF', Guadeloupe 'GP', Martinique 'MQ', Réunion 'RE' from 1997; incl. Mayotte 'YT' from 2014)",CN,China,850710,"Lead-acid accumulators of a kind used for starting piston engine ""starter batteries"" (excl. spent)",1,IMPORT,VALUE_EUR,VALUE_EUR,2018,,5700790,
dataflow,ESTAT:DS-059341(1.0),International trade of EU and non-EU countries since 2002 by HS2-4-6,A,Annual,FR,"France (incl. Saint Barthélemy 'BL' -> 2012; incl. French Guiana 'GF', Guadeloupe 'GP', Martinique 'MQ', Réunion 'RE' from 1997; incl. Mayotte 'YT' from 2014)",CN,China,850710,"Lead-acid accumulators of a kind used for starting piston engine ""starter batteries"" (excl. spent)",1,IMPORT,VALUE_EUR,VALUE_EUR,2019,,6759414,
dataflow,ESTAT:DS-059341(1.0),International trade of EU and non-EU countries since 2002 by HS2-4-6,A,Annual,FR,"France (incl. Saint Barthélemy 'BL' -> 2012; incl. French Guiana 'GF', Guadeloupe 'GP', Martinique 'MQ', Réunion 'RE' from 1997; incl. Mayotte 'YT' from 2014)",CN,China,850710,"Lead-acid accumulators of a kind used for starting piston engine ""starter batteries"" (excl. spent)",1,IMPORT,VALUE_EUR,VALUE_EUR,2020,,6662571,
dataflow,ESTAT:DS-059341(1.0),International trade of EU and non-EU countries since 2002 by HS2-4-6,A,Annual,FR,"France (incl. Saint Barthélemy 'BL' -> 2012; incl. French Guiana 'GF', Guadeloupe 'GP', Martinique 'MQ', Réunion 'RE' from 1997; incl. Mayotte 'YT' from 2014)",CN,China,850710,"Lead-acid accumulators of a kind used for starting piston engine ""starter batteries"" (excl. spent)",1,IMPORT,VALUE_EUR,VALUE_EUR,2021,,13308143,
dataflow,ESTAT:DS-059341(1.0),International trade of EU and non-EU countries since 2002 by HS2-4-6,A,Annual,FR,"France (incl. Saint Barthélemy 'BL' -> 2012; incl. French Guiana 'GF', Guadeloupe 'GP', Martinique 'MQ', Réunion 'RE' from 1997; incl. Mayotte 'YT' from 2014)",CN,China,850710,"Lead-acid accumulators of a kind used for starting piston engine ""starter batteries"" (excl. spent)",1,IMPORT,VALUE_EUR,VALUE_EUR,2022,,16065920,
dataflow,ESTAT:DS-059341(1.0),International trade of EU and non-EU countries since 2002 by HS2-4-6,A,Annual,FR,"France (incl. Saint Barthélemy 'BL' -> 2012; incl. French Guiana 'GF', Guadeloupe 'GP', Martinique 'MQ', Réunion 'RE' from 1997; incl. Mayotte 'YT' from 2014)",CN,China,850710,"Lead-acid accumulators of a kind used for starting piston engine ""starter batteries"" (excl. spent)",1,IMPORT,VALUE_EUR,VALUE_EUR,2023,,18036941,
dataflow,ESTAT:DS-059341(1.0),International trade of EU and non-EU countries since 2002 by HS2-4-6,A,Annual,FR,"France (incl. Saint Barthélemy 'BL' -> 2012; incl. French Guiana 'GF', Guadeloupe 'GP', Martinique 'MQ', Réunion 'RE' from 1997; incl. Mayotte 'YT' from 2014)",CN,China,850710,"Lead-acid accumulators of a kind used for starting piston engine ""starter batteries"" (excl. spent)",1,IMPORT,VALUE_EUR,VALUE_EUR,2024,,30669146,
dataflow,ESTAT:DS-059341(1.0),International trade of EU and non-EU countries since 2002 by HS2-4-6,A,Annual,FR,"France (incl. Saint Barthélemy 'BL' -> 2012; incl. French Guiana 'GF', Guadeloupe 'GP', Martinique 'MQ', Réunion 'RE' from 1997; incl. Mayotte 'YT' from 2014)",CN,China,850710,"Lead-acid accumulators of a kind used for starting piston engine ""starter batteries"" (excl. spent)",2,EXPORT,VALUE_EUR,VALUE_EUR,2002,,102686,
dataflow,ESTAT:DS-059341(1.0),International trade of EU and non-EU countries since 2002 by HS2-4-6,A,Annual,FR,"France (incl. Saint Barthélemy 'BL' -> 2012; incl. French Guiana 'GF', Guadeloupe 'GP', Martinique 'MQ', Réunion 'RE' from 1997; incl. Mayotte 'YT' from 2014)",CN,China,850710,"Lead-acid accumulators of a kind used for starting piston engine ""starter batteries"" (excl. spent)",2,EXPORT,VALUE_EUR,VALUE_EUR,2003,,223242,
dataflow,ESTAT:DS-059341(1.0),International trade of EU and non-EU countries since 2002 by HS2-4-6,A,Annual,FR,"France (incl. Saint Barthélemy 'BL' -> 2012; incl. French Guiana 'GF', Guadeloupe 'GP', Martinique 'MQ', Réunion 'RE' from 1997; incl. Mayotte 'YT' from 2014)",CN,China,850710,"Lead-acid accumulators of a kind used for starting piston engine ""starter batteries"" (excl. spent)",2,EXPORT,VALUE_EUR,VALUE_EUR,2004,,153870,
dataflow,ESTAT:DS-059341(1.0),International trade of EU and non-EU countries since 2002 by HS2-4-6,A,Annual,FR,"France (incl. Saint Barthélemy 'BL' -> 2012; incl. French Guiana 'GF', Guadeloupe 'GP', Martinique 'MQ', Réunion 'RE' from 1997; incl. Mayotte 'YT' from 2014)",CN,China,850710,"Lead-acid accumulators of a kind used for starting piston engine ""starter batteries"" (excl. spent)",2,EXPORT,VALUE_EUR,VALUE_EUR,2005,,67085,
dataflow,ESTAT:DS-059341(1.0),International trade of EU and non-EU countries since 2002 by HS2-4-6,A,Annual,FR,"France (incl. Saint Barthélemy 'BL' -> 2012; incl. French Guiana 'GF', Guadeloupe 'GP', Martinique 'MQ', Réunion 'RE' from 1997; incl. Mayotte 'YT' from 2014)",CN,China,850710,"Lead-acid accumulators of a kind used for starting piston engine ""starter batteries"" (excl. spent)",2,EXPORT,VALUE_EUR,VALUE_EUR,2006,,151462,
dataflow,ESTAT:DS-059341(1.0),International trade of EU and non-EU countries since 2002 by HS2-4-6,A,Annual,FR,"France (incl. Saint Barthélemy 'BL' -> 2012; incl. French Guiana 'GF', Guadeloupe 'GP', Martinique 'MQ', Réunion 'RE' from 1997; incl. Mayotte 'YT' from 2014)",CN,China,850710,"Lead-acid accumulators of a kind used for starting piston engine ""starter batteries"" (excl. spent)",2,EXPORT,VALUE_EUR,VALUE_EUR,2007,,26682,
dataflow,ESTAT:DS-059341(1.0),International trade of EU and non-EU countries since 2002 by HS2-4-6,A,Annual,FR,"France (incl. Saint Barthélemy 'BL' -> 2012; incl. French Guiana 'GF', Guadeloupe 'GP', Martinique 'MQ', Réunion 'RE' from 1997; incl. Mayotte 'YT' from 2014)",CN,China,850710,"Lead-acid accumulators of a kind used for starting piston engine ""starter batteries"" (excl. spent)",2,EXPORT,VALUE_EUR,VALUE_EUR,2008,,125431,
dataflow,ESTAT:DS-059341(1.0),International trade of EU and non-EU countries since 2002 by HS2-4-6,A,Annual,FR,"France (incl. Saint Barthélemy 'BL' -> 2012; incl. French Guiana 'GF', Guadeloupe 'GP', Martinique 'MQ', Réunion 'RE' from 1997; incl. Mayotte 'YT' from 2014)",CN,China,850710,"Lead-acid accumulators of a kind used for starting piston engine ""starter batteries"" (excl. spent)",2,EXPORT,VALUE_EUR,VALUE_EUR,2009,,372830,
dataflow,ESTAT:DS-059341(1.0),International trade of EU and non-EU countries since 2002 by HS2-4-6,A,Annual,FR,"France (incl. Saint Barthélemy 'BL' -> 2012; incl. French Guiana 'GF', Guadeloupe 'GP', Martinique 'MQ', Réunion 'RE' from 1997; incl. Mayotte 'YT' from 2014)",CN,China,850710,"Lead-acid accumulators of a kind used for starting piston engine ""starter batteries"" (excl. spent)",2,EXPORT,VALUE_EUR,VALUE_EUR,2010,,54804,
dataflow,ESTAT:DS-059341(1.0),International trade of EU and non-EU countries since 2002 by HS2-4-6,A,Annual,FR,"France (incl. Saint Barthélemy 'BL' -> 2012; incl. French Guiana 'GF', Guadeloupe 'GP', Martinique 'MQ', Réunion 'RE' from 1997; incl. Mayotte 'YT' from 2014)",CN,China,850710,"Lead-acid accumulators of a kind used for starting piston engine ""starter batteries"" (excl. spent)",2,EXPORT,VALUE_EUR,VALUE_EUR,2011,,181502,
dataflow,ESTAT:DS-059341(1.0),International trade of EU and non-EU countries since 2002 by HS2-4-6,A,Annual,FR,"France (incl. Saint Barthélemy 'BL' -> 2012; incl. French Guiana 'GF', Guadeloupe 'GP', Martinique 'MQ', Réunion 'RE' from 1997; incl. Mayotte 'YT' from 2014)",CN,China,850710,"Lead-acid accumulators of a kind used for starting piston engine ""starter batteries"" (excl. spent)",2,EXPORT,VALUE_EUR,VALUE_EUR,2012,,1054903,
dataflow,ESTAT:DS-059341(1.0),International trade of EU and non-EU countries since 2002 by HS2-4-6,A,Annual,FR,"France (incl. Saint Barthélemy 'BL' -> 2012; incl. French Guiana 'GF', Guadeloupe 'GP', Martinique 'MQ', Réunion 'RE' from 1997; incl. Mayotte 'YT' from 2014)",CN,China,850710,"Lead-acid accumulators of a kind used for starting piston engine ""starter batteries"" (excl. spent)",2,EXPORT,VALUE_EUR,VALUE_EUR,2013,,295760,
dataflow,ESTAT:DS-059341(1.0),International trade of EU and non-EU countries since 2002 by HS2-4-6,A,Annual,FR,"France (incl. Saint Barthélemy 'BL' -> 2012; incl. French Guiana 'GF', Guadeloupe 'GP', Martinique 'MQ', Réunion 'RE' from 1997; incl. Mayotte 'YT' from 2014)",CN,China,850710,"Lead-acid accumulators of a kind used for starting piston engine ""starter batteries"" (excl. spent)",2,EXPORT,VALUE_EUR,VALUE_EUR,2014,,92765,
dataflow,ESTAT:DS-059341(1.0),International trade of EU and non-EU countries since 2002 by HS2-4-6,A,Annual,FR,"France (incl. Saint Barthélemy 'BL' -> 2012; incl. French Guiana 'GF', Guadeloupe 'GP', Martinique 'MQ', Réunion 'RE' from 1997; incl. Mayotte 'YT' from 2014)",CN,China,850710,"Lead-acid accumulators of a kind used for starting piston engine ""starter batteries"" (excl. spent)",2,EXPORT,VALUE_EUR,VALUE_EUR,2015,,25347,
dataflow,ESTAT:DS-059341(1.0),International trade of EU and non-EU countries since 2002 by HS2-4-6,A,Annual,FR,"France (incl. Saint Barthélemy 'BL' -> 2012; incl. French Guiana 'GF', Guadeloupe 'GP', Martinique 'MQ', Réunion 'RE' from 1997; incl. Mayotte 'YT' from 2014)",CN,China,850710,"Lead-acid accumulators of a kind used for starting piston engine ""starter batteries"" (excl. spent)",2,EXPORT,VALUE_EUR,VALUE_EUR,2016,,51916,
dataflow,ESTAT:DS-059341(1.0),International trade of EU and non-EU countries since 2002 by HS2-4-6,A,Annual,FR,"France (incl. Saint Barthélemy 'BL' -> 2012; incl. French Guiana 'GF', Guadeloupe 'GP', Martinique 'MQ', Réunion 'RE' from 1997; incl. Mayotte 'YT' from 2014)",CN,China,850710,"Lead-acid accumulators of a kind used for starting piston engine ""starter batteries"" (excl. spent)",2,EXPORT,VALUE_EUR,VALUE_EUR,2017,,184327,
dataflow,ESTAT:DS-059341(1.0),International trade of EU and non-EU countries since 2002 by HS2-4-6,A,Annual,FR,"France (incl. Saint Barthélemy 'BL' -> 2012; incl. French Guiana 'GF', Guadeloupe 'GP', Martinique 'MQ', Réunion 'RE' from 1997; incl. Mayotte 'YT' from 2014)",CN,China,850710,"Lead-acid accumulators of a kind used for starting piston engine ""starter batteries"" (excl. spent)",2,EXPORT,VALUE_EUR,VALUE_EUR,2018,,350153,
dataflow,ESTAT:DS-059341(1.0),International trade of EU and non-EU countries since 2002 by HS2-4-6,A,Annual,FR,"France (incl. Saint Barthélemy 'BL' -> 2012; incl. French Guiana 'GF', Guadeloupe 'GP', Martinique 'MQ', Réunion 'RE' from 1997; incl. Mayotte 'YT' from 2014)",CN,China,850710,"Lead-acid accumulators of a kind used for starting piston engine ""starter batteries"" (excl. spent)",2,EXPORT,VALUE_EUR,VALUE_EUR,2019,,403526,
dataflow,ESTAT:DS-059341(1.0),International trade of EU and non-EU countries since 2002 by HS2-4-6,A,Annual,FR,"France (incl. Saint Barthélemy 'BL' -> 2012; incl. French Guiana 'GF', Guadeloupe 'GP', Martinique 'MQ', Réunion 'RE' from 1997; incl. Mayotte 'YT' from 2014)",CN,China,850710,"Lead-acid accumulators of a kind used for starting piston engine ""starter batteries"" (excl. spent)",2,EXPORT,VALUE_EUR,VALUE_EUR,2020,,402398,
dataflow,ESTAT:DS-059341(1.0),International trade of EU and non-EU countries since 2002 by HS2-4-6,A,Annual,FR,"France (incl. Saint Barthélemy 'BL' -> 2012; incl. French Guiana 'GF', Guadeloupe 'GP', Martinique 'MQ', Réunion 'RE' from 1997; incl. Mayotte 'YT' from 2014)",CN,China,850710,"Lead-acid accumulators of a kind used for starting piston engine ""starter batteries"" (excl. spent)",2,EXPORT,VALUE_EUR,VALUE_EUR,2021,,263725,
dataflow,ESTAT:DS-059341(1.0),International trade of EU and non-EU countries since 2002 by HS2-4-6,A,Annual,FR,"France (incl. Saint Barthélemy 'BL' -> 2012; incl. French Guiana 'GF', Guadeloupe 'GP', Martinique 'MQ', Réunion 'RE' from 1997; incl. Mayotte 'YT' from 2014)",CN,China,850710,"Lead-acid accumulators of a kind used for starting piston engine ""starter batteries"" (excl. spent)",2,EXPORT,VALUE_EUR,VALUE_EUR,2022,,234631,
dataflow,ESTAT:DS-059341(1.0),International trade of EU and non-EU countries since 2002 by HS2-4-6,A,Annual,FR,"France (incl. Saint Barthélemy 'BL' -> 2012; incl. French Guiana 'GF', Guadeloupe 'GP', Martinique 'MQ', Réunion 'RE' from 1997; incl. Mayotte 'YT' from 2014)",CN,China,850710,"Lead-acid accumulators of a kind used for starting piston engine ""starter batteries"" (excl. spent)",2,EXPORT,VALUE_EUR,VALUE_EUR,2023,,78099,
dataflow,ESTAT:DS-059341(1.0),International trade of EU and non-EU countries since 2002 by HS2-4-6,A,Annual,FR,"France (incl. Saint Barthélemy 'BL' -> 2012; incl. French Guiana 'GF', Guadeloupe 'GP', Martinique 'MQ', Réunion 'RE' from 1997; incl. Mayotte 'YT' from 2014)",CN,China,850710,"Lead-acid accumulators of a kind used for starting piston engine ""starter batteries"" (excl. spent)",2,EXPORT,VALUE_EUR,VALUE_EUR,2024,,50873,
dataflow,ESTAT:DS-059341(1.0),International trade of EU and non-EU countries since 2002 by HS2-4-6,A,Annual,FR,"France (incl. Saint Barthélemy 'BL' -> 2012; incl. French Guiana 'GF', Guadeloupe 'GP', Martinique 'MQ', Réunion 'RE' from 1997; incl. Mayotte 'YT' from 2014)",CN,China,850720,Lead acid accumulators (excl. spent and starter batteries),1,IMPORT,VALUE_EUR,VALUE_EUR,2002,,1845997,
dataflow,ESTAT:DS-059341(1.0),International trade of EU and non-EU countries since 2002 by HS2-4-6,A,Annual,FR,"France (incl. Saint Barthélemy 'BL' -> 2012; incl. French Guiana 'GF', Guadeloupe 'GP', Martinique 'MQ', Réunion 'RE' from 1997; incl. Mayotte 'YT' from 2014)",CN,China,850720,Lead acid accumulators (excl. spent and starter batteries),1,IMPORT,VALUE_EUR,VALUE_EUR,2003,,3914155,
dataflow,ESTAT:DS-059341(1.0),International trade of EU and non-EU countries since 2002 by HS2-4-6,A,Annual,FR,"France (incl. Saint Barthélemy 'BL' -> 2012; incl. French Guiana 'GF', Guadeloupe 'GP', Martinique 'MQ', Réunion 'RE' from 1997; incl. Mayotte 'YT' from 2014)",CN,China,850720,Lead acid accumulators (excl. spent and starter batteries),1,IMPORT,VALUE_EUR,VALUE_EUR,2004,,5674366,
dataflow,ESTAT:DS-059341(1.0),International trade of EU and non-EU countries since 2002 by HS2-4-6,A,Annual,FR,"France (incl. Saint Barthélemy 'BL' -> 2012; incl. French Guiana 'GF', Guadeloupe 'GP', Martinique 'MQ', Réunion 'RE' from 1997; incl. Mayotte 'YT' from 2014)",CN,China,850720,Lead acid accumulators (excl. spent and starter batteries),1,IMPORT,VALUE_EUR,VALUE_EUR,2005,,10061599,
dataflow,ESTAT:DS-059341(1.0),International trade of EU and non-EU countries since 2002 by HS2-4-6,A,Annual,FR,"France (incl. Saint Barthélemy 'BL' -> 2012; incl. French Guiana 'GF', Guadeloupe 'GP', Martinique 'MQ', Réunion 'RE' from 1997; incl. Mayotte 'YT' from 2014)",CN,China,850720,Lead acid accumulators (excl. spent and starter batteries),1,IMPORT,VALUE_EUR,VALUE_EUR,2006,,15421171,
dataflow,ESTAT:DS-059341(1.0),International trade of EU and non-EU countries since 2002 by HS2-4-6,A,Annual,FR,"France (incl. Saint Barthélemy 'BL' -> 2012; incl. French Guiana 'GF', Guadeloupe 'GP', Martinique 'MQ', Réunion 'RE' from 1997; incl. Mayotte 'YT' from 2014)",CN,China,850720,Lead acid accumulators (excl. spent and starter batteries),1,IMPORT,VALUE_EUR,VALUE_EUR,2007,,20131941,
dataflow,ESTAT:DS-059341(1.0),International trade of EU and non-EU countries since 2002 by HS2-4-6,A,Annual,FR,"France (incl. Saint Barthélemy 'BL' -> 2012; incl. French Guiana 'GF', Guadeloupe 'GP', Martinique 'MQ', Réunion 'RE' from 1997; incl. Mayotte 'YT' from 2014)",CN,China,850720,Lead acid accumulators (excl. spent and starter batteries),1,IMPORT,VALUE_EUR,VALUE_EUR,2008,,22342400,
dataflow,ESTAT:DS-059341(1.0),International trade of EU and non-EU countries since 2002 by HS2-4-6,A,Annual,FR,"France (incl. Saint Barthélemy 'BL' -> 2012; incl. French Guiana 'GF', Guadeloupe 'GP', Martinique 'MQ', Réunion 'RE' from 1997; incl. Mayotte 'YT' from 2014)",CN,China,850720,Lead acid accumulators (excl. spent and starter batteries),1,IMPORT,VALUE_EUR,VALUE_EUR,2009,,12304579,
dataflow,ESTAT:DS-059341(1.0),International trade of EU and non-EU countries since 2002 by HS2-4-6,A,Annual,FR,"France (incl. Saint Barthélemy 'BL' -> 2012; incl. French Guiana 'GF', Guadeloupe 'GP', Martinique 'MQ', Réunion 'RE' from 1997; incl. Mayotte 'YT' from 2014)",CN,China,850720,Lead acid accumulators (excl. spent and starter batteries),1,IMPORT,VALUE_EUR,VALUE_EUR,2010,,16099394,
dataflow,ESTAT:DS-059341(1.0),International trade of EU and non-EU countries since 2002 by HS2-4-6,A,Annual,FR,"France (incl. Saint Barthélemy 'BL' -> 2012; incl. French Guiana 'GF', Guadeloupe 'GP', Martinique 'MQ', Réunion 'RE' from 1997; incl. Mayotte 'YT' from 2014)",CN,China,850720,Lead acid accumulators (excl. spent and starter batteries),1,IMPORT,VALUE_EUR,VALUE_EUR,2011,,15699847,
dataflow,ESTAT:DS-059341(1.0),International trade of EU and non-EU countries since 2002 by HS2-4-6,A,Annual,FR,"France (incl. Saint Barthélemy 'BL' -> 2012; incl. French Guiana 'GF', Guadeloupe 'GP', Martinique 'MQ', Réunion 'RE' from 1997; incl. Mayotte 'YT' from 2014)",CN,China,850720,Lead acid accumulators (excl. spent and starter batteries),1,IMPORT,VALUE_EUR,VALUE_EUR,2012,,28979115,
dataflow,ESTAT:DS-059341(1.0),International trade of EU and non-EU countries since 2002 by HS2-4-6,A,Annual,FR,"France (incl. Saint Barthélemy 'BL' -> 2012; incl. French Guiana 'GF', Guadeloupe 'GP', Martinique 'MQ', Réunion 'RE' from 1997; incl. Mayotte 'YT' from 2014)",CN,China,850720,Lead acid accumulators (excl. spent and starter batteries),1,IMPORT,VALUE_EUR,VALUE_EUR,2013,,26843344,
dataflow,ESTAT:DS-059341(1.0),International trade of EU and non-EU countries since 2002 by HS2-4-6,A,Annual,FR,"France (incl. Saint Barthélemy 'BL' -> 2012; incl. French Guiana 'GF', Guadeloupe 'GP', Martinique 'MQ', Réunion 'RE' from 1997; incl. Mayotte 'YT' from 2014)",CN,China,850720,Lead acid accumulators (excl. spent and starter batteries),1,IMPORT,VALUE_EUR,VALUE_EUR,2014,,31446141,
dataflow,ESTAT:DS-059341(1.0),International trade of EU and non-EU countries since 2002 by HS2-4-6,A,Annual,FR,"France (incl. Saint Barthélemy 'BL' -> 2012; incl. French Guiana 'GF', Guadeloupe 'GP', Martinique 'MQ', Réunion 'RE' from 1997; incl. Mayotte 'YT' from 2014)",CN,China,850720,Lead acid accumulators (excl. spent and starter batteries),1,IMPORT,VALUE_EUR,VALUE_EUR,2015,,35137294,
dataflow,ESTAT:DS-059341(1.0),International trade of EU and non-EU countries since 2002 by HS2-4-6,A,Annual,FR,"France (incl. Saint Barthélemy 'BL' -> 2012; incl. French Guiana 'GF', Guadeloupe 'GP', Martinique 'MQ', Réunion 'RE' from 1997; incl. Mayotte 'YT' from 2014)",CN,China,850720,Lead acid accumulators (excl. spent and starter batteries),1,IMPORT,VALUE_EUR,VALUE_EUR,2016,,31829634,
dataflow,ESTAT:DS-059341(1.0),International trade of EU and non-EU countries since 2002 by HS2-4-6,A,Annual,FR,"France (incl. Saint Barthélemy 'BL' -> 2012; incl. French Guiana 'GF', Guadeloupe 'GP', Martinique 'MQ', Réunion 'RE' from 1997; incl. Mayotte 'YT' from 2014)",CN,China,850720,Lead acid accumulators (excl. spent and starter batteries),1,IMPORT,VALUE_EUR,VALUE_EUR,2017,,33104992,
dataflow,ESTAT:DS-059341(1.0),International trade of EU and non-EU countries since 2002 by HS2-4-6,A,Annual,FR,"France (incl. Saint Barthélemy 'BL' -> 2012; incl. French Guiana 'GF', Guadeloupe 'GP', Martinique 'MQ', Réunion 'RE' from 1997; incl. Mayotte 'YT' from 2014)",CN,China,850720,Lead acid accumulators (excl. spent and starter batteries),1,IMPORT,VALUE_EUR,VALUE_EUR,2018,,34628664,
dataflow,ESTAT:DS-059341(1.0),International trade of EU and non-EU countries since 2002 by HS2-4-6,A,Annual,FR,"France (incl. Saint Barthélemy 'BL' -> 2012; incl. French Guiana 'GF', Guadeloupe 'GP', Martinique 'MQ', Réunion 'RE' from 1997; incl. Mayotte 'YT' from 2014)",CN,China,850720,Lead acid accumulators (excl. spent and starter batteries),1,IMPORT,VALUE_EUR,VALUE_EUR,2019,,35028328,
dataflow,ESTAT:DS-059341(1.0),International trade of EU and non-EU countries since 2002 by HS2-4-6,A,Annual,FR,"France (incl. Saint Barthélemy 'BL' -> 2012; incl. French Guiana 'GF', Guadeloupe 'GP', Martinique 'MQ', Réunion 'RE' from 1997; incl. Mayotte 'YT' from 2014)",CN,China,850720,Lead acid accumulators (excl. spent and starter batteries),1,IMPORT,VALUE_EUR,VALUE_EUR,2020,,30681736,
dataflow,ESTAT:DS-059341(1.0),International trade of EU and non-EU countries since 2002 by HS2-4-6,A,Annual,FR,"France (incl. Saint Barthélemy 'BL' -> 2012; incl. French Guiana 'GF', Guadeloupe 'GP', Martinique 'MQ', Réunion 'RE' from 1997; incl. Mayotte 'YT' from 2014)",CN,China,850720,Lead acid accumulators (excl. spent and starter batteries),1,IMPORT,VALUE_EUR,VALUE_EUR,2021,,36350357,
dataflow,ESTAT:DS-059341(1.0),International trade of EU and non-EU countries since 2002 by HS2-4-6,A,Annual,FR,"France (incl. Saint Barthélemy 'BL' -> 2012; incl. French Guiana 'GF', Guadeloupe 'GP', Martinique 'MQ', Réunion 'RE' from 1997; incl. Mayotte 'YT' from 2014)",CN,China,850720,Lead acid accumulators (excl. spent and starter batteries),1,IMPORT,VALUE_EUR,VALUE_EUR,2022,,54043396,
dataflow,ESTAT:DS-059341(1.0),International trade of EU and non-EU countries since 2002 by HS2-4-6,A,Annual,FR,"France (incl. Saint Barthélemy 'BL' -> 2012; incl. French Guiana 'GF', Guadeloupe 'GP', Martinique 'MQ', Réunion 'RE' from 1997; incl. Mayotte 'YT' from 2014)",CN,China,850720,Lead acid accumulators (excl. spent and starter batteries),1,IMPORT,VALUE_EUR,VALUE_EUR,2023,,36664331,
dataflow,ESTAT:DS-059341(1.0),International trade of EU and non-EU countries since 2002 by HS2-4-6,A,Annual,FR,"France (incl. Saint Barthélemy 'BL' -> 2012; incl. French Guiana 'GF', Guadeloupe 'GP', Martinique 'MQ', Réunion 'RE' from 1997; incl. Mayotte 'YT' from 2014)",CN,China,850720,Lead acid accumulators (excl. spent and starter batteries),1,IMPORT,VALUE_EUR,VALUE_EUR,2024,,42832498,
dataflow,ESTAT:DS-059341(1.0),International trade of EU and non-EU countries since 2002 by HS2-4-6,A,Annual,FR,"France (incl. Saint Barthélemy 'BL' -> 2012; incl. French Guiana 'GF', Guadeloupe 'GP', Martinique 'MQ', Réunion 'RE' from 1997; incl. Mayotte 'YT' from 2014)",CN,China,850720,Lead acid accumulators (excl. spent and starter batteries),2,EXPORT,VALUE_EUR,VALUE_EUR,2002,,555566,
dataflow,ESTAT:DS-059341(1.0),International trade of EU and non-EU countries since 2002 by HS2-4-6,A,Annual,FR,"France (incl. Saint Barthélemy 'BL' -> 2012; incl. French Guiana 'GF', Guadeloupe 'GP', Martinique 'MQ', Réunion 'RE' from 1997; incl. Mayotte 'YT' from 2014)",CN,China,850720,Lead acid accumulators (excl. spent and starter batteries),2,EXPORT,VALUE_EUR,VALUE_EUR,2003,,2410558,
dataflow,ESTAT:DS-059341(1.0),International trade of EU and non-EU countries since 2002 by HS2-4-6,A,Annual,FR,"France (incl. Saint Barthélemy 'BL' -> 2012; incl. French Guiana 'GF', Guadeloupe 'GP', Martinique 'MQ', Réunion 'RE' from 1997; incl. Mayotte 'YT' from 2014)",CN,China,850720,Lead acid accumulators (excl. spent and starter batteries),2,EXPORT,VALUE_EUR,VALUE_EUR,2004,,780437,
dataflow,ESTAT:DS-059341(1.0),International trade of EU and non-EU countries since 2002 by HS2-4-6,A,Annual,FR,"France (incl. Saint Barthélemy 'BL' -> 2012; incl. French Guiana 'GF', Guadeloupe 'GP', Martinique 'MQ', Réunion 'RE' from 1997; incl. Mayotte 'YT' from 2014)",CN,China,850720,Lead acid accumulators (excl. spent and starter batteries),2,EXPORT,VALUE_EUR,VALUE_EUR,2005,,738998,
dataflow,ESTAT:DS-059341(1.0),International trade of EU and non-EU countries since 2002 by HS2-4-6,A,Annual,FR,"France (incl. Saint Barthélemy 'BL' -> 2012; incl. French Guiana 'GF', Guadeloupe 'GP', Martinique 'MQ', Réunion 'RE' from 1997; incl. Mayotte 'YT' from 2014)",CN,China,850720,Lead acid accumulators (excl. spent and starter batteries),2,EXPORT,VALUE_EUR,VALUE_EUR,2006,,1615066,
dataflow,ESTAT:DS-059341(1.0),International trade of EU and non-EU countries since 2002 by HS2-4-6,A,Annual,FR,"France (incl. Saint Barthélemy 'BL' -> 2012; incl. French Guiana 'GF', Guadeloupe 'GP', Martinique 'MQ', Réunion 'RE' from 1997; incl. Mayotte 'YT' from 2014)",CN,China,850720,Lead acid accumulators (excl. spent and starter batteries),2,EXPORT,VALUE_EUR,VALUE_EUR,2007,,814253,
dataflow,ESTAT:DS-059341(1.0),International trade of EU and non-EU countries since 2002 by HS2-4-6,A,Annual,FR,"France (incl. Saint Barthélemy 'BL' -> 2012; incl. French Guiana 'GF', Guadeloupe 'GP', Martinique 'MQ', Réunion 'RE' from 1997; incl. Mayotte 'YT' from 2014)",CN,China,850720,Lead acid accumulators (excl. spent and starter batteries),2,EXPORT,VALUE_EUR,VALUE_EUR,2008,,439354,
dataflow,ESTAT:DS-059341(1.0),International trade of EU and non-EU countries since 2002 by HS2-4-6,A,Annual,FR,"France (incl. Saint Barthélemy 'BL' -> 2012; incl. French Guiana 'GF', Guadeloupe 'GP', Martinique 'MQ', Réunion 'RE' from 1997; incl. Mayotte 'YT' from 2014)",CN,China,850720,Lead acid accumulators (excl. spent and starter batteries),2,EXPORT,VALUE_EUR,VALUE_EUR,2009,,398083,
dataflow,ESTAT:DS-059341(1.0),International trade of EU and non-EU countries since 2002 by HS2-4-6,A,Annual,FR,"France (incl. Saint Barthélemy 'BL' -> 2012; incl. French Guiana 'GF', Guadeloupe 'GP', Martinique 'MQ', Réunion 'RE' from 1997; incl. Mayotte 'YT' from 2014)",CN,China,850720,Lead acid accumulators (excl. spent and starter batteries),2,EXPORT,VALUE_EUR,VALUE_EUR,2010,,405258,
dataflow,ESTAT:DS-059341(1.0),International trade of EU and non-EU countries since 2002 by HS2-4-6,A,Annual,FR,"France (incl. Saint Barthélemy 'BL' -> 2012; incl. French Guiana 'GF', Guadeloupe 'GP', Martinique 'MQ', Réunion 'RE' from 1997; incl. Mayotte 'YT' from 2014)",CN,China,850720,Lead acid accumulators (excl. spent and starter batteries),2,EXPORT,VALUE_EUR,VALUE_EUR,2011,,34697,
dataflow,ESTAT:DS-059341(1.0),International trade of EU and non-EU countries since 2002 by HS2-4-6,A,Annual,FR,"France (incl. Saint Barthélemy 'BL' -> 2012; incl. French Guiana 'GF', Guadeloupe 'GP', Martinique 'MQ', Réunion 'RE' from 1997; incl. Mayotte 'YT' from 2014)",CN,China,850720,Lead acid accumulators (excl. spent and starter batteries),2,EXPORT,VALUE_EUR,VALUE_EUR,2012,,821747,
dataflow,ESTAT:DS-059341(1.0),International trade of EU and non-EU countries since 2002 by HS2-4-6,A,Annual,FR,"France (incl. Saint Barthélemy 'BL' -> 2012; incl. French Guiana 'GF', Guadeloupe 'GP', Martinique 'MQ', Réunion 'RE' from 1997; incl. Mayotte 'YT' from 2014)",CN,China,850720,Lead acid accumulators (excl. spent and starter batteries),2,EXPORT,VALUE_EUR,VALUE_EUR,2013,,277943,
dataflow,ESTAT:DS-059341(1.0),International trade of EU and non-EU countries since 2002 by HS2-4-6,A,Annual,FR,"France (incl. Saint Barthélemy 'BL' -> 2012; incl. French Guiana 'GF', Guadeloupe 'GP', Martinique 'MQ', Réunion 'RE' from 1997; incl. Mayotte 'YT' from 2014)",CN,China,850720,Lead acid accumulators (excl. spent and starter batteries),2,EXPORT,VALUE_EUR,VALUE_EUR,2014,,825736,
dataflow,ESTAT:DS-059341(1.0),International trade of EU and non-EU countries since 2002 by HS2-4-6,A,Annual,FR,"France (incl. Saint Barthélemy 'BL' -> 2012; incl. French Guiana 'GF', Guadeloupe 'GP', Martinique 'MQ', Réunion 'RE' from 1997; incl. Mayotte 'YT' from 2014)",CN,China,850720,Lead acid accumulators (excl. spent and starter batteries),2,EXPORT,VALUE_EUR,VALUE_EUR,2015,,152969,
dataflow,ESTAT:DS-059341(1.0),International trade of EU and non-EU countries since 2002 by HS2-4-6,A,Annual,FR,"France (incl. Saint Barthélemy 'BL' -> 2012; incl. French Guiana 'GF', Guadeloupe 'GP', Martinique 'MQ', Réunion 'RE' from 1997; incl. Mayotte 'YT' from 2014)",CN,China,850720,Lead acid accumulators (excl. spent and starter batteries),2,EXPORT,VALUE_EUR,VALUE_EUR,2016,,324374,
dataflow,ESTAT:DS-059341(1.0),International trade of EU and non-EU countries since 2002 by HS2-4-6,A,Annual,FR,"France (incl. Saint Barthélemy 'BL' -> 2012; incl. French Guiana 'GF', Guadeloupe 'GP', Martinique 'MQ', Réunion 'RE' from 1997; incl. Mayotte 'YT' from 2014)",CN,China,850720,Lead acid accumulators (excl. spent and starter batteries),2,EXPORT,VALUE_EUR,VALUE_EUR,2017,,781120,
dataflow,ESTAT:DS-059341(1.0),International trade of EU and non-EU countries since 2002 by HS2-4-6,A,Annual,FR,"France (incl. Saint Barthélemy 'BL' -> 2012; incl. French Guiana 'GF', Guadeloupe 'GP', Martinique 'MQ', Réunion 'RE' from 1997; incl. Mayotte 'YT' from 2014)",CN,China,850720,Lead acid accumulators (excl. spent and starter batteries),2,EXPORT,VALUE_EUR,VALUE_EUR,2018,,450027,
dataflow,ESTAT:DS-059341(1.0),International trade of EU and non-EU countries since 2002 by HS2-4-6,A,Annual,FR,"France (incl. Saint Barthélemy 'BL' -> 2012; incl. French Guiana 'GF', Guadeloupe 'GP', Martinique 'MQ', Réunion 'RE' from 1997; incl. Mayotte 'YT' from 2014)",CN,China,850720,Lead acid accumulators (excl. spent and starter batteries),2,EXPORT,VALUE_EUR,VALUE_EUR,2019,,315356,
dataflow,ESTAT:DS-059341(1.0),International trade of EU and non-EU countries since 2002 by HS2-4-6,A,Annual,FR,"France (incl. Saint Barthélemy 'BL' -> 2012; incl. French Guiana 'GF', Guadeloupe 'GP', Martinique 'MQ', Réunion 'RE' from 1997; incl. Mayotte 'YT' from 2014)",CN,China,850720,Lead acid accumulators (excl. spent and starter batteries),2,EXPORT,VALUE_EUR,VALUE_EUR,2020,,406468,
dataflow,ESTAT:DS-059341(1.0),International trade of EU and non-EU countries since 2002 by HS2-4-6,A,Annual,FR,"France (incl. Saint Barthélemy 'BL' -> 2012; incl. French Guiana 'GF', Guadeloupe 'GP', Martinique 'MQ', Réunion 'RE' from 1997; incl. Mayotte 'YT' from 2014)",CN,China,850720,Lead acid accumulators (excl. spent and starter batteries),2,EXPORT,VALUE_EUR,VALUE_EUR,2021,,299871,
dataflow,ESTAT:DS-059341(1.0),International trade of EU and non-EU countries since 2002 by HS2-4-6,A,Annual,FR,"France (incl. Saint Barthélemy 'BL' -> 2012; incl. French Guiana 'GF', Guadeloupe 'GP', Martinique 'MQ', Réunion 'RE' from 1997; incl. Mayotte 'YT' from 2014)",CN,China,850720,Lead acid accumulators (excl. spent and starter batteries),2,EXPORT,VALUE_EUR,VALUE_EUR,2022,,340605,
dataflow,ESTAT:DS-059341(1.0),International trade of EU and non-EU countries since 2002 by HS2-4-6,A,Annual,FR,"France (incl. Saint Barthélemy 'BL' -> 2012; incl. French Guiana 'GF', Guadeloupe 'GP', Martinique 'MQ', Réunion 'RE' from 1997; incl. Mayotte 'YT' from 2014)",CN,China,850720,Lead acid accumulators (excl. spent and starter batteries),2,EXPORT,VALUE_EUR,VALUE_EUR,2023,,496284,
dataflow,ESTAT:DS-059341(1.0),International trade of EU and non-EU countries since 2002 by HS2-4-6,A,Annual,FR,"France (incl. Saint Barthélemy 'BL' -> 2012; incl. French Guiana 'GF', Guadeloupe 'GP', Martinique 'MQ', Réunion 'RE' from 1997; incl. Mayotte 'YT' from 2014)",CN,China,850720,Lead acid accumulators (excl. spent and starter batteries),2,EXPORT,VALUE_EUR,VALUE_EUR,2024,,337965,
dataflow,ESTAT:DS-059341(1.0),International trade of EU and non-EU countries since 2002 by HS2-4-6,A,Annual,FR,"France (incl. Saint Barthélemy 'BL' -> 2012; incl. French Guiana 'GF', Guadeloupe 'GP', Martinique 'MQ', Réunion 'RE' from 1997; incl. Mayotte 'YT' from 2014)",CN,China,850730,Nickel-cadmium accumulators (excl. spent),1,IMPORT,VALUE_EUR,VALUE_EUR,2002,,4880404,
dataflow,ESTAT:DS-059341(1.0),International trade of EU and non-EU countries since 2002 by HS2-4-6,A,Annual,FR,"France (incl. Saint Barthélemy 'BL' -> 2012; incl. French Guiana 'GF', Guadeloupe 'GP', Martinique 'MQ', Réunion 'RE' from 1997; incl. Mayotte 'YT' from 2014)",CN,China,850730,Nickel-cadmium accumulators (excl. spent),1,IMPORT,VALUE_EUR,VALUE_EUR,2003,,4552498,
dataflow,ESTAT:DS-059341(1.0),International trade of EU and non-EU countries since 2002 by HS2-4-6,A,Annual,FR,"France (incl. Saint Barthélemy 'BL' -> 2012; incl. French Guiana 'GF', Guadeloupe 'GP', Martinique 'MQ', Réunion 'RE' from 1997; incl. Mayotte 'YT' from 2014)",CN,China,850730,Nickel-cadmium accumulators (excl. spent),1,IMPORT,VALUE_EUR,VALUE_EUR,2004,,4244766,
dataflow,ESTAT:DS-059341(1.0),International trade of EU and non-EU countries since 2002 by HS2-4-6,A,Annual,FR,"France (incl. Saint Barthélemy 'BL' -> 2012; incl. French Guiana 'GF', Guadeloupe 'GP', Martinique 'MQ', Réunion 'RE' from 1997; incl. Mayotte 'YT' from 2014)",CN,China,850730,Nickel-cadmium accumulators (excl. spent),1,IMPORT,VALUE_EUR,VALUE_EUR,2005,,3558023,
dataflow,ESTAT:DS-059341(1.0),International trade of EU and non-EU countries since 2002 by HS2-4-6,A,Annual,FR,"France (incl. Saint Barthélemy 'BL' -> 2012; incl. French Guiana 'GF', Guadeloupe 'GP', Martinique 'MQ', Réunion 'RE' from 1997; incl. Mayotte 'YT' from 2014)",CN,China,850730,Nickel-cadmium accumulators (excl. spent),1,IMPORT,VALUE_EUR,VALUE_EUR,2006,,3572888,
dataflow,ESTAT:DS-059341(1.0),International trade of EU and non-EU countries since 2002 by HS2-4-6,A,Annual,FR,"France (incl. Saint Barthélemy 'BL' -> 2012; incl. French Guiana 'GF', Guadeloupe 'GP', Martinique 'MQ', Réunion 'RE' from 1997; incl. Mayotte 'YT' from 2014)",CN,China,850730,Nickel-cadmium accumulators (excl. spent),1,IMPORT,VALUE_EUR,VALUE_EUR,2007,,2619572,
dataflow,ESTAT:DS-059341(1.0),International trade of EU and non-EU countries since 2002 by HS2-4-6,A,Annual,FR,"France (incl. Saint Barthélemy 'BL' -> 2012; incl. French Guiana 'GF', Guadeloupe 'GP', Martinique 'MQ', Réunion 'RE' from 1997; incl. Mayotte 'YT' from 2014)",CN,China,850730,Nickel-cadmium accumulators (excl. spent),1,IMPORT,VALUE_EUR,VALUE_EUR,2008,,2954435,
dataflow,ESTAT:DS-059341(1.0),International trade of EU and non-EU countries since 2002 by HS2-4-6,A,Annual,FR,"France (incl. Saint Barthélemy 'BL' -> 2012; incl. French Guiana 'GF', Guadeloupe 'GP', Martinique 'MQ', Réunion 'RE' from 1997; incl. Mayotte 'YT' from 2014)",CN,China,850730,Nickel-cadmium accumulators (excl. spent),1,IMPORT,VALUE_EUR,VALUE_EUR,2009,,1503409,
dataflow,ESTAT:DS-059341(1.0),International trade of EU and non-EU countries since 2002 by HS2-4-6,A,Annual,FR,"France (incl. Saint Barthélemy 'BL' -> 2012; incl. French Guiana 'GF', Guadeloupe 'GP', Martinique 'MQ', Réunion 'RE' from 1997; incl. Mayotte 'YT' from 2014)",CN,China,850730,Nickel-cadmium accumulators (excl. spent),1,IMPORT,VALUE_EUR,VALUE_EUR,2010,,2219885,
dataflow,ESTAT:DS-059341(1.0),International trade of EU and non-EU countries since 2002 by HS2-4-6,A,Annual,FR,"France (incl. Saint Barthélemy 'BL' -> 2012; incl. French Guiana 'GF', Guadeloupe 'GP', Martinique 'MQ', Réunion 'RE' from 1997; incl. Mayotte 'YT' from 2014)",CN,China,850730,Nickel-cadmium accumulators (excl. spent),1,IMPORT,VALUE_EUR,VALUE_EUR,2011,,2566635,
dataflow,ESTAT:DS-059341(1.0),International trade of EU and non-EU countries since 2002 by HS2-4-6,A,Annual,FR,"France (incl. Saint Barthélemy 'BL' -> 2012; incl. French Guiana 'GF', Guadeloupe 'GP', Martinique 'MQ', Réunion 'RE' from 1997; incl. Mayotte 'YT' from 2014)",CN,China,850730,Nickel-cadmium accumulators (excl. spent),1,IMPORT,VALUE_EUR,VALUE_EUR,2012,,1544258,
dataflow,ESTAT:DS-059341(1.0),International trade of EU and non-EU countries since 2002 by HS2-4-6,A,Annual,FR,"France (incl. Saint Barthélemy 'BL' -> 2012; incl. French Guiana 'GF', Guadeloupe 'GP', Martinique 'MQ', Réunion 'RE' from 1997; incl. Mayotte 'YT' from 2014)",CN,China,850730,Nickel-cadmium accumulators (excl. spent),1,IMPORT,VALUE_EUR,VALUE_EUR,2013,,1935160,
dataflow,ESTAT:DS-059341(1.0),International trade of EU and non-EU countries since 2002 by HS2-4-6,A,Annual,FR,"France (incl. Saint Barthélemy 'BL' -> 2012; incl. French Guiana 'GF', Guadeloupe 'GP', Martinique 'MQ', Réunion 'RE' from 1997; incl. Mayotte 'YT' from 2014)",CN,China,850730,Nickel-cadmium accumulators (excl. spent),1,IMPORT,VALUE_EUR,VALUE_EUR,2014,,1421928,
dataflow,ESTAT:DS-059341(1.0),International trade of EU and non-EU countries since 2002 by HS2-4-6,A,Annual,FR,"France (incl. Saint Barthélemy 'BL' -> 2012; incl. French Guiana 'GF', Guadeloupe 'GP', Martinique 'MQ', Réunion 'RE' from 1997; incl. Mayotte 'YT' from 2014)",CN,China,850730,Nickel-cadmium accumulators (excl. spent),1,IMPORT,VALUE_EUR,VALUE_EUR,2015,,1598424,
dataflow,ESTAT:DS-059341(1.0),International trade of EU and non-EU countries since 2002 by HS2-4-6,A,Annual,FR,"France (incl. Saint Barthélemy 'BL' -> 2012; incl. French Guiana 'GF', Guadeloupe 'GP', Martinique 'MQ', Réunion 'RE' from 1997; incl. Mayotte 'YT' from 2014)",CN,China,850730,Nickel-cadmium accumulators (excl. spent),1,IMPORT,VALUE_EUR,VALUE_EUR,2016,,2398920,
dataflow,ESTAT:DS-059341(1.0),International trade of EU and non-EU countries since 2002 by HS2-4-6,A,Annual,FR,"France (incl. Saint Barthélemy 'BL' -> 2012; incl. French Guiana 'GF', Guadeloupe 'GP', Martinique 'MQ', Réunion 'RE' from 1997; incl. Mayotte 'YT' from 2014)",CN,China,850730,Nickel-cadmium accumulators (excl. spent),1,IMPORT,VALUE_EUR,VALUE_EUR,2017,,1816731,
dataflow,ESTAT:DS-059341(1.0),International trade of EU and non-EU countries since 2002 by HS2-4-6,A,Annual,FR,"France (incl. Saint Barthélemy 'BL' -> 2012; incl. French Guiana 'GF', Guadeloupe 'GP', Martinique 'MQ', Réunion 'RE' from 1997; incl. Mayotte 'YT' from 2014)",CN,China,850730,Nickel-cadmium accumulators (excl. spent),1,IMPORT,VALUE_EUR,VALUE_EUR,2018,,1614164,
dataflow,ESTAT:DS-059341(1.0),International trade of EU and non-EU countries since 2002 by HS2-4-6,A,Annual,FR,"France (incl. Saint Barthélemy 'BL' -> 2012; incl. French Guiana 'GF', Guadeloupe 'GP', Martinique 'MQ', Réunion 'RE' from 1997; incl. Mayotte 'YT' from 2014)",CN,China,850730,Nickel-cadmium accumulators (excl. spent),1,IMPORT,VALUE_EUR,VALUE_EUR,2019,,890475,
dataflow,ESTAT:DS-059341(1.0),International trade of EU and non-EU countries since 2002 by HS2-4-6,A,Annual,FR,"France (incl. Saint Barthélemy 'BL' -> 2012; incl. French Guiana 'GF', Guadeloupe 'GP', Martinique 'MQ', Réunion 'RE' from 1997; incl. Mayotte 'YT' from 2014)",CN,China,850730,Nickel-cadmium accumulators (excl. spent),1,IMPORT,VALUE_EUR,VALUE_EUR,2020,,638759,
dataflow,ESTAT:DS-059341(1.0),International trade of EU and non-EU countries since 2002 by HS2-4-6,A,Annual,FR,"France (incl. Saint Barthélemy 'BL' -> 2012; incl. French Guiana 'GF', Guadeloupe 'GP', Martinique 'MQ', Réunion 'RE' from 1997; incl. Mayotte 'YT' from 2014)",CN,China,850730,Nickel-cadmium accumulators (excl. spent),1,IMPORT,VALUE_EUR,VALUE_EUR,2021,,2314225,
dataflow,ESTAT:DS-059341(1.0),International trade of EU and non-EU countries since 2002 by HS2-4-6,A,Annual,FR,"France (incl. Saint Barthélemy 'BL' -> 2012; incl. French Guiana 'GF', Guadeloupe 'GP', Martinique 'MQ', Réunion 'RE' from 1997; incl. Mayotte 'YT' from 2014)",CN,China,850730,Nickel-cadmium accumulators (excl. spent),1,IMPORT,VALUE_EUR,VALUE_EUR,2022,,1647549,
dataflow,ESTAT:DS-059341(1.0),International trade of EU and non-EU countries since 2002 by HS2-4-6,A,Annual,FR,"France (incl. Saint Barthélemy 'BL' -> 2012; incl. French Guiana 'GF', Guadeloupe 'GP', Martinique 'MQ', Réunion 'RE' from 1997; incl. Mayotte 'YT' from 2014)",CN,China,850730,Nickel-cadmium accumulators (excl. spent),1,IMPORT,VALUE_EUR,VALUE_EUR,2023,,2558704,
dataflow,ESTAT:DS-059341(1.0),International trade of EU and non-EU countries since 2002 by HS2-4-6,A,Annual,FR,"France (incl. Saint Barthélemy 'BL' -> 2012; incl. French Guiana 'GF', Guadeloupe 'GP', Martinique 'MQ', Réunion 'RE' from 1997; incl. Mayotte 'YT' from 2014)",CN,China,850730,Nickel-cadmium accumulators (excl. spent),1,IMPORT,VALUE_EUR,VALUE_EUR,2024,,3884298,
dataflow,ESTAT:DS-059341(1.0),International trade of EU and non-EU countries since 2002 by HS2-4-6,A,Annual,FR,"France (incl. Saint Barthélemy 'BL' -> 2012; incl. French Guiana 'GF', Guadeloupe 'GP', Martinique 'MQ', Réunion 'RE' from 1997; incl. Mayotte 'YT' from 2014)",CN,China,850730,Nickel-cadmium accumulators (excl. spent),2,EXPORT,VALUE_EUR,VALUE_EUR,2002,,231262,
dataflow,ESTAT:DS-059341(1.0),International trade of EU and non-EU countries since 2002 by HS2-4-6,A,Annual,FR,"France (incl. Saint Barthélemy 'BL' -> 2012; incl. French Guiana 'GF', Guadeloupe 'GP', Martinique 'MQ', Réunion 'RE' from 1997; incl. Mayotte 'YT' from 2014)",CN,China,850730,Nickel-cadmium accumulators (excl. spent),2,EXPORT,VALUE_EUR,VALUE_EUR,2003,,604371,
dataflow,ESTAT:DS-059341(1.0),International trade of EU and non-EU countries since 2002 by HS2-4-6,A,Annual,FR,"France (incl. Saint Barthélemy 'BL' -> 2012; incl. French Guiana 'GF', Guadeloupe 'GP', Martinique 'MQ', Réunion 'RE' from 1997; incl. Mayotte 'YT' from 2014)",CN,China,850730,Nickel-cadmium accumulators (excl. spent),2,EXPORT,VALUE_EUR,VALUE_EUR,2004,,3263821,
dataflow,ESTAT:DS-059341(1.0),International trade of EU and non-EU countries since 2002 by HS2-4-6,A,Annual,FR,"France (incl. Saint Barthélemy 'BL' -> 2012; incl. French Guiana 'GF', Guadeloupe 'GP', Martinique 'MQ', Réunion 'RE' from 1997; incl. Mayotte 'YT' from 2014)",CN,China,850730,Nickel-cadmium accumulators (excl. spent),2,EXPORT,VALUE_EUR,VALUE_EUR,2005,,646898,
dataflow,ESTAT:DS-059341(1.0),International trade of EU and non-EU countries since 2002 by HS2-4-6,A,Annual,FR,"France (incl. Saint Barthélemy 'BL' -> 2012; incl. French Guiana 'GF', Guadeloupe 'GP', Martinique 'MQ', Réunion 'RE' from 1997; incl. Mayotte 'YT' from 2014)",CN,China,850730,Nickel-cadmium accumulators (excl. spent),2,EXPORT,VALUE_EUR,VALUE_EUR,2006,,2365233,
dataflow,ESTAT:DS-059341(1.0),International trade of EU and non-EU countries since 2002 by HS2-4-6,A,Annual,FR,"France (incl. Saint Barthélemy 'BL' -> 2012; incl. French Guiana 'GF', Guadeloupe 'GP', Martinique 'MQ', Réunion 'RE' from 1997; incl. Mayotte 'YT' from 2014)",CN,China,850730,Nickel-cadmium accumulators (excl. spent),2,EXPORT,VALUE_EUR,VALUE_EUR,2007,,2937336,
dataflow,ESTAT:DS-059341(1.0),International trade of EU and non-EU countries since 2002 by HS2-4-6,A,Annual,FR,"France (incl. Saint Barthélemy 'BL' -> 2012; incl. French Guiana 'GF', Guadeloupe 'GP', Martinique 'MQ', Réunion 'RE' from 1997; incl. Mayotte 'YT' from 2014)",CN,China,850730,Nickel-cadmium accumulators (excl. spent),2,EXPORT,VALUE_EUR,VALUE_EUR,2008,,1812285,
dataflow,ESTAT:DS-059341(1.0),International trade of EU and non-EU countries since 2002 by HS2-4-6,A,Annual,FR,"France (incl. Saint Barthélemy 'BL' -> 2012; incl. French Guiana 'GF', Guadeloupe 'GP', Martinique 'MQ', Réunion 'RE' from 1997; incl. Mayotte 'YT' from 2014)",CN,China,850730,Nickel-cadmium accumulators (excl. spent),2,EXPORT,VALUE_EUR,VALUE_EUR,2009,,3808961,
dataflow,ESTAT:DS-059341(1.0),International trade of EU and non-EU countries since 2002 by HS2-4-6,A,Annual,FR,"France (incl. Saint Barthélemy 'BL' -> 2012; incl. French Guiana 'GF', Guadeloupe 'GP', Martinique 'MQ', Réunion 'RE' from 1997; incl. Mayotte 'YT' from 2014)",CN,China,850730,Nickel-cadmium accumulators (excl. spent),2,EXPORT,VALUE_EUR,VALUE_EUR,2010,,4405739,
dataflow,ESTAT:DS-059341(1.0),International trade of EU and non-EU countries since 2002 by HS2-4-6,A,Annual,FR,"France (incl. Saint Barthélemy 'BL' -> 2012; incl. French Guiana 'GF', Guadeloupe 'GP', Martinique 'MQ', Réunion 'RE' from 1997; incl. Mayotte 'YT' from 2014)",CN,China,850730,Nickel-cadmium accumulators (excl. spent),2,EXPORT,VALUE_EUR,VALUE_EUR,2011,,5054370,
dataflow,ESTAT:DS-059341(1.0),International trade of EU and non-EU countries since 2002 by HS2-4-6,A,Annual,FR,"France (incl. Saint Barthélemy 'BL' -> 2012; incl. French Guiana 'GF', Guadeloupe 'GP', Martinique 'MQ', Réunion 'RE' from 1997; incl. Mayotte 'YT' from 2014)",CN,China,850730,Nickel-cadmium accumulators (excl. spent),2,EXPORT,VALUE_EUR,VALUE_EUR,2012,,2460113,
dataflow,ESTAT:DS-059341(1.0),International trade of EU and non-EU countries since 2002 by HS2-4-6,A,Annual,FR,"France (incl. Saint Barthélemy 'BL' -> 2012; incl. French Guiana 'GF', Guadeloupe 'GP', Martinique 'MQ', Réunion 'RE' from 1997; incl. Mayotte 'YT' from 2014)",CN,China,850730,Nickel-cadmium accumulators (excl. spent),2,EXPORT,VALUE_EUR,VALUE_EUR,2013,,5948542,
dataflow,ESTAT:DS-059341(1.0),International trade of EU and non-EU countries since 2002 by HS2-4-6,A,Annual,FR,"France (incl. Saint Barthélemy 'BL' -> 2012; incl. French Guiana 'GF', Guadeloupe 'GP', Martinique 'MQ', Réunion 'RE' from 1997; incl. Mayotte 'YT' from 2014)",CN,China,850730,Nickel-cadmium accumulators (excl. spent),2,EXPORT,VALUE_EUR,VALUE_EUR,2014,,7408503,
dataflow,ESTAT:DS-059341(1.0),International trade of EU and non-EU countries since 2002 by HS2-4-6,A,Annual,FR,"France (incl. Saint Barthélemy 'BL' -> 2012; incl. French Guiana 'GF', Guadeloupe 'GP', Martinique 'MQ', Réunion 'RE' from 1997; incl. Mayotte 'YT' from 2014)",CN,China,850730,Nickel-cadmium accumulators (excl. spent),2,EXPORT,VALUE_EUR,VALUE_EUR,2015,,6087139,
dataflow,ESTAT:DS-059341(1.0),International trade of EU and non-EU countries since 2002 by HS2-4-6,A,Annual,FR,"France (incl. Saint Barthélemy 'BL' -> 2012; incl. French Guiana 'GF', Guadeloupe 'GP', Martinique 'MQ', Réunion 'RE' from 1997; incl. Mayotte 'YT' from 2014)",CN,China,850730,Nickel-cadmium accumulators (excl. spent),2,EXPORT,VALUE_EUR,VALUE_EUR,2016,,7702901,
dataflow,ESTAT:DS-059341(1.0),International trade of EU and non-EU countries since 2002 by HS2-4-6,A,Annual,FR,"France (incl. Saint Barthélemy 'BL' -> 2012; incl. French Guiana 'GF', Guadeloupe 'GP', Martinique 'MQ', Réunion 'RE' from 1997; incl. Mayotte 'YT' from 2014)",CN,China,850730,Nickel-cadmium accumulators (excl. spent),2,EXPORT,VALUE_EUR,VALUE_EUR,2017,,7146344,
dataflow,ESTAT:DS-059341(1.0),International trade of EU and non-EU countries since 2002 by HS2-4-6,A,Annual,FR,"France (incl. Saint Barthélemy 'BL' -> 2012; incl. French Guiana 'GF', Guadeloupe 'GP', Martinique 'MQ', Réunion 'RE' from 1997; incl. Mayotte 'YT' from 2014)",CN,China,850730,Nickel-cadmium accumulators (excl. spent),2,EXPORT,VALUE_EUR,VALUE_EUR,2018,,9457982,
dataflow,ESTAT:DS-059341(1.0),International trade of EU and non-EU countries since 2002 by HS2-4-6,A,Annual,FR,"France (incl. Saint Barthélemy 'BL' -> 2012; incl. French Guiana 'GF', Guadeloupe 'GP', Martinique 'MQ', Réunion 'RE' from 1997; incl. Mayotte 'YT' from 2014)",CN,China,850730,Nickel-cadmium accumulators (excl. spent),2,EXPORT,VALUE_EUR,VALUE_EUR,2019,,9889942,
dataflow,ESTAT:DS-059341(1.0),International trade of EU and non-EU countries since 2002 by HS2-4-6,A,Annual,FR,"France (incl. Saint Barthélemy 'BL' -> 2012; incl. French Guiana 'GF', Guadeloupe 'GP', Martinique 'MQ', Réunion 'RE' from 1997; incl. Mayotte 'YT' from 2014)",CN,China,850730,Nickel-cadmium accumulators (excl. spent),2,EXPORT,VALUE_EUR,VALUE_EUR,2020,,1785786,
dataflow,ESTAT:DS-059341(1.0),International trade of EU and non-EU countries since 2002 by HS2-4-6,A,Annual,FR,"France (incl. Saint Barthélemy 'BL' -> 2012; incl. French Guiana 'GF', Guadeloupe 'GP', Martinique 'MQ', Réunion 'RE' from 1997; incl. Mayotte 'YT' from 2014)",CN,China,850730,Nickel-cadmium accumulators (excl. spent),2,EXPORT,VALUE_EUR,VALUE_EUR,2021,,1540396,
dataflow,ESTAT:DS-059341(1.0),International trade of EU and non-EU countries since 2002 by HS2-4-6,A,Annual,FR,"France (incl. Saint Barthélemy 'BL' -> 2012; incl. French Guiana 'GF', Guadeloupe 'GP', Martinique 'MQ', Réunion 'RE' from 1997; incl. Mayotte 'YT' from 2014)",CN,China,850730,Nickel-cadmium accumulators (excl. spent),2,EXPORT,VALUE_EUR,VALUE_EUR,2022,,2285731,
dataflow,ESTAT:DS-059341(1.0),International trade of EU and non-EU countries since 2002 by HS2-4-6,A,Annual,FR,"France (incl. Saint Barthélemy 'BL' -> 2012; incl. French Guiana 'GF', Guadeloupe 'GP', Martinique 'MQ', Réunion 'RE' from 1997; incl. Mayotte 'YT' from 2014)",CN,China,850730,Nickel-cadmium accumulators (excl. spent),2,EXPORT,VALUE_EUR,VALUE_EUR,2023,,2545599,
dataflow,ESTAT:DS-059341(1.0),International trade of EU and non-EU countries since 2002 by HS2-4-6,A,Annual,FR,"France (incl. Saint Barthélemy 'BL' -> 2012; incl. French Guiana 'GF', Guadeloupe 'GP', Martinique 'MQ', Réunion 'RE' from 1997; incl. Mayotte 'YT' from 2014)",CN,China,850730,Nickel-cadmium accumulators (excl. spent),2,EXPORT,VALUE_EUR,VALUE_EUR,2024,,1997555,
dataflow,ESTAT:DS-059341(1.0),International trade of EU and non-EU countries since 2002 by HS2-4-6,A,Annual,FR,"France (incl. Saint Barthélemy 'BL' -> 2012; incl. French Guiana 'GF', Guadeloupe 'GP', Martinique 'MQ', Réunion 'RE' from 1997; incl. Mayotte 'YT' from 2014)",CN,China,850740,Nickel-iron accumulators (excl. spent),1,IMPORT,VALUE_EUR,VALUE_EUR,2002,,33441,
dataflow,ESTAT:DS-059341(1.0),International trade of EU and non-EU countries since 2002 by HS2-4-6,A,Annual,FR,"France (incl. Saint Barthélemy 'BL' -> 2012; incl. French Guiana 'GF', Guadeloupe 'GP', Martinique 'MQ', Réunion 'RE' from 1997; incl. Mayotte 'YT' from 2014)",CN,China,850740,Nickel-iron accumulators (excl. spent),1,IMPORT,VALUE_EUR,VALUE_EUR,2003,,65340,
dataflow,ESTAT:DS-059341(1.0),International trade of EU and non-EU countries since 2002 by HS2-4-6,A,Annual,FR,"France (incl. Saint Barthélemy 'BL' -> 2012; incl. French Guiana 'GF', Guadeloupe 'GP', Martinique 'MQ', Réunion 'RE' from 1997; incl. Mayotte 'YT' from 2014)",CN,China,850740,Nickel-iron accumulators (excl. spent),1,IMPORT,VALUE_EUR,VALUE_EUR,2004,,249851,
dataflow,ESTAT:DS-059341(1.0),International trade of EU and non-EU countries since 2002 by HS2-4-6,A,Annual,FR,"France (incl. Saint Barthélemy 'BL' -> 2012; incl. French Guiana 'GF', Guadeloupe 'GP', Martinique 'MQ', Réunion 'RE' from 1997; incl. Mayotte 'YT' from 2014)",CN,China,850740,Nickel-iron accumulators (excl. spent),1,IMPORT,VALUE_EUR,VALUE_EUR,2005,,175540,
dataflow,ESTAT:DS-059341(1.0),International trade of EU and non-EU countries since 2002 by HS2-4-6,A,Annual,FR,"France (incl. Saint Barthélemy 'BL' -> 2012; incl. French Guiana 'GF', Guadeloupe 'GP', Martinique 'MQ', Réunion 'RE' from 1997; incl. Mayotte 'YT' from 2014)",CN,China,850740,Nickel-iron accumulators (excl. spent),1,IMPORT,VALUE_EUR,VALUE_EUR,2006,,34748,
dataflow,ESTAT:DS-059341(1.0),International trade of EU and non-EU countries since 2002 by HS2-4-6,A,Annual,FR,"France (incl. Saint Barthélemy 'BL' -> 2012; incl. French Guiana 'GF', Guadeloupe 'GP', Martinique 'MQ', Réunion 'RE' from 1997; incl. Mayotte 'YT' from 2014)",CN,China,850740,Nickel-iron accumulators (excl. spent),1,IMPORT,VALUE_EUR,VALUE_EUR,2007,,135338,
dataflow,ESTAT:DS-059341(1.0),International trade of EU and non-EU countries since 2002 by HS2-4-6,A,Annual,FR,"France (incl. Saint Barthélemy 'BL' -> 2012; incl. French Guiana 'GF', Guadeloupe 'GP', Martinique 'MQ', Réunion 'RE' from 1997; incl. Mayotte 'YT' from 2014)",CN,China,850740,Nickel-iron accumulators (excl. spent),1,IMPORT,VALUE_EUR,VALUE_EUR,2008,,416858,
dataflow,ESTAT:DS-059341(1.0),International trade of EU and non-EU countries since 2002 by HS2-4-6,A,Annual,FR,"France (incl. Saint Barthélemy 'BL' -> 2012; incl. French Guiana 'GF', Guadeloupe 'GP', Martinique 'MQ', Réunion 'RE' from 1997; incl. Mayotte 'YT' from 2014)",CN,China,850740,Nickel-iron accumulators (excl. spent),1,IMPORT,VALUE_EUR,VALUE_EUR,2009,,284666,
dataflow,ESTAT:DS-059341(1.0),International trade of EU and non-EU countries since 2002 by HS2-4-6,A,Annual,FR,"France (incl. Saint Barthélemy 'BL' -> 2012; incl. French Guiana 'GF', Guadeloupe 'GP', Martinique 'MQ', Réunion 'RE' from 1997; incl. Mayotte 'YT' from 2014)",CN,China,850740,Nickel-iron accumulators (excl. spent),1,IMPORT,VALUE_EUR,VALUE_EUR,2010,,258180,
dataflow,ESTAT:DS-059341(1.0),International trade of EU and non-EU countries since 2002 by HS2-4-6,A,Annual,FR,"France (incl. Saint Barthélemy 'BL' -> 2012; incl. French Guiana 'GF', Guadeloupe 'GP', Martinique 'MQ', Réunion 'RE' from 1997; incl. Mayotte 'YT' from 2014)",CN,China,850740,Nickel-iron accumulators (excl. spent),1,IMPORT,VALUE_EUR,VALUE_EUR,2011,,213488,
dataflow,ESTAT:DS-059341(1.0),International trade of EU and non-EU countries since 2002 by HS2-4-6,A,Annual,FR,"France (incl. Saint Barthélemy 'BL' -> 2012; incl. French Guiana 'GF', Guadeloupe 'GP', Martinique 'MQ', Réunion 'RE' from 1997; incl. Mayotte 'YT' from 2014)",CN,China,850740,Nickel-iron accumulators (excl. spent),1,IMPORT,VALUE_EUR,VALUE_EUR,2012,,120027,
dataflow,ESTAT:DS-059341(1.0),International trade of EU and non-EU countries since 2002 by HS2-4-6,A,Annual,FR,"France (incl. Saint Barthélemy 'BL' -> 2012; incl. French Guiana 'GF', Guadeloupe 'GP', Martinique 'MQ', Réunion 'RE' from 1997; incl. Mayotte 'YT' from 2014)",CN,China,850740,Nickel-iron accumulators (excl. spent),1,IMPORT,VALUE_EUR,VALUE_EUR,2013,,230587,
dataflow,ESTAT:DS-059341(1.0),International trade of EU and non-EU countries since 2002 by HS2-4-6,A,Annual,FR,"France (incl. Saint Barthélemy 'BL' -> 2012; incl. French Guiana 'GF', Guadeloupe 'GP', Martinique 'MQ', Réunion 'RE' from 1997; incl. Mayotte 'YT' from 2014)",CN,China,850740,Nickel-iron accumulators (excl. spent),1,IMPORT,VALUE_EUR,VALUE_EUR,2014,,430813,
dataflow,ESTAT:DS-059341(1.0),International trade of EU and non-EU countries since 2002 by HS2-4-6,A,Annual,FR,"France (incl. Saint Barthélemy 'BL' -> 2012; incl. French Guiana 'GF', Guadeloupe 'GP', Martinique 'MQ', Réunion 'RE' from 1997; incl. Mayotte 'YT' from 2014)",CN,China,850740,Nickel-iron accumulators (excl. spent),1,IMPORT,VALUE_EUR,VALUE_EUR,2015,,316461,
dataflow,ESTAT:DS-059341(1.0),International trade of EU and non-EU countries since 2002 by HS2-4-6,A,Annual,FR,"France (incl. Saint Barthélemy 'BL' -> 2012; incl. French Guiana 'GF', Guadeloupe 'GP', Martinique 'MQ', Réunion 'RE' from 1997; incl. Mayotte 'YT' from 2014)",CN,China,850740,Nickel-iron accumulators (excl. spent),1,IMPORT,VALUE_EUR,VALUE_EUR,2016,,173618,
dataflow,ESTAT:DS-059341(1.0),International trade of EU and non-EU countries since 2002 by HS2-4-6,A,Annual,FR,"France (incl. Saint Barthélemy 'BL' -> 2012; incl. French Guiana 'GF', Guadeloupe 'GP', Martinique 'MQ', Réunion 'RE' from 1997; incl. Mayotte 'YT' from 2014)",CN,China,850740,Nickel-iron accumulators (excl. spent),1,IMPORT,VALUE_EUR,VALUE_EUR,2017,,59457,
dataflow,ESTAT:DS-059341(1.0),International trade of EU and non-EU countries since 2002 by HS2-4-6,A,Annual,FR,"France (incl. Saint Barthélemy 'BL' -> 2012; incl. French Guiana 'GF', Guadeloupe 'GP', Martinique 'MQ', Réunion 'RE' from 1997; incl. Mayotte 'YT' from 2014)",CN,China,850740,Nickel-iron accumulators (excl. spent),1,IMPORT,VALUE_EUR,VALUE_EUR,2018,,29898,
dataflow,ESTAT:DS-059341(1.0),International trade of EU and non-EU countries since 2002 by HS2-4-6,A,Annual,FR,"France (incl. Saint Barthélemy 'BL' -> 2012; incl. French Guiana 'GF', Guadeloupe 'GP', Martinique 'MQ', Réunion 'RE' from 1997; incl. Mayotte 'YT' from 2014)",CN,China,850740,Nickel-iron accumulators (excl. spent),1,IMPORT,VALUE_EUR,VALUE_EUR,2019,,45264,
dataflow,ESTAT:DS-059341(1.0),International trade of EU and non-EU countries since 2002 by HS2-4-6,A,Annual,FR,"France (incl. Saint Barthélemy 'BL' -> 2012; incl. French Guiana 'GF', Guadeloupe 'GP', Martinique 'MQ', Réunion 'RE' from 1997; incl. Mayotte 'YT' from 2014)",CN,China,850740,Nickel-iron accumulators (excl. spent),1,IMPORT,VALUE_EUR,VALUE_EUR,2020,,53912,
dataflow,ESTAT:DS-059341(1.0),International trade of EU and non-EU countries since 2002 by HS2-4-6,A,Annual,FR,"France (incl. Saint Barthélemy 'BL' -> 2012; incl. French Guiana 'GF', Guadeloupe 'GP', Martinique 'MQ', Réunion 'RE' from 1997; incl. Mayotte 'YT' from 2014)",CN,China,850740,Nickel-iron accumulators (excl. spent),1,IMPORT,VALUE_EUR,VALUE_EUR,2021,,75496,
dataflow,ESTAT:DS-059341(1.0),International trade of EU and non-EU countries since 2002 by HS2-4-6,A,Annual,FR,"France (incl. Saint Barthélemy 'BL' -> 2012; incl. French Guiana 'GF', Guadeloupe 'GP', Martinique 'MQ', Réunion 'RE' from 1997; incl. Mayotte 'YT' from 2014)",CN,China,850740,Nickel-iron accumulators (excl. spent),2,EXPORT,VALUE_EUR,VALUE_EUR,2002,,4860,
dataflow,ESTAT:DS-059341(1.0),International trade of EU and non-EU countries since 2002 by HS2-4-6,A,Annual,FR,"France (incl. Saint Barthélemy 'BL' -> 2012; incl. French Guiana 'GF', Guadeloupe 'GP', Martinique 'MQ', Réunion 'RE' from 1997; incl. Mayotte 'YT' from 2014)",CN,China,850740,Nickel-iron accumulators (excl. spent),2,EXPORT,VALUE_EUR,VALUE_EUR,2006,,3591,
dataflow,ESTAT:DS-059341(1.0),International trade of EU and non-EU countries since 2002 by HS2-4-6,A,Annual,FR,"France (incl. Saint Barthélemy 'BL' -> 2012; incl. French Guiana 'GF', Guadeloupe 'GP', Martinique 'MQ', Réunion 'RE' from 1997; incl. Mayotte 'YT' from 2014)",CN,China,850740,Nickel-iron accumulators (excl. spent),2,EXPORT,VALUE_EUR,VALUE_EUR,2012,,12,
dataflow,ESTAT:DS-059341(1.0),International trade of EU and non-EU countries since 2002 by HS2-4-6,A,Annual,FR,"France (incl. Saint Barthélemy 'BL' -> 2012; incl. French Guiana 'GF', Guadeloupe 'GP', Martinique 'MQ', Réunion 'RE' from 1997; incl. Mayotte 'YT' from 2014)",CN,China,850750,Nickel-metal hydride accumulators (excl. spent),1,IMPORT,VALUE_EUR,VALUE_EUR,2012,,8598627,
dataflow,ESTAT:DS-059341(1.0),International trade of EU and non-EU countries since 2002 by HS2-4-6,A,Annual,FR,"France (incl. Saint Barthélemy 'BL' -> 2012; incl. French Guiana 'GF', Guadeloupe 'GP', Martinique 'MQ', Réunion 'RE' from 1997; incl. Mayotte 'YT' from 2014)",CN,China,850750,Nickel-metal hydride accumulators (excl. spent),1,IMPORT,VALUE_EUR,VALUE_EUR,2013,,9136198,
dataflow,ESTAT:DS-059341(1.0),International trade of EU and non-EU countries since 2002 by HS2-4-6,A,Annual,FR,"France (incl. Saint Barthélemy 'BL' -> 2012; incl. French Guiana 'GF', Guadeloupe 'GP', Martinique 'MQ', Réunion 'RE' from 1997; incl. Mayotte 'YT' from 2014)",CN,China,850750,Nickel-metal hydride accumulators (excl. spent),1,IMPORT,VALUE_EUR,VALUE_EUR,2014,,7278072,
dataflow,ESTAT:DS-059341(1.0),International trade of EU and non-EU countries since 2002 by HS2-4-6,A,Annual,FR,"France (incl. Saint Barthélemy 'BL' -> 2012; incl. French Guiana 'GF', Guadeloupe 'GP', Martinique 'MQ', Réunion 'RE' from 1997; incl. Mayotte 'YT' from 2014)",CN,China,850750,Nickel-metal hydride accumulators (excl. spent),1,IMPORT,VALUE_EUR,VALUE_EUR,2015,,10197662,
dataflow,ESTAT:DS-059341(1.0),International trade of EU and non-EU countries since 2002 by HS2-4-6,A,Annual,FR,"France (incl. Saint Barthélemy 'BL' -> 2012; incl. French Guiana 'GF', Guadeloupe 'GP', Martinique 'MQ', Réunion 'RE' from 1997; incl. Mayotte 'YT' from 2014)",CN,China,850750,Nickel-metal hydride accumulators (excl. spent),1,IMPORT,VALUE_EUR,VALUE_EUR,2016,,8538124,
dataflow,ESTAT:DS-059341(1.0),International trade of EU and non-EU countries since 2002 by HS2-4-6,A,Annual,FR,"France (incl. Saint Barthélemy 'BL' -> 2012; incl. French Guiana 'GF', Guadeloupe 'GP', Martinique 'MQ', Réunion 'RE' from 1997; incl. Mayotte 'YT' from 2014)",CN,China,850750,Nickel-metal hydride accumulators (excl. spent),1,IMPORT,VALUE_EUR,VALUE_EUR,2017,,8157356,
dataflow,ESTAT:DS-059341(1.0),International trade of EU and non-EU countries since 2002 by HS2-4-6,A,Annual,FR,"France (incl. Saint Barthélemy 'BL' -> 2012; incl. French Guiana 'GF', Guadeloupe 'GP', Martinique 'MQ', Réunion 'RE' from 1997; incl. Mayotte 'YT' from 2014)",CN,China,850750,Nickel-metal hydride accumulators (excl. spent),1,IMPORT,VALUE_EUR,VALUE_EUR,2018,,9217400,
dataflow,ESTAT:DS-059341(1.0),International trade of EU and non-EU countries since 2002 by HS2-4-6,A,Annual,FR,"France (incl. Saint Barthélemy 'BL' -> 2012; incl. French Guiana 'GF', Guadeloupe 'GP', Martinique 'MQ', Réunion 'RE' from 1997; incl. Mayotte 'YT' from 2014)",CN,China,850750,Nickel-metal hydride accumulators (excl. spent),1,IMPORT,VALUE_EUR,VALUE_EUR,2019,,17516726,
dataflow,ESTAT:DS-059341(1.0),International trade of EU and non-EU countries since 2002 by HS2-4-6,A,Annual,FR,"France (incl. Saint Barthélemy 'BL' -> 2012; incl. French Guiana 'GF', Guadeloupe 'GP', Martinique 'MQ', Réunion 'RE' from 1997; incl. Mayotte 'YT' from 2014)",CN,China,850750,Nickel-metal hydride accumulators (excl. spent),1,IMPORT,VALUE_EUR,VALUE_EUR,2020,,24658877,
dataflow,ESTAT:DS-059341(1.0),International trade of EU and non-EU countries since 2002 by HS2-4-6,A,Annual,FR,"France (incl. Saint Barthélemy 'BL' -> 2012; incl. French Guiana 'GF', Guadeloupe 'GP', Martinique 'MQ', Réunion 'RE' from 1997; incl. Mayotte 'YT' from 2014)",CN,China,850750,Nickel-metal hydride accumulators (excl. spent),1,IMPORT,VALUE_EUR,VALUE_EUR,2021,,16436975,
dataflow,ESTAT:DS-059341(1.0),International trade of EU and non-EU countries since 2002 by HS2-4-6,A,Annual,FR,"France (incl. Saint Barthélemy 'BL' -> 2012; incl. French Guiana 'GF', Guadeloupe 'GP', Martinique 'MQ', Réunion 'RE' from 1997; incl. Mayotte 'YT' from 2014)",CN,China,850750,Nickel-metal hydride accumulators (excl. spent),1,IMPORT,VALUE_EUR,VALUE_EUR,2022,,33164952,
dataflow,ESTAT:DS-059341(1.0),International trade of EU and non-EU countries since 2002 by HS2-4-6,A,Annual,FR,"France (incl. Saint Barthélemy 'BL' -> 2012; incl. French Guiana 'GF', Guadeloupe 'GP', Martinique 'MQ', Réunion 'RE' from 1997; incl. Mayotte 'YT' from 2014)",CN,China,850750,Nickel-metal hydride accumulators (excl. spent),1,IMPORT,VALUE_EUR,VALUE_EUR,2023,,31869757,
dataflow,ESTAT:DS-059341(1.0),International trade of EU and non-EU countries since 2002 by HS2-4-6,A,Annual,FR,"France (incl. Saint Barthélemy 'BL' -> 2012; incl. French Guiana 'GF', Guadeloupe 'GP', Martinique 'MQ', Réunion 'RE' from 1997; incl. Mayotte 'YT' from 2014)",CN,China,850750,Nickel-metal hydride accumulators (excl. spent),1,IMPORT,VALUE_EUR,VALUE_EUR,2024,,20494325,
dataflow,ESTAT:DS-059341(1.0),International trade of EU and non-EU countries since 2002 by HS2-4-6,A,Annual,FR,"France (incl. Saint Barthélemy 'BL' -> 2012; incl. French Guiana 'GF', Guadeloupe 'GP', Martinique 'MQ', Réunion 'RE' from 1997; incl. Mayotte 'YT' from 2014)",CN,China,850750,Nickel-metal hydride accumulators (excl. spent),2,EXPORT,VALUE_EUR,VALUE_EUR,2012,,444,
dataflow,ESTAT:DS-059341(1.0),International trade of EU and non-EU countries since 2002 by HS2-4-6,A,Annual,FR,"France (incl. Saint Barthélemy 'BL' -> 2012; incl. French Guiana 'GF', Guadeloupe 'GP', Martinique 'MQ', Réunion 'RE' from 1997; incl. Mayotte 'YT' from 2014)",CN,China,850750,Nickel-metal hydride accumulators (excl. spent),2,EXPORT,VALUE_EUR,VALUE_EUR,2013,,49042,
dataflow,ESTAT:DS-059341(1.0),International trade of EU and non-EU countries since 2002 by HS2-4-6,A,Annual,FR,"France (incl. Saint Barthélemy 'BL' -> 2012; incl. French Guiana 'GF', Guadeloupe 'GP', Martinique 'MQ', Réunion 'RE' from 1997; incl. Mayotte 'YT' from 2014)",CN,China,850750,Nickel-metal hydride accumulators (excl. spent),2,EXPORT,VALUE_EUR,VALUE_EUR,2014,,75973,
dataflow,ESTAT:DS-059341(1.0),International trade of EU and non-EU countries since 2002 by HS2-4-6,A,Annual,FR,"France (incl. Saint Barthélemy 'BL' -> 2012; incl. French Guiana 'GF', Guadeloupe 'GP', Martinique 'MQ', Réunion 'RE' from 1997; incl. Mayotte 'YT' from 2014)",CN,China,850750,Nickel-metal hydride accumulators (excl. spent),2,EXPORT,VALUE_EUR,VALUE_EUR,2015,,241931,
dataflow,ESTAT:DS-059341(1.0),International trade of EU and non-EU countries since 2002 by HS2-4-6,A,Annual,FR,"France (incl. Saint Barthélemy 'BL' -> 2012; incl. French Guiana 'GF', Guadeloupe 'GP', Martinique 'MQ', Réunion 'RE' from 1997; incl. Mayotte 'YT' from 2014)",CN,China,850750,Nickel-metal hydride accumulators (excl. spent),2,EXPORT,VALUE_EUR,VALUE_EUR,2016,,157610,
dataflow,ESTAT:DS-059341(1.0),International trade of EU and non-EU countries since 2002 by HS2-4-6,A,Annual,FR,"France (incl. Saint Barthélemy 'BL' -> 2012; incl. French Guiana 'GF', Guadeloupe 'GP', Martinique 'MQ', Réunion 'RE' from 1997; incl. Mayotte 'YT' from 2014)",CN,China,850750,Nickel-metal hydride accumulators (excl. spent),2,EXPORT,VALUE_EUR,VALUE_EUR,2017,,19469,
dataflow,ESTAT:DS-059341(1.0),International trade of EU and non-EU countries since 2002 by HS2-4-6,A,Annual,FR,"France (incl. Saint Barthélemy 'BL' -> 2012; incl. French Guiana 'GF', Guadeloupe 'GP', Martinique 'MQ', Réunion 'RE' from 1997; incl. Mayotte 'YT' from 2014)",CN,China,850750,Nickel-metal hydride accumulators (excl. spent),2,EXPORT,VALUE_EUR,VALUE_EUR,2018,,16823,
dataflow,ESTAT:DS-059341(1.0),International trade of EU and non-EU countries since 2002 by HS2-4-6,A,Annual,FR,"France (incl. Saint Barthélemy 'BL' -> 2012; incl. French Guiana 'GF', Guadeloupe 'GP', Martinique 'MQ', Réunion 'RE' from 1997; incl. Mayotte 'YT' from 2014)",CN,China,850750,Nickel-metal hydride accumulators (excl. spent),2,EXPORT,VALUE_EUR,VALUE_EUR,2019,,61587,
dataflow,ESTAT:DS-059341(1.0),International trade of EU and non-EU countries since 2002 by HS2-4-6,A,Annual,FR,"France (incl. Saint Barthélemy 'BL' -> 2012; incl. French Guiana 'GF', Guadeloupe 'GP', Martinique 'MQ', Réunion 'RE' from 1997; incl. Mayotte 'YT' from 2014)",CN,China,850750,Nickel-metal hydride accumulators (excl. spent),2,EXPORT,VALUE_EUR,VALUE_EUR,2020,,64878,
dataflow,ESTAT:DS-059341(1.0),International trade of EU and non-EU countries since 2002 by HS2-4-6,A,Annual,FR,"France (incl. Saint Barthélemy 'BL' -> 2012; incl. French Guiana 'GF', Guadeloupe 'GP', Martinique 'MQ', Réunion 'RE' from 1997; incl. Mayotte 'YT' from 2014)",CN,China,850750,Nickel-metal hydride accumulators (excl. spent),2,EXPORT,VALUE_EUR,VALUE_EUR,2021,,61645,
dataflow,ESTAT:DS-059341(1.0),International trade of EU and non-EU countries since 2002 by HS2-4-6,A,Annual,FR,"France (incl. Saint Barthélemy 'BL' -> 2012; incl. French Guiana 'GF', Guadeloupe 'GP', Martinique 'MQ', Réunion 'RE' from 1997; incl. Mayotte 'YT' from 2014)",CN,China,850750,Nickel-metal hydride accumulators (excl. spent),2,EXPORT,VALUE_EUR,VALUE_EUR,2022,,12446,
dataflow,ESTAT:DS-059341(1.0),International trade of EU and non-EU countries since 2002 by HS2-4-6,A,Annual,FR,"France (incl. Saint Barthélemy 'BL' -> 2012; incl. French Guiana 'GF', Guadeloupe 'GP', Martinique 'MQ', Réunion 'RE' from 1997; incl. Mayotte 'YT' from 2014)",CN,China,850750,Nickel-metal hydride accumulators (excl. spent),2,EXPORT,VALUE_EUR,VALUE_EUR,2023,,10218,
dataflow,ESTAT:DS-059341(1.0),International trade of EU and non-EU countries since 2002 by HS2-4-6,A,Annual,FR,"France (incl. Saint Barthélemy 'BL' -> 2012; incl. French Guiana 'GF', Guadeloupe 'GP', Martinique 'MQ', Réunion 'RE' from 1997; incl. Mayotte 'YT' from 2014)",CN,China,850750,Nickel-metal hydride accumulators (excl. spent),2,EXPORT,VALUE_EUR,VALUE_EUR,2024,,71672,
dataflow,ESTAT:DS-059341(1.0),International trade of EU and non-EU countries since 2002 by HS2-4-6,A,Annual,FR,"France (incl. Saint Barthélemy 'BL' -> 2012; incl. French Guiana 'GF', Guadeloupe 'GP', Martinique 'MQ', Réunion 'RE' from 1997; incl. Mayotte 'YT' from 2014)",CN,China,850760,Lithium-ion accumulators (excl. spent),1,IMPORT,VALUE_EUR,VALUE_EUR,2012,,17920667,
dataflow,ESTAT:DS-059341(1.0),International trade of EU and non-EU countries since 2002 by HS2-4-6,A,Annual,FR,"France (incl. Saint Barthélemy 'BL' -> 2012; incl. French Guiana 'GF', Guadeloupe 'GP', Martinique 'MQ', Réunion 'RE' from 1997; incl. Mayotte 'YT' from 2014)",CN,China,850760,Lithium-ion accumulators (excl. spent),1,IMPORT,VALUE_EUR,VALUE_EUR,2013,,22138045,
dataflow,ESTAT:DS-059341(1.0),International trade of EU and non-EU countries since 2002 by HS2-4-6,A,Annual,FR,"France (incl. Saint Barthélemy 'BL' -> 2012; incl. French Guiana 'GF', Guadeloupe 'GP', Martinique 'MQ', Réunion 'RE' from 1997; incl. Mayotte 'YT' from 2014)",CN,China,850760,Lithium-ion accumulators (excl. spent),1,IMPORT,VALUE_EUR,VALUE_EUR,2014,,36332407,
dataflow,ESTAT:DS-059341(1.0),International trade of EU and non-EU countries since 2002 by HS2-4-6,A,Annual,FR,"France (incl. Saint Barthélemy 'BL' -> 2012; incl. French Guiana 'GF', Guadeloupe 'GP', Martinique 'MQ', Réunion 'RE' from 1997; incl. Mayotte 'YT' from 2014)",CN,China,850760,Lithium-ion accumulators (excl. spent),1,IMPORT,VALUE_EUR,VALUE_EUR,2015,,54542422,
dataflow,ESTAT:DS-059341(1.0),International trade of EU and non-EU countries since 2002 by HS2-4-6,A,Annual,FR,"France (incl. Saint Barthélemy 'BL' -> 2012; incl. French Guiana 'GF', Guadeloupe 'GP', Martinique 'MQ', Réunion 'RE' from 1997; incl. Mayotte 'YT' from 2014)",CN,China,850760,Lithium-ion accumulators (excl. spent),1,IMPORT,VALUE_EUR,VALUE_EUR,2016,,68975429,
dataflow,ESTAT:DS-059341(1.0),International trade of EU and non-EU countries since 2002 by HS2-4-6,A,Annual,FR,"France (incl. Saint Barthélemy 'BL' -> 2012; incl. French Guiana 'GF', Guadeloupe 'GP', Martinique 'MQ', Réunion 'RE' from 1997; incl. Mayotte 'YT' from 2014)",CN,China,850760,Lithium-ion accumulators (excl. spent),1,IMPORT,VALUE_EUR,VALUE_EUR,2017,,80380554,
dataflow,ESTAT:DS-059341(1.0),International trade of EU and non-EU countries since 2002 by HS2-4-6,A,Annual,FR,"France (incl. Saint Barthélemy 'BL' -> 2012; incl. French Guiana 'GF', Guadeloupe 'GP', Martinique 'MQ', Réunion 'RE' from 1997; incl. Mayotte 'YT' from 2014)",CN,China,850760,Lithium-ion accumulators (excl. spent),1,IMPORT,VALUE_EUR,VALUE_EUR,2018,,112253208,
dataflow,ESTAT:DS-059341(1.0),International trade of EU and non-EU countries since 2002 by HS2-4-6,A,Annual,FR,"France (incl. Saint Barthélemy 'BL' -> 2012; incl. French Guiana 'GF', Guadeloupe 'GP', Martinique 'MQ', Réunion 'RE' from 1997; incl. Mayotte 'YT' from 2014)",CN,China,850760,Lithium-ion accumulators (excl. spent),1,IMPORT,VALUE_EUR,VALUE_EUR,2019,,142276099,
dataflow,ESTAT:DS-059341(1.0),International trade of EU and non-EU countries since 2002 by HS2-4-6,A,Annual,FR,"France (incl. Saint Barthélemy 'BL' -> 2012; incl. French Guiana 'GF', Guadeloupe 'GP', Martinique 'MQ', Réunion 'RE' from 1997; incl. Mayotte 'YT' from 2014)",CN,China,850760,Lithium-ion accumulators (excl. spent),1,IMPORT,VALUE_EUR,VALUE_EUR,2020,,158686880,
dataflow,ESTAT:DS-059341(1.0),International trade of EU and non-EU countries since 2002 by HS2-4-6,A,Annual,FR,"France (incl. Saint Barthélemy 'BL' -> 2012; incl. French Guiana 'GF', Guadeloupe 'GP', Martinique 'MQ', Réunion 'RE' from 1997; incl. Mayotte 'YT' from 2014)",CN,China,850760,Lithium-ion accumulators (excl. spent),1,IMPORT,VALUE_EUR,VALUE_EUR,2021,,346174761,
dataflow,ESTAT:DS-059341(1.0),International trade of EU and non-EU countries since 2002 by HS2-4-6,A,Annual,FR,"France (incl. Saint Barthélemy 'BL' -> 2012; incl. French Guiana 'GF', Guadeloupe 'GP', Martinique 'MQ', Réunion 'RE' from 1997; incl. Mayotte 'YT' from 2014)",CN,China,850760,Lithium-ion accumulators (excl. spent),1,IMPORT,VALUE_EUR,VALUE_EUR,2022,,828156375,
dataflow,ESTAT:DS-059341(1.0),International trade of EU and non-EU countries since 2002 by HS2-4-6,A,Annual,FR,"France (incl. Saint Barthélemy 'BL' -> 2012; incl. French Guiana 'GF', Guadeloupe 'GP', Martinique 'MQ', Réunion 'RE' from 1997; incl. Mayotte 'YT' from 2014)",CN,China,850760,Lithium-ion accumulators (excl. spent),1,IMPORT,VALUE_EUR,VALUE_EUR,2023,,1088474535,
dataflow,ESTAT:DS-059341(1.0),International trade of EU and non-EU countries since 2002 by HS2-4-6,A,Annual,FR,"France (incl. Saint Barthélemy 'BL' -> 2012; incl. French Guiana 'GF', Guadeloupe 'GP', Martinique 'MQ', Réunion 'RE' from 1997; incl. Mayotte 'YT' from 2014)",CN,China,850760,Lithium-ion accumulators (excl. spent),1,IMPORT,VALUE_EUR,VALUE_EUR,2024,,1471704880,
dataflow,ESTAT:DS-059341(1.0),International trade of EU and non-EU countries since 2002 by HS2-4-6,A,Annual,FR,"France (incl. Saint Barthélemy 'BL' -> 2012; incl. French Guiana 'GF', Guadeloupe 'GP', Martinique 'MQ', Réunion 'RE' from 1997; incl. Mayotte 'YT' from 2014)",CN,China,850760,Lithium-ion accumulators (excl. spent),2,EXPORT,VALUE_EUR,VALUE_EUR,2012,,58941,
dataflow,ESTAT:DS-059341(1.0),International trade of EU and non-EU countries since 2002 by HS2-4-6,A,Annual,FR,"France (incl. Saint Barthélemy 'BL' -> 2012; incl. French Guiana 'GF', Guadeloupe 'GP', Martinique 'MQ', Réunion 'RE' from 1997; incl. Mayotte 'YT' from 2014)",CN,China,850760,Lithium-ion accumulators (excl. spent),2,EXPORT,VALUE_EUR,VALUE_EUR,2013,,41272,
dataflow,ESTAT:DS-059341(1.0),International trade of EU and non-EU countries since 2002 by HS2-4-6,A,Annual,FR,"France (incl. Saint Barthélemy 'BL' -> 2012; incl. French Guiana 'GF', Guadeloupe 'GP', Martinique 'MQ', Réunion 'RE' from 1997; incl. Mayotte 'YT' from 2014)",CN,China,850760,Lithium-ion accumulators (excl. spent),2,EXPORT,VALUE_EUR,VALUE_EUR,2014,,2200046,
dataflow,ESTAT:DS-059341(1.0),International trade of EU and non-EU countries since 2002 by HS2-4-6,A,Annual,FR,"France (incl. Saint Barthélemy 'BL' -> 2012; incl. French Guiana 'GF', Guadeloupe 'GP', Martinique 'MQ', Réunion 'RE' from 1997; incl. Mayotte 'YT' from 2014)",CN,China,850760,Lithium-ion accumulators (excl. spent),2,EXPORT,VALUE_EUR,VALUE_EUR,2015,,6833305,
dataflow,ESTAT:DS-059341(1.0),International trade of EU and non-EU countries since 2002 by HS2-4-6,A,Annual,FR,"France (incl. Saint Barthélemy 'BL' -> 2012; incl. French Guiana 'GF', Guadeloupe 'GP', Martinique 'MQ', Réunion 'RE' from 1997; incl. Mayotte 'YT' from 2014)",CN,China,850760,Lithium-ion accumulators (excl. spent),2,EXPORT,VALUE_EUR,VALUE_EUR,2016,,5076391,
dataflow,ESTAT:DS-059341(1.0),International trade of EU and non-EU countries since 2002 by HS2-4-6,A,Annual,FR,"France (incl. Saint Barthélemy 'BL' -> 2012; incl. French Guiana 'GF', Guadeloupe 'GP', Martinique 'MQ', Réunion 'RE' from 1997; incl. Mayotte 'YT' from 2014)",CN,China,850760,Lithium-ion accumulators (excl. spent),2,EXPORT,VALUE_EUR,VALUE_EUR,2017,,3293135,
dataflow,ESTAT:DS-059341(1.0),International trade of EU and non-EU countries since 2002 by HS2-4-6,A,Annual,FR,"France (incl. Saint Barthélemy 'BL' -> 2012; incl. French Guiana 'GF', Guadeloupe 'GP', Martinique 'MQ', Réunion 'RE' from 1997; incl. Mayotte 'YT' from 2014)",CN,China,850760,Lithium-ion accumulators (excl. spent),2,EXPORT,VALUE_EUR,VALUE_EUR,2018,,5120803,
dataflow,ESTAT:DS-059341(1.0),International trade of EU and non-EU countries since 2002 by HS2-4-6,A,Annual,FR,"France (incl. Saint Barthélemy 'BL' -> 2012; incl. French Guiana 'GF', Guadeloupe 'GP', Martinique 'MQ', Réunion 'RE' from 1997; incl. Mayotte 'YT' from 2014)",CN,China,850760,Lithium-ion accumulators (excl. spent),2,EXPORT,VALUE_EUR,VALUE_EUR,2019,,7153313,
dataflow,ESTAT:DS-059341(1.0),International trade of EU and non-EU countries since 2002 by HS2-4-6,A,Annual,FR,"France (incl. Saint Barthélemy 'BL' -> 2012; incl. French Guiana 'GF', Guadeloupe 'GP', Martinique 'MQ', Réunion 'RE' from 1997; incl. Mayotte 'YT' from 2014)",CN,China,850760,Lithium-ion accumulators (excl. spent),2,EXPORT,VALUE_EUR,VALUE_EUR,2020,,3500284,
dataflow,ESTAT:DS-059341(1.0),International trade of EU and non-EU countries since 2002 by HS2-4-6,A,Annual,FR,"France (incl. Saint Barthélemy 'BL' -> 2012; incl. French Guiana 'GF', Guadeloupe 'GP', Martinique 'MQ', Réunion 'RE' from 1997; incl. Mayotte 'YT' from 2014)",CN,China,850760,Lithium-ion accumulators (excl. spent),2,EXPORT,VALUE_EUR,VALUE_EUR,2021,,20913785,
dataflow,ESTAT:DS-059341(1.0),International trade of EU and non-EU countries since 2002 by HS2-4-6,A,Annual,FR,"France (incl. Saint Barthélemy 'BL' -> 2012; incl. French Guiana 'GF', Guadeloupe 'GP', Martinique 'MQ', Réunion 'RE' from 1997; incl. Mayotte 'YT' from 2014)",CN,China,850760,Lithium-ion accumulators (excl. spent),2,EXPORT,VALUE_EUR,VALUE_EUR,2022,,32727731,
dataflow,ESTAT:DS-059341(1.0),International trade of EU and non-EU countries since 2002 by HS2-4-6,A,Annual,FR,"France (incl. Saint Barthélemy 'BL' -> 2012; incl. French Guiana 'GF', Guadeloupe 'GP', Martinique 'MQ', Réunion 'RE' from 1997; incl. Mayotte 'YT' from 2014)",CN,China,850760,Lithium-ion accumulators (excl. spent),2,EXPORT,VALUE_EUR,VALUE_EUR,2023,,12324407,
dataflow,ESTAT:DS-059341(1.0),International trade of EU and non-EU countries since 2002 by HS2-4-6,A,Annual,FR,"France (incl. Saint Barthélemy 'BL' -> 2012; incl. French Guiana 'GF', Guadeloupe 'GP', Martinique 'MQ', Réunion 'RE' from 1997; incl. Mayotte 'YT' from 2014)",CN,China,850760,Lithium-ion accumulators (excl. spent),2,EXPORT,VALUE_EUR,VALUE_EUR,2024,,4417067,
dataflow,ESTAT:DS-059341(1.0),International trade of EU and non-EU countries since 2002 by HS2-4-6,A,Annual,FR,"France (incl. Saint Barthélemy 'BL' -> 2012; incl. French Guiana 'GF', Guadeloupe 'GP', Martinique 'MQ', Réunion 'RE' from 1997; incl. Mayotte 'YT' from 2014)",CN,China,850780,"Electric accumulators (excl. spent and lead-acid, nickel-cadmium, nickel-iron, nickel-metal hydride and lithium-ion accumulators)",1,IMPORT,VALUE_EUR,VALUE_EUR,2002,,23030690,
dataflow,ESTAT:DS-059341(1.0),International trade of EU and non-EU countries since 2002 by HS2-4-6,A,Annual,FR,"France (incl. Saint Barthélemy 'BL' -> 2012; incl. French Guiana 'GF', Guadeloupe 'GP', Martinique 'MQ', Réunion 'RE' from 1997; incl. Mayotte 'YT' from 2014)",CN,China,850780,"Electric accumulators (excl. spent and lead-acid, nickel-cadmium, nickel-iron, nickel-metal hydride and lithium-ion accumulators)",1,IMPORT,VALUE_EUR,VALUE_EUR,2003,,42995022,
dataflow,ESTAT:DS-059341(1.0),International trade of EU and non-EU countries since 2002 by HS2-4-6,A,Annual,FR,"France (incl. Saint Barthélemy 'BL' -> 2012; incl. French Guiana 'GF', Guadeloupe 'GP', Martinique 'MQ', Réunion 'RE' from 1997; incl. Mayotte 'YT' from 2014)",CN,China,850780,"Electric accumulators (excl. spent and lead-acid, nickel-cadmium, nickel-iron, nickel-metal hydride and lithium-ion accumulators)",1,IMPORT,VALUE_EUR,VALUE_EUR,2004,,60616026,
dataflow,ESTAT:DS-059341(1.0),International trade of EU and non-EU countries since 2002 by HS2-4-6,A,Annual,FR,"France (incl. Saint Barthélemy 'BL' -> 2012; incl. French Guiana 'GF', Guadeloupe 'GP', Martinique 'MQ', Réunion 'RE' from 1997; incl. Mayotte 'YT' from 2014)",CN,China,850780,"Electric accumulators (excl. spent and lead-acid, nickel-cadmium, nickel-iron, nickel-metal hydride and lithium-ion accumulators)",1,IMPORT,VALUE_EUR,VALUE_EUR,2005,,41318676,
dataflow,ESTAT:DS-059341(1.0),International trade of EU and non-EU countries since 2002 by HS2-4-6,A,Annual,FR,"France (incl. Saint Barthélemy 'BL' -> 2012; incl. French Guiana 'GF', Guadeloupe 'GP', Martinique 'MQ', Réunion 'RE' from 1997; incl. Mayotte 'YT' from 2014)",CN,China,850780,"Electric accumulators (excl. spent and lead-acid, nickel-cadmium, nickel-iron, nickel-metal hydride and lithium-ion accumulators)",1,IMPORT,VALUE_EUR,VALUE_EUR,2006,,36218453,
dataflow,ESTAT:DS-059341(1.0),International trade of EU and non-EU countries since 2002 by HS2-4-6,A,Annual,FR,"France (incl. Saint Barthélemy 'BL' -> 2012; incl. French Guiana 'GF', Guadeloupe 'GP', Martinique 'MQ', Réunion 'RE' from 1997; incl. Mayotte 'YT' from 2014)",CN,China,850780,"Electric accumulators (excl. spent and lead-acid, nickel-cadmium, nickel-iron, nickel-metal hydride and lithium-ion accumulators)",1,IMPORT,VALUE_EUR,VALUE_EUR,2007,,39758827,
dataflow,ESTAT:DS-059341(1.0),International trade of EU and non-EU countries since 2002 by HS2-4-6,A,Annual,FR,"France (incl. Saint Barthélemy 'BL' -> 2012; incl. French Guiana 'GF', Guadeloupe 'GP', Martinique 'MQ', Réunion 'RE' from 1997; incl. Mayotte 'YT' from 2014)",CN,China,850780,"Electric accumulators (excl. spent and lead-acid, nickel-cadmium, nickel-iron, nickel-metal hydride and lithium-ion accumulators)",1,IMPORT,VALUE_EUR,VALUE_EUR,2008,,28920020,
dataflow,ESTAT:DS-059341(1.0),International trade of EU and non-EU countries since 2002 by HS2-4-6,A,Annual,FR,"France (incl. Saint Barthélemy 'BL' -> 2012; incl. French Guiana 'GF', Guadeloupe 'GP', Martinique 'MQ', Réunion 'RE' from 1997; incl. Mayotte 'YT' from 2014)",CN,China,850780,"Electric accumulators (excl. spent and lead-acid, nickel-cadmium, nickel-iron, nickel-metal hydride and lithium-ion accumulators)",1,IMPORT,VALUE_EUR,VALUE_EUR,2009,,30193991,
dataflow,ESTAT:DS-059341(1.0),International trade of EU and non-EU countries since 2002 by HS2-4-6,A,Annual,FR,"France (incl. Saint Barthélemy 'BL' -> 2012; incl. French Guiana 'GF', Guadeloupe 'GP', Martinique 'MQ', Réunion 'RE' from 1997; incl. Mayotte 'YT' from 2014)",CN,China,850780,"Electric accumulators (excl. spent and lead-acid, nickel-cadmium, nickel-iron, nickel-metal hydride and lithium-ion accumulators)",1,IMPORT,VALUE_EUR,VALUE_EUR,2010,,32944210,
dataflow,ESTAT:DS-059341(1.0),International trade of EU and non-EU countries since 2002 by HS2-4-6,A,Annual,FR,"France (incl. Saint Barthélemy 'BL' -> 2012; incl. French Guiana 'GF', Guadeloupe 'GP', Martinique 'MQ', Réunion 'RE' from 1997; incl. Mayotte 'YT' from 2014)",CN,China,850780,"Electric accumulators (excl. spent and lead-acid, nickel-cadmium, nickel-iron, nickel-metal hydride and lithium-ion accumulators)",1,IMPORT,VALUE_EUR,VALUE_EUR,2011,,37639953,
dataflow,ESTAT:DS-059341(1.0),International trade of EU and non-EU countries since 2002 by HS2-4-6,A,Annual,FR,"France (incl. Saint Barthélemy 'BL' -> 2012; incl. French Guiana 'GF', Guadeloupe 'GP', Martinique 'MQ', Réunion 'RE' from 1997; incl. Mayotte 'YT' from 2014)",CN,China,850780,"Electric accumulators (excl. spent and lead-acid, nickel-cadmium, nickel-iron, nickel-metal hydride and lithium-ion accumulators)",1,IMPORT,VALUE_EUR,VALUE_EUR,2012,,16551957,
dataflow,ESTAT:DS-059341(1.0),International trade of EU and non-EU countries since 2002 by HS2-4-6,A,Annual,FR,"France (incl. Saint Barthélemy 'BL' -> 2012; incl. French Guiana 'GF', Guadeloupe 'GP', Martinique 'MQ', Réunion 'RE' from 1997; incl. Mayotte 'YT' from 2014)",CN,China,850780,"Electric accumulators (excl. spent and lead-acid, nickel-cadmium, nickel-iron, nickel-metal hydride and lithium-ion accumulators)",1,IMPORT,VALUE_EUR,VALUE_EUR,2013,,9947875,
dataflow,ESTAT:DS-059341(1.0),International trade of EU and non-EU countries since 2002 by HS2-4-6,A,Annual,FR,"France (incl. Saint Barthélemy 'BL' -> 2012; incl. French Guiana 'GF', Guadeloupe 'GP', Martinique 'MQ', Réunion 'RE' from 1997; incl. Mayotte 'YT' from 2014)",CN,China,850780,"Electric accumulators (excl. spent and lead-acid, nickel-cadmium, nickel-iron, nickel-metal hydride and lithium-ion accumulators)",1,IMPORT,VALUE_EUR,VALUE_EUR,2014,,9723001,
dataflow,ESTAT:DS-059341(1.0),International trade of EU and non-EU countries since 2002 by HS2-4-6,A,Annual,FR,"France (incl. Saint Barthélemy 'BL' -> 2012; incl. French Guiana 'GF', Guadeloupe 'GP', Martinique 'MQ', Réunion 'RE' from 1997; incl. Mayotte 'YT' from 2014)",CN,China,850780,"Electric accumulators (excl. spent and lead-acid, nickel-cadmium, nickel-iron, nickel-metal hydride and lithium-ion accumulators)",1,IMPORT,VALUE_EUR,VALUE_EUR,2015,,9356064,
dataflow,ESTAT:DS-059341(1.0),International trade of EU and non-EU countries since 2002 by HS2-4-6,A,Annual,FR,"France (incl. Saint Barthélemy 'BL' -> 2012; incl. French Guiana 'GF', Guadeloupe 'GP', Martinique 'MQ', Réunion 'RE' from 1997; incl. Mayotte 'YT' from 2014)",CN,China,850780,"Electric accumulators (excl. spent and lead-acid, nickel-cadmium, nickel-iron, nickel-metal hydride and lithium-ion accumulators)",1,IMPORT,VALUE_EUR,VALUE_EUR,2016,,9906154,
dataflow,ESTAT:DS-059341(1.0),International trade of EU and non-EU countries since 2002 by HS2-4-6,A,Annual,FR,"France (incl. Saint Barthélemy 'BL' -> 2012; incl. French Guiana 'GF', Guadeloupe 'GP', Martinique 'MQ', Réunion 'RE' from 1997; incl. Mayotte 'YT' from 2014)",CN,China,850780,"Electric accumulators (excl. spent and lead-acid, nickel-cadmium, nickel-iron, nickel-metal hydride and lithium-ion accumulators)",1,IMPORT,VALUE_EUR,VALUE_EUR,2017,,11611995,
dataflow,ESTAT:DS-059341(1.0),International trade of EU and non-EU countries since 2002 by HS2-4-6,A,Annual,FR,"France (incl. Saint Barthélemy 'BL' -> 2012; incl. French Guiana 'GF', Guadeloupe 'GP', Martinique 'MQ', Réunion 'RE' from 1997; incl. Mayotte 'YT' from 2014)",CN,China,850780,"Electric accumulators (excl. spent and lead-acid, nickel-cadmium, nickel-iron, nickel-metal hydride and lithium-ion accumulators)",1,IMPORT,VALUE_EUR,VALUE_EUR,2018,,13155877,
dataflow,ESTAT:DS-059341(1.0),International trade of EU and non-EU countries since 2002 by HS2-4-6,A,Annual,FR,"France (incl. Saint Barthélemy 'BL' -> 2012; incl. French Guiana 'GF', Guadeloupe 'GP', Martinique 'MQ', Réunion 'RE' from 1997; incl. Mayotte 'YT' from 2014)",CN,China,850780,"Electric accumulators (excl. spent and lead-acid, nickel-cadmium, nickel-iron, nickel-metal hydride and lithium-ion accumulators)",1,IMPORT,VALUE_EUR,VALUE_EUR,2019,,9767264,
dataflow,ESTAT:DS-059341(1.0),International trade of EU and non-EU countries since 2002 by HS2-4-6,A,Annual,FR,"France (incl. Saint Barthélemy 'BL' -> 2012; incl. French Guiana 'GF', Guadeloupe 'GP', Martinique 'MQ', Réunion 'RE' from 1997; incl. Mayotte 'YT' from 2014)",CN,China,850780,"Electric accumulators (excl. spent and lead-acid, nickel-cadmium, nickel-iron, nickel-metal hydride and lithium-ion accumulators)",1,IMPORT,VALUE_EUR,VALUE_EUR,2020,,5681227,
dataflow,ESTAT:DS-059341(1.0),International trade of EU and non-EU countries since 2002 by HS2-4-6,A,Annual,FR,"France (incl. Saint Barthélemy 'BL' -> 2012; incl. French Guiana 'GF', Guadeloupe 'GP', Martinique 'MQ', Réunion 'RE' from 1997; incl. Mayotte 'YT' from 2014)",CN,China,850780,"Electric accumulators (excl. spent and lead-acid, nickel-cadmium, nickel-iron, nickel-metal hydride and lithium-ion accumulators)",1,IMPORT,VALUE_EUR,VALUE_EUR,2021,,5737397,
dataflow,ESTAT:DS-059341(1.0),International trade of EU and non-EU countries since 2002 by HS2-4-6,A,Annual,FR,"France (incl. Saint Barthélemy 'BL' -> 2012; incl. French Guiana 'GF', Guadeloupe 'GP', Martinique 'MQ', Réunion 'RE' from 1997; incl. Mayotte 'YT' from 2014)",CN,China,850780,"Electric accumulators (excl. spent and lead-acid, nickel-cadmium, nickel-iron, nickel-metal hydride and lithium-ion accumulators)",1,IMPORT,VALUE_EUR,VALUE_EUR,2022,,5702563,
dataflow,ESTAT:DS-059341(1.0),International trade of EU and non-EU countries since 2002 by HS2-4-6,A,Annual,FR,"France (incl. Saint Barthélemy 'BL' -> 2012; incl. French Guiana 'GF', Guadeloupe 'GP', Martinique 'MQ', Réunion 'RE' from 1997; incl. Mayotte 'YT' from 2014)",CN,China,850780,"Electric accumulators (excl. spent and lead-acid, nickel-cadmium, nickel-iron, nickel-metal hydride and lithium-ion accumulators)",1,IMPORT,VALUE_EUR,VALUE_EUR,2023,,4203042,
dataflow,ESTAT:DS-059341(1.0),International trade of EU and non-EU countries since 2002 by HS2-4-6,A,Annual,FR,"France (incl. Saint Barthélemy 'BL' -> 2012; incl. French Guiana 'GF', Guadeloupe 'GP', Martinique 'MQ', Réunion 'RE' from 1997; incl. Mayotte 'YT' from 2014)",CN,China,850780,"Electric accumulators (excl. spent and lead-acid, nickel-cadmium, nickel-iron, nickel-metal hydride and lithium-ion accumulators)",1,IMPORT,VALUE_EUR,VALUE_EUR,2024,,5609486,
dataflow,ESTAT:DS-059341(1.0),International trade of EU and non-EU countries since 2002 by HS2-4-6,A,Annual,FR,"France (incl. Saint Barthélemy 'BL' -> 2012; incl. French Guiana 'GF', Guadeloupe 'GP', Martinique 'MQ', Réunion 'RE' from 1997; incl. Mayotte 'YT' from 2014)",CN,China,850780,"Electric accumulators (excl. spent and lead-acid, nickel-cadmium, nickel-iron, nickel-metal hydride and lithium-ion accumulators)",2,EXPORT,VALUE_EUR,VALUE_EUR,2002,,1580711,
dataflow,ESTAT:DS-059341(1.0),International trade of EU and non-EU countries since 2002 by HS2-4-6,A,Annual,FR,"France (incl. Saint Barthélemy 'BL' -> 2012; incl. French Guiana 'GF', Guadeloupe 'GP', Martinique 'MQ', Réunion 'RE' from 1997; incl. Mayotte 'YT' from 2014)",CN,China,850780,"Electric accumulators (excl. spent and lead-acid, nickel-cadmium, nickel-iron, nickel-metal hydride and lithium-ion accumulators)",2,EXPORT,VALUE_EUR,VALUE_EUR,2003,,842972,
dataflow,ESTAT:DS-059341(1.0),International trade of EU and non-EU countries since 2002 by HS2-4-6,A,Annual,FR,"France (incl. Saint Barthélemy 'BL' -> 2012; incl. French Guiana 'GF', Guadeloupe 'GP', Martinique 'MQ', Réunion 'RE' from 1997; incl. Mayotte 'YT' from 2014)",CN,China,850780,"Electric accumulators (excl. spent and lead-acid, nickel-cadmium, nickel-iron, nickel-metal hydride and lithium-ion accumulators)",2,EXPORT,VALUE_EUR,VALUE_EUR,2004,,210992,
dataflow,ESTAT:DS-059341(1.0),International trade of EU and non-EU countries since 2002 by HS2-4-6,A,Annual,FR,"France (incl. Saint Barthélemy 'BL' -> 2012; incl. French Guiana 'GF', Guadeloupe 'GP', Martinique 'MQ', Réunion 'RE' from 1997; incl. Mayotte 'YT' from 2014)",CN,China,850780,"Electric accumulators (excl. spent and lead-acid, nickel-cadmium, nickel-iron, nickel-metal hydride and lithium-ion accumulators)",2,EXPORT,VALUE_EUR,VALUE_EUR,2005,,798944,
dataflow,ESTAT:DS-059341(1.0),International trade of EU and non-EU countries since 2002 by HS2-4-6,A,Annual,FR,"France (incl. Saint Barthélemy 'BL' -> 2012; incl. French Guiana 'GF', Guadeloupe 'GP', Martinique 'MQ', Réunion 'RE' from 1997; incl. Mayotte 'YT' from 2014)",CN,China,850780,"Electric accumulators (excl. spent and lead-acid, nickel-cadmium, nickel-iron, nickel-metal hydride and lithium-ion accumulators)",2,EXPORT,VALUE_EUR,VALUE_EUR,2006,,235750,
dataflow,ESTAT:DS-059341(1.0),International trade of EU and non-EU countries since 2002 by HS2-4-6,A,Annual,FR,"France (incl. Saint Barthélemy 'BL' -> 2012; incl. French Guiana 'GF', Guadeloupe 'GP', Martinique 'MQ', Réunion 'RE' from 1997; incl. Mayotte 'YT' from 2014)",CN,China,850780,"Electric accumulators (excl. spent and lead-acid, nickel-cadmium, nickel-iron, nickel-metal hydride and lithium-ion accumulators)",2,EXPORT,VALUE_EUR,VALUE_EUR,2007,,248528,
dataflow,ESTAT:DS-059341(1.0),International trade of EU and non-EU countries since 2002 by HS2-4-6,A,Annual,FR,"France (incl. Saint Barthélemy 'BL' -> 2012; incl. French Guiana 'GF', Guadeloupe 'GP', Martinique 'MQ', Réunion 'RE' from 1997; incl. Mayotte 'YT' from 2014)",CN,China,850780,"Electric accumulators (excl. spent and lead-acid, nickel-cadmium, nickel-iron, nickel-metal hydride and lithium-ion accumulators)",2,EXPORT,VALUE_EUR,VALUE_EUR,2008,,321463,
dataflow,ESTAT:DS-059341(1.0),International trade of EU and non-EU countries since 2002 by HS2-4-6,A,Annual,FR,"France (incl. Saint Barthélemy 'BL' -> 2012; incl. French Guiana 'GF', Guadeloupe 'GP', Martinique 'MQ', Réunion 'RE' from 1997; incl. Mayotte 'YT' from 2014)",CN,China,850780,"Electric accumulators (excl. spent and lead-acid, nickel-cadmium, nickel-iron, nickel-metal hydride and lithium-ion accumulators)",2,EXPORT,VALUE_EUR,VALUE_EUR,2009,,242758,
dataflow,ESTAT:DS-059341(1.0),International trade of EU and non-EU countries since 2002 by HS2-4-6,A,Annual,FR,"France (incl. Saint Barthélemy 'BL' -> 2012; incl. French Guiana 'GF', Guadeloupe 'GP', Martinique 'MQ', Réunion 'RE' from 1997; incl. Mayotte 'YT' from 2014)",CN,China,850780,"Electric accumulators (excl. spent and lead-acid, nickel-cadmium, nickel-iron, nickel-metal hydride and lithium-ion accumulators)",2,EXPORT,VALUE_EUR,VALUE_EUR,2010,,591020,
dataflow,ESTAT:DS-059341(1.0),International trade of EU and non-EU countries since 2002 by HS2-4-6,A,Annual,FR,"France (incl. Saint Barthélemy 'BL' -> 2012; incl. French Guiana 'GF', Guadeloupe 'GP', Martinique 'MQ', Réunion 'RE' from 1997; incl. Mayotte 'YT' from 2014)",CN,China,850780,"Electric accumulators (excl. spent and lead-acid, nickel-cadmium, nickel-iron, nickel-metal hydride and lithium-ion accumulators)",2,EXPORT,VALUE_EUR,VALUE_EUR,2011,,1635232,
dataflow,ESTAT:DS-059341(1.0),International trade of EU and non-EU countries since 2002 by HS2-4-6,A,Annual,FR,"France (incl. Saint Barthélemy 'BL' -> 2012; incl. French Guiana 'GF', Guadeloupe 'GP', Martinique 'MQ', Réunion 'RE' from 1997; incl. Mayotte 'YT' from 2014)",CN,China,850780,"Electric accumulators (excl. spent and lead-acid, nickel-cadmium, nickel-iron, nickel-metal hydride and lithium-ion accumulators)",2,EXPORT,VALUE_EUR,VALUE_EUR,2012,,556336,
dataflow,ESTAT:DS-059341(1.0),International trade of EU and non-EU countries since 2002 by HS2-4-6,A,Annual,FR,"France (incl. Saint Barthélemy 'BL' -> 2012; incl. French Guiana 'GF', Guadeloupe 'GP', Martinique 'MQ', Réunion 'RE' from 1997; incl. Mayotte 'YT' from 2014)",CN,China,850780,"Electric accumulators (excl. spent and lead-acid, nickel-cadmium, nickel-iron, nickel-metal hydride and lithium-ion accumulators)",2,EXPORT,VALUE_EUR,VALUE_EUR,2013,,288838,
dataflow,ESTAT:DS-059341(1.0),International trade of EU and non-EU countries since 2002 by HS2-4-6,A,Annual,FR,"France (incl. Saint Barthélemy 'BL' -> 2012; incl. French Guiana 'GF', Guadeloupe 'GP', Martinique 'MQ', Réunion 'RE' from 1997; incl. Mayotte 'YT' from 2014)",CN,China,850780,"Electric accumulators (excl. spent and lead-acid, nickel-cadmium, nickel-iron, nickel-metal hydride and lithium-ion accumulators)",2,EXPORT,VALUE_EUR,VALUE_EUR,2014,,361098,
dataflow,ESTAT:DS-059341(1.0),International trade of EU and non-EU countries since 2002 by HS2-4-6,A,Annual,FR,"France (incl. Saint Barthélemy 'BL' -> 2012; incl. French Guiana 'GF', Guadeloupe 'GP', Martinique 'MQ', Réunion 'RE' from 1997; incl. Mayotte 'YT' from 2014)",CN,China,850780,"Electric accumulators (excl. spent and lead-acid, nickel-cadmium, nickel-iron, nickel-metal hydride and lithium-ion accumulators)",2,EXPORT,VALUE_EUR,VALUE_EUR,2015,,530014,
dataflow,ESTAT:DS-059341(1.0),International trade of EU and non-EU countries since 2002 by HS2-4-6,A,Annual,FR,"France (incl. Saint Barthélemy 'BL' -> 2012; incl. French Guiana 'GF', Guadeloupe 'GP', Martinique 'MQ', Réunion 'RE' from 1997; incl. Mayotte 'YT' from 2014)",CN,China,850780,"Electric accumulators (excl. spent and lead-acid, nickel-cadmium, nickel-iron, nickel-metal hydride and lithium-ion accumulators)",2,EXPORT,VALUE_EUR,VALUE_EUR,2016,,240123,
dataflow,ESTAT:DS-059341(1.0),International trade of EU and non-EU countries since 2002 by HS2-4-6,A,Annual,FR,"France (incl. Saint Barthélemy 'BL' -> 2012; incl. French Guiana 'GF', Guadeloupe 'GP', Martinique 'MQ', Réunion 'RE' from 1997; incl. Mayotte 'YT' from 2014)",CN,China,850780,"Electric accumulators (excl. spent and lead-acid, nickel-cadmium, nickel-iron, nickel-metal hydride and lithium-ion accumulators)",2,EXPORT,VALUE_EUR,VALUE_EUR,2017,,286853,
dataflow,ESTAT:DS-059341(1.0),International trade of EU and non-EU countries since 2002 by HS2-4-6,A,Annual,FR,"France (incl. Saint Barthélemy 'BL' -> 2012; incl. French Guiana 'GF', Guadeloupe 'GP', Martinique 'MQ', Réunion 'RE' from 1997; incl. Mayotte 'YT' from 2014)",CN,China,850780,"Electric accumulators (excl. spent and lead-acid, nickel-cadmium, nickel-iron, nickel-metal hydride and lithium-ion accumulators)",2,EXPORT,VALUE_EUR,VALUE_EUR,2018,,778712,
dataflow,ESTAT:DS-059341(1.0),International trade of EU and non-EU countries since 2002 by HS2-4-6,A,Annual,FR,"France (incl. Saint Barthélemy 'BL' -> 2012; incl. French Guiana 'GF', Guadeloupe 'GP', Martinique 'MQ', Réunion 'RE' from 1997; incl. Mayotte 'YT' from 2014)",CN,China,850780,"Electric accumulators (excl. spent and lead-acid, nickel-cadmium, nickel-iron, nickel-metal hydride and lithium-ion accumulators)",2,EXPORT,VALUE_EUR,VALUE_EUR,2019,,285339,
dataflow,ESTAT:DS-059341(1.0),International trade of EU and non-EU countries since 2002 by HS2-4-6,A,Annual,FR,"France (incl. Saint Barthélemy 'BL' -> 2012; incl. French Guiana 'GF', Guadeloupe 'GP', Martinique 'MQ', Réunion 'RE' from 1997; incl. Mayotte 'YT' from 2014)",CN,China,850780,"Electric accumulators (excl. spent and lead-acid, nickel-cadmium, nickel-iron, nickel-metal hydride and lithium-ion accumulators)",2,EXPORT,VALUE_EUR,VALUE_EUR,2020,,270300,
dataflow,ESTAT:DS-059341(1.0),International trade of EU and non-EU countries since 2002 by HS2-4-6,A,Annual,FR,"France (incl. Saint Barthélemy 'BL' -> 2012; incl. French Guiana 'GF', Guadeloupe 'GP', Martinique 'MQ', Réunion 'RE' from 1997; incl. Mayotte 'YT' from 2014)",CN,China,850780,"Electric accumulators (excl. spent and lead-acid, nickel-cadmium, nickel-iron, nickel-metal hydride and lithium-ion accumulators)",2,EXPORT,VALUE_EUR,VALUE_EUR,2021,,97651,
dataflow,ESTAT:DS-059341(1.0),International trade of EU and non-EU countries since 2002 by HS2-4-6,A,Annual,FR,"France (incl. Saint Barthélemy 'BL' -> 2012; incl. French Guiana 'GF', Guadeloupe 'GP', Martinique 'MQ', Réunion 'RE' from 1997; incl. Mayotte 'YT' from 2014)",CN,China,850780,"Electric accumulators (excl. spent and lead-acid, nickel-cadmium, nickel-iron, nickel-metal hydride and lithium-ion accumulators)",2,EXPORT,VALUE_EUR,VALUE_EUR,2022,,761200,
dataflow,ESTAT:DS-059341(1.0),International trade of EU and non-EU countries since 2002 by HS2-4-6,A,Annual,FR,"France (incl. Saint Barthélemy 'BL' -> 2012; incl. French Guiana 'GF', Guadeloupe 'GP', Martinique 'MQ', Réunion 'RE' from 1997; incl. Mayotte 'YT' from 2014)",CN,China,850780,"Electric accumulators (excl. spent and lead-acid, nickel-cadmium, nickel-iron, nickel-metal hydride and lithium-ion accumulators)",2,EXPORT,VALUE_EUR,VALUE_EUR,2023,,129123,
dataflow,ESTAT:DS-059341(1.0),International trade of EU and non-EU countries since 2002 by HS2-4-6,A,Annual,FR,"France (incl. Saint Barthélemy 'BL' -> 2012; incl. French Guiana 'GF', Guadeloupe 'GP', Martinique 'MQ', Réunion 'RE' from 1997; incl. Mayotte 'YT' from 2014)",CN,China,850780,"Electric accumulators (excl. spent and lead-acid, nickel-cadmium, nickel-iron, nickel-metal hydride and lithium-ion accumulators)",2,EXPORT,VALUE_EUR,VALUE_EUR,2024,,1085918,
dataflow,ESTAT:DS-059341(1.0),International trade of EU and non-EU countries since 2002 by HS2-4-6,A,Annual,FR,"France (incl. Saint Barthélemy 'BL' -> 2012; incl. French Guiana 'GF', Guadeloupe 'GP', Martinique 'MQ', Réunion 'RE' from 1997; incl. Mayotte 'YT' from 2014)",CN,China,TOTAL,Total,1,IMPORT,VALUE_EUR,VALUE_EUR,2002,,8572170404,
dataflow,ESTAT:DS-059341(1.0),International trade of EU and non-EU countries since 2002 by HS2-4-6,A,Annual,FR,"France (incl. Saint Barthélemy 'BL' -> 2012; incl. French Guiana 'GF', Guadeloupe 'GP', Martinique 'MQ', Réunion 'RE' from 1997; incl. Mayotte 'YT' from 2014)",CN,China,TOTAL,Total,1,IMPORT,VALUE_EUR,VALUE_EUR,2003,,9591405132,
dataflow,ESTAT:DS-059341(1.0),International trade of EU and non-EU countries since 2002 by HS2-4-6,A,Annual,FR,"France (incl. Saint Barthélemy 'BL' -> 2012; incl. French Guiana 'GF', Guadeloupe 'GP', Martinique 'MQ', Réunion 'RE' from 1997; incl. Mayotte 'YT' from 2014)",CN,China,TOTAL,Total,1,IMPORT,VALUE_EUR,VALUE_EUR,2004,,11652260708,
dataflow,ESTAT:DS-059341(1.0),International trade of EU and non-EU countries since 2002 by HS2-4-6,A,Annual,FR,"France (incl. Saint Barthélemy 'BL' -> 2012; incl. French Guiana 'GF', Guadeloupe 'GP', Martinique 'MQ', Réunion 'RE' from 1997; incl. Mayotte 'YT' from 2014)",CN,China,TOTAL,Total,1,IMPORT,VALUE_EUR,VALUE_EUR,2005,,14479979887,
dataflow,ESTAT:DS-059341(1.0),International trade of EU and non-EU countries since 2002 by HS2-4-6,A,Annual,FR,"France (incl. Saint Barthélemy 'BL' -> 2012; incl. French Guiana 'GF', Guadeloupe 'GP', Martinique 'MQ', Réunion 'RE' from 1997; incl. Mayotte 'YT' from 2014)",CN,China,TOTAL,Total,1,IMPORT,VALUE_EUR,VALUE_EUR,2006,,15839489755,
dataflow,ESTAT:DS-059341(1.0),International trade of EU and non-EU countries since 2002 by HS2-4-6,A,Annual,FR,"France (incl. Saint Barthélemy 'BL' -> 2012; incl. French Guiana 'GF', Guadeloupe 'GP', Martinique 'MQ', Réunion 'RE' from 1997; incl. Mayotte 'YT' from 2014)",CN,China,TOTAL,Total,1,IMPORT,VALUE_EUR,VALUE_EUR,2007,,18194051969,
dataflow,ESTAT:DS-059341(1.0),International trade of EU and non-EU countries since 2002 by HS2-4-6,A,Annual,FR,"France (incl. Saint Barthélemy 'BL' -> 2012; incl. French Guiana 'GF', Guadeloupe 'GP', Martinique 'MQ', Réunion 'RE' from 1997; incl. Mayotte 'YT' from 2014)",CN,China,TOTAL,Total,1,IMPORT,VALUE_EUR,VALUE_EUR,2008,,19162931674,
dataflow,ESTAT:DS-059341(1.0),International trade of EU and non-EU countries since 2002 by HS2-4-6,A,Annual,FR,"France (incl. Saint Barthélemy 'BL' -> 2012; incl. French Guiana 'GF', Guadeloupe 'GP', Martinique 'MQ', Réunion 'RE' from 1997; incl. Mayotte 'YT' from 2014)",CN,China,TOTAL,Total,1,IMPORT,VALUE_EUR,VALUE_EUR,2009,,17814291879,
dataflow,ESTAT:DS-059341(1.0),International trade of EU and non-EU countries since 2002 by HS2-4-6,A,Annual,FR,"France (incl. Saint Barthélemy 'BL' -> 2012; incl. French Guiana 'GF', Guadeloupe 'GP', Martinique 'MQ', Réunion 'RE' from 1997; incl. Mayotte 'YT' from 2014)",CN,China,TOTAL,Total,1,IMPORT,VALUE_EUR,VALUE_EUR,2010,,23270182017,
dataflow,ESTAT:DS-059341(1.0),International trade of EU and non-EU countries since 2002 by HS2-4-6,A,Annual,FR,"France (incl. Saint Barthélemy 'BL' -> 2012; incl. French Guiana 'GF', Guadeloupe 'GP', Martinique 'MQ', Réunion 'RE' from 1997; incl. Mayotte 'YT' from 2014)",CN,China,TOTAL,Total,1,IMPORT,VALUE_EUR,VALUE_EUR,2011,,25077432768,
dataflow,ESTAT:DS-059341(1.0),International trade of EU and non-EU countries since 2002 by HS2-4-6,A,Annual,FR,"France (incl. Saint Barthélemy 'BL' -> 2012; incl. French Guiana 'GF', Guadeloupe 'GP', Martinique 'MQ', Réunion 'RE' from 1997; incl. Mayotte 'YT' from 2014)",CN,China,TOTAL,Total,1,IMPORT,VALUE_EUR,VALUE_EUR,2012,,25521911092,
dataflow,ESTAT:DS-059341(1.0),International trade of EU and non-EU countries since 2002 by HS2-4-6,A,Annual,FR,"France (incl. Saint Barthélemy 'BL' -> 2012; incl. French Guiana 'GF', Guadeloupe 'GP', Martinique 'MQ', Réunion 'RE' from 1997; incl. Mayotte 'YT' from 2014)",CN,China,TOTAL,Total,1,IMPORT,VALUE_EUR,VALUE_EUR,2013,,24604577399,
dataflow,ESTAT:DS-059341(1.0),International trade of EU and non-EU countries since 2002 by HS2-4-6,A,Annual,FR,"France (incl. Saint Barthélemy 'BL' -> 2012; incl. French Guiana 'GF', Guadeloupe 'GP', Martinique 'MQ', Réunion 'RE' from 1997; incl. Mayotte 'YT' from 2014)",CN,China,TOTAL,Total,1,IMPORT,VALUE_EUR,VALUE_EUR,2014,,25461087354,
dataflow,ESTAT:DS-059341(1.0),International trade of EU and non-EU countries since 2002 by HS2-4-6,A,Annual,FR,"France (incl. Saint Barthélemy 'BL' -> 2012; incl. French Guiana 'GF', Guadeloupe 'GP', Martinique 'MQ', Réunion 'RE' from 1997; incl. Mayotte 'YT' from 2014)",CN,China,TOTAL,Total,1,IMPORT,VALUE_EUR,VALUE_EUR,2015,,27620709498,
dataflow,ESTAT:DS-059341(1.0),International trade of EU and non-EU countries since 2002 by HS2-4-6,A,Annual,FR,"France (incl. Saint Barthélemy 'BL' -> 2012; incl. French Guiana 'GF', Guadeloupe 'GP', Martinique 'MQ', Réunion 'RE' from 1997; incl. Mayotte 'YT' from 2014)",CN,China,TOTAL,Total,1,IMPORT,VALUE_EUR,VALUE_EUR,2016,,26493734555,
dataflow,ESTAT:DS-059341(1.0),International trade of EU and non-EU countries since 2002 by HS2-4-6,A,Annual,FR,"France (incl. Saint Barthélemy 'BL' -> 2012; incl. French Guiana 'GF', Guadeloupe 'GP', Martinique 'MQ', Réunion 'RE' from 1997; incl. Mayotte 'YT' from 2014)",CN,China,TOTAL,Total,1,IMPORT,VALUE_EUR,VALUE_EUR,2017,,28137788326,
dataflow,ESTAT:DS-059341(1.0),International trade of EU and non-EU countries since 2002 by HS2-4-6,A,Annual,FR,"France (incl. Saint Barthélemy 'BL' -> 2012; incl. French Guiana 'GF', Guadeloupe 'GP', Martinique 'MQ', Réunion 'RE' from 1997; incl. Mayotte 'YT' from 2014)",CN,China,TOTAL,Total,1,IMPORT,VALUE_EUR,VALUE_EUR,2018,,30156636617,
dataflow,ESTAT:DS-059341(1.0),International trade of EU and non-EU countries since 2002 by HS2-4-6,A,Annual,FR,"France (incl. Saint Barthélemy 'BL' -> 2012; incl. French Guiana 'GF', Guadeloupe 'GP', Martinique 'MQ', Réunion 'RE' from 1997; incl. Mayotte 'YT' from 2014)",CN,China,TOTAL,Total,1,IMPORT,VALUE_EUR,VALUE_EUR,2019,,32101302805,
dataflow,ESTAT:DS-059341(1.0),International trade of EU and non-EU countries since 2002 by HS2-4-6,A,Annual,FR,"France (incl. Saint Barthélemy 'BL' -> 2012; incl. French Guiana 'GF', Guadeloupe 'GP', Martinique 'MQ', Réunion 'RE' from 1997; incl. Mayotte 'YT' from 2014)",CN,China,TOTAL,Total,1,IMPORT,VALUE_EUR,VALUE_EUR,2020,,35986111332,
dataflow,ESTAT:DS-059341(1.0),International trade of EU and non-EU countries since 2002 by HS2-4-6,A,Annual,FR,"France (incl. Saint Barthélemy 'BL' -> 2012; incl. French Guiana 'GF', Guadeloupe 'GP', Martinique 'MQ', Réunion 'RE' from 1997; incl. Mayotte 'YT' from 2014)",CN,China,TOTAL,Total,1,IMPORT,VALUE_EUR,VALUE_EUR,2021,,40747002729,
dataflow,ESTAT:DS-059341(1.0),International trade of EU and non-EU countries since 2002 by HS2-4-6,A,Annual,FR,"France (incl. Saint Barthélemy 'BL' -> 2012; incl. French Guiana 'GF', Guadeloupe 'GP', Martinique 'MQ', Réunion 'RE' from 1997; incl. Mayotte 'YT' from 2014)",CN,China,TOTAL,Total,1,IMPORT,VALUE_EUR,VALUE_EUR,2022,,49180640834,
dataflow,ESTAT:DS-059341(1.0),International trade of EU and non-EU countries since 2002 by HS2-4-6,A,Annual,FR,"France (incl. Saint Barthélemy 'BL' -> 2012; incl. French Guiana 'GF', Guadeloupe 'GP', Martinique 'MQ', Réunion 'RE' from 1997; incl. Mayotte 'YT' from 2014)",CN,China,TOTAL,Total,1,IMPORT,VALUE_EUR,VALUE_EUR,2023,,42037217762,
dataflow,ESTAT:DS-059341(1.0),International trade of EU and non-EU countries since 2002 by HS2-4-6,A,Annual,FR,"France (incl. Saint Barthélemy 'BL' -> 2012; incl. French Guiana 'GF', Guadeloupe 'GP', Martinique 'MQ', Réunion 'RE' from 1997; incl. Mayotte 'YT' from 2014)",CN,China,TOTAL,Total,1,IMPORT,VALUE_EUR,VALUE_EUR,2024,,43901416116,
dataflow,ESTAT:DS-059341(1.0),International trade of EU and non-EU countries since 2002 by HS2-4-6,A,Annual,FR,"France (incl. Saint Barthélemy 'BL' -> 2012; incl. French Guiana 'GF', Guadeloupe 'GP', Martinique 'MQ', Réunion 'RE' from 1997; incl. Mayotte 'YT' from 2014)",CN,China,TOTAL,Total,2,EXPORT,VALUE_EUR,VALUE_EUR,2002,,3708471339,
dataflow,ESTAT:DS-059341(1.0),International trade of EU and non-EU countries since 2002 by HS2-4-6,A,Annual,FR,"France (incl. Saint Barthélemy 'BL' -> 2012; incl. French Guiana 'GF', Guadeloupe 'GP', Martinique 'MQ', Réunion 'RE' from 1997; incl. Mayotte 'YT' from 2014)",CN,China,TOTAL,Total,2,EXPORT,VALUE_EUR,VALUE_EUR,2003,,4696849481,
dataflow,ESTAT:DS-059341(1.0),International trade of EU and non-EU countries since 2002 by HS2-4-6,A,Annual,FR,"France (incl. Saint Barthélemy 'BL' -> 2012; incl. French Guiana 'GF', Guadeloupe 'GP', Martinique 'MQ', Réunion 'RE' from 1997; incl. Mayotte 'YT' from 2014)",CN,China,TOTAL,Total,2,EXPORT,VALUE_EUR,VALUE_EUR,2004,,5360093264,
dataflow,ESTAT:DS-059341(1.0),International trade of EU and non-EU countries since 2002 by HS2-4-6,A,Annual,FR,"France (incl. Saint Barthélemy 'BL' -> 2012; incl. French Guiana 'GF', Guadeloupe 'GP', Martinique 'MQ', Réunion 'RE' from 1997; incl. Mayotte 'YT' from 2014)",CN,China,TOTAL,Total,2,EXPORT,VALUE_EUR,VALUE_EUR,2005,,6297068166,
dataflow,ESTAT:DS-059341(1.0),International trade of EU and non-EU countries since 2002 by HS2-4-6,A,Annual,FR,"France (incl. Saint Barthélemy 'BL' -> 2012; incl. French Guiana 'GF', Guadeloupe 'GP', Martinique 'MQ', Réunion 'RE' from 1997; incl. Mayotte 'YT' from 2014)",CN,China,TOTAL,Total,2,EXPORT,VALUE_EUR,VALUE_EUR,2006,,8051850925,
dataflow,ESTAT:DS-059341(1.0),International trade of EU and non-EU countries since 2002 by HS2-4-6,A,Annual,FR,"France (incl. Saint Barthélemy 'BL' -> 2012; incl. French Guiana 'GF', Guadeloupe 'GP', Martinique 'MQ', Réunion 'RE' from 1997; incl. Mayotte 'YT' from 2014)",CN,China,TOTAL,Total,2,EXPORT,VALUE_EUR,VALUE_EUR,2007,,9025865870,
dataflow,ESTAT:DS-059341(1.0),International trade of EU and non-EU countries since 2002 by HS2-4-6,A,Annual,FR,"France (incl. Saint Barthélemy 'BL' -> 2012; incl. French Guiana 'GF', Guadeloupe 'GP', Martinique 'MQ', Réunion 'RE' from 1997; incl. Mayotte 'YT' from 2014)",CN,China,TOTAL,Total,2,EXPORT,VALUE_EUR,VALUE_EUR,2008,,8973277479,
dataflow,ESTAT:DS-059341(1.0),International trade of EU and non-EU countries since 2002 by HS2-4-6,A,Annual,FR,"France (incl. Saint Barthélemy 'BL' -> 2012; incl. French Guiana 'GF', Guadeloupe 'GP', Martinique 'MQ', Réunion 'RE' from 1997; incl. Mayotte 'YT' from 2014)",CN,China,TOTAL,Total,2,EXPORT,VALUE_EUR,VALUE_EUR,2009,,7872252769,
dataflow,ESTAT:DS-059341(1.0),International trade of EU and non-EU countries since 2002 by HS2-4-6,A,Annual,FR,"France (incl. Saint Barthélemy 'BL' -> 2012; incl. French Guiana 'GF', Guadeloupe 'GP', Martinique 'MQ', Réunion 'RE' from 1997; incl. Mayotte 'YT' from 2014)",CN,China,TOTAL,Total,2,EXPORT,VALUE_EUR,VALUE_EUR,2010,,11064366956,
dataflow,ESTAT:DS-059341(1.0),International trade of EU and non-EU countries since 2002 by HS2-4-6,A,Annual,FR,"France (incl. Saint Barthélemy 'BL' -> 2012; incl. French Guiana 'GF', Guadeloupe 'GP', Martinique 'MQ', Réunion 'RE' from 1997; incl. Mayotte 'YT' from 2014)",CN,China,TOTAL,Total,2,EXPORT,VALUE_EUR,VALUE_EUR,2011,,13556191022,
dataflow,ESTAT:DS-059341(1.0),International trade of EU and non-EU countries since 2002 by HS2-4-6,A,Annual,FR,"France (incl. Saint Barthélemy 'BL' -> 2012; incl. French Guiana 'GF', Guadeloupe 'GP', Martinique 'MQ', Réunion 'RE' from 1997; incl. Mayotte 'YT' from 2014)",CN,China,TOTAL,Total,2,EXPORT,VALUE_EUR,VALUE_EUR,2012,,15134499462,
dataflow,ESTAT:DS-059341(1.0),International trade of EU and non-EU countries since 2002 by HS2-4-6,A,Annual,FR,"France (incl. Saint Barthélemy 'BL' -> 2012; incl. French Guiana 'GF', Guadeloupe 'GP', Martinique 'MQ', Réunion 'RE' from 1997; incl. Mayotte 'YT' from 2014)",CN,China,TOTAL,Total,2,EXPORT,VALUE_EUR,VALUE_EUR,2013,,14812897963,
dataflow,ESTAT:DS-059341(1.0),International trade of EU and non-EU countries since 2002 by HS2-4-6,A,Annual,FR,"France (incl. Saint Barthélemy 'BL' -> 2012; incl. French Guiana 'GF', Guadeloupe 'GP', Martinique 'MQ', Réunion 'RE' from 1997; incl. Mayotte 'YT' from 2014)",CN,China,TOTAL,Total,2,EXPORT,VALUE_EUR,VALUE_EUR,2014,,16191443419,
dataflow,ESTAT:DS-059341(1.0),International trade of EU and non-EU countries since 2002 by HS2-4-6,A,Annual,FR,"France (incl. Saint Barthélemy 'BL' -> 2012; incl. French Guiana 'GF', Guadeloupe 'GP', Martinique 'MQ', Réunion 'RE' from 1997; incl. Mayotte 'YT' from 2014)",CN,China,TOTAL,Total,2,EXPORT,VALUE_EUR,VALUE_EUR,2015,,17932337999,
dataflow,ESTAT:DS-059341(1.0),International trade of EU and non-EU countries since 2002 by HS2-4-6,A,Annual,FR,"France (incl. Saint Barthélemy 'BL' -> 2012; incl. French Guiana 'GF', Guadeloupe 'GP', Martinique 'MQ', Réunion 'RE' from 1997; incl. Mayotte 'YT' from 2014)",CN,China,TOTAL,Total,2,EXPORT,VALUE_EUR,VALUE_EUR,2016,,16005354587,
dataflow,ESTAT:DS-059341(1.0),International trade of EU and non-EU countries since 2002 by HS2-4-6,A,Annual,FR,"France (incl. Saint Barthélemy 'BL' -> 2012; incl. French Guiana 'GF', Guadeloupe 'GP', Martinique 'MQ', Réunion 'RE' from 1997; incl. Mayotte 'YT' from 2014)",CN,China,TOTAL,Total,2,EXPORT,VALUE_EUR,VALUE_EUR,2017,,18858733464,
dataflow,ESTAT:DS-059341(1.0),International trade of EU and non-EU countries since 2002 by HS2-4-6,A,Annual,FR,"France (incl. Saint Barthélemy 'BL' -> 2012; incl. French Guiana 'GF', Guadeloupe 'GP', Martinique 'MQ', Réunion 'RE' from 1997; incl. Mayotte 'YT' from 2014)",CN,China,TOTAL,Total,2,EXPORT,VALUE_EUR,VALUE_EUR,2018,,20851125939,
dataflow,ESTAT:DS-059341(1.0),International trade of EU and non-EU countries since 2002 by HS2-4-6,A,Annual,FR,"France (incl. Saint Barthélemy 'BL' -> 2012; incl. French Guiana 'GF', Guadeloupe 'GP', Martinique 'MQ', Réunion 'RE' from 1997; incl. Mayotte 'YT' from 2014)",CN,China,TOTAL,Total,2,EXPORT,VALUE_EUR,VALUE_EUR,2019,,20959829575,
dataflow,ESTAT:DS-059341(1.0),International trade of EU and non-EU countries since 2002 by HS2-4-6,A,Annual,FR,"France (incl. Saint Barthélemy 'BL' -> 2012; incl. French Guiana 'GF', Guadeloupe 'GP', Martinique 'MQ', Réunion 'RE' from 1997; incl. Mayotte 'YT' from 2014)",CN,China,TOTAL,Total,2,EXPORT,VALUE_EUR,VALUE_EUR,2020,,17504368217,
dataflow,ESTAT:DS-059341(1.0),International trade of EU and non-EU countries since 2002 by HS2-4-6,A,Annual,FR,"France (incl. Saint Barthélemy 'BL' -> 2012; incl. French Guiana 'GF', Guadeloupe 'GP', Martinique 'MQ', Réunion 'RE' from 1997; incl. Mayotte 'YT' from 2014)",CN,China,TOTAL,Total,2,EXPORT,VALUE_EUR,VALUE_EUR,2021,,24051404545,
dataflow,ESTAT:DS-059341(1.0),International trade of EU and non-EU countries since 2002 by HS2-4-6,A,Annual,FR,"France (incl. Saint Barthélemy 'BL' -> 2012; incl. French Guiana 'GF', Guadeloupe 'GP', Martinique 'MQ', Réunion 'RE' from 1997; incl. Mayotte 'YT' from 2014)",CN,China,TOTAL,Total,2,EXPORT,VALUE_EUR,VALUE_EUR,2022,,23727098829,
dataflow,ESTAT:DS-059341(1.0),International trade of EU and non-EU countries since 2002 by HS2-4-6,A,Annual,FR,"France (incl. Saint Barthélemy 'BL' -> 2012; incl. French Guiana 'GF', Guadeloupe 'GP', Martinique 'MQ', Réunion 'RE' from 1997; incl. Mayotte 'YT' from 2014)",CN,China,TOTAL,Total,2,EXPORT,VALUE_EUR,VALUE_EUR,2023,,25011885480,
dataflow,ESTAT:DS-059341(1.0),International trade of EU and non-EU countries since 2002 by HS2-4-6,A,Annual,FR,"France (incl. Saint Barthélemy 'BL' -> 2012; incl. French Guiana 'GF', Guadeloupe 'GP', Martinique 'MQ', Réunion 'RE' from 1997; incl. Mayotte 'YT' from 2014)",CN,China,TOTAL,Total,2,EXPORT,VALUE_EUR,VALUE_EUR,2024,,23823029318,
dataflow,ESTAT:DS-059341(1.0),International trade of EU and non-EU countries since 2002 by HS2-4-6,A,Annual,FR,"France (incl. Saint Barthélemy 'BL' -> 2012; incl. French Guiana 'GF', Guadeloupe 'GP', Martinique 'MQ', Réunion 'RE' from 1997; incl. Mayotte 'YT' from 2014)",JP,Japan,850710,"Lead-acid accumulators of a kind used for starting piston engine ""starter batteries"" (excl. spent)",1,IMPORT,VALUE_EUR,VALUE_EUR,2002,,236196,
dataflow,ESTAT:DS-059341(1.0),International trade of EU and non-EU countries since 2002 by HS2-4-6,A,Annual,FR,"France (incl. Saint Barthélemy 'BL' -> 2012; incl. French Guiana 'GF', Guadeloupe 'GP', Martinique 'MQ', Réunion 'RE' from 1997; incl. Mayotte 'YT' from 2014)",JP,Japan,850710,"Lead-acid accumulators of a kind used for starting piston engine ""starter batteries"" (excl. spent)",1,IMPORT,VALUE_EUR,VALUE_EUR,2003,,355190,
dataflow,ESTAT:DS-059341(1.0),International trade of EU and non-EU countries since 2002 by HS2-4-6,A,Annual,FR,"France (incl. Saint Barthélemy 'BL' -> 2012; incl. French Guiana 'GF', Guadeloupe 'GP', Martinique 'MQ', Réunion 'RE' from 1997; incl. Mayotte 'YT' from 2014)",JP,Japan,850710,"Lead-acid accumulators of a kind used for starting piston engine ""starter batteries"" (excl. spent)",1,IMPORT,VALUE_EUR,VALUE_EUR,2004,,290695,
dataflow,ESTAT:DS-059341(1.0),International trade of EU and non-EU countries since 2002 by HS2-4-6,A,Annual,FR,"France (incl. Saint Barthélemy 'BL' -> 2012; incl. French Guiana 'GF', Guadeloupe 'GP', Martinique 'MQ', Réunion 'RE' from 1997; incl. Mayotte 'YT' from 2014)",JP,Japan,850710,"Lead-acid accumulators of a kind used for starting piston engine ""starter batteries"" (excl. spent)",1,IMPORT,VALUE_EUR,VALUE_EUR,2005,,1020770,
dataflow,ESTAT:DS-059341(1.0),International trade of EU and non-EU countries since 2002 by HS2-4-6,A,Annual,FR,"France (incl. Saint Barthélemy 'BL' -> 2012; incl. French Guiana 'GF', Guadeloupe 'GP', Martinique 'MQ', Réunion 'RE' from 1997; incl. Mayotte 'YT' from 2014)",JP,Japan,850710,"Lead-acid accumulators of a kind used for starting piston engine ""starter batteries"" (excl. spent)",1,IMPORT,VALUE_EUR,VALUE_EUR,2006,,242432,
dataflow,ESTAT:DS-059341(1.0),International trade of EU and non-EU countries since 2002 by HS2-4-6,A,Annual,FR,"France (incl. Saint Barthélemy 'BL' -> 2012; incl. French Guiana 'GF', Guadeloupe 'GP', Martinique 'MQ', Réunion 'RE' from 1997; incl. Mayotte 'YT' from 2014)",JP,Japan,850710,"Lead-acid accumulators of a kind used for starting piston engine ""starter batteries"" (excl. spent)",1,IMPORT,VALUE_EUR,VALUE_EUR,2007,,201924,
dataflow,ESTAT:DS-059341(1.0),International trade of EU and non-EU countries since 2002 by HS2-4-6,A,Annual,FR,"France (incl. Saint Barthélemy 'BL' -> 2012; incl. French Guiana 'GF', Guadeloupe 'GP', Martinique 'MQ', Réunion 'RE' from 1997; incl. Mayotte 'YT' from 2014)",JP,Japan,850710,"Lead-acid accumulators of a kind used for starting piston engine ""starter batteries"" (excl. spent)",1,IMPORT,VALUE_EUR,VALUE_EUR,2008,,99864,
dataflow,ESTAT:DS-059341(1.0),International trade of EU and non-EU countries since 2002 by HS2-4-6,A,Annual,FR,"France (incl. Saint Barthélemy 'BL' -> 2012; incl. French Guiana 'GF', Guadeloupe 'GP', Martinique 'MQ', Réunion 'RE' from 1997; incl. Mayotte 'YT' from 2014)",JP,Japan,850710,"Lead-acid accumulators of a kind used for starting piston engine ""starter batteries"" (excl. spent)",1,IMPORT,VALUE_EUR,VALUE_EUR,2009,,48698,
dataflow,ESTAT:DS-059341(1.0),International trade of EU and non-EU countries since 2002 by HS2-4-6,A,Annual,FR,"France (incl. Saint Barthélemy 'BL' -> 2012; incl. French Guiana 'GF', Guadeloupe 'GP', Martinique 'MQ', Réunion 'RE' from 1997; incl. Mayotte 'YT' from 2014)",JP,Japan,850710,"Lead-acid accumulators of a kind used for starting piston engine ""starter batteries"" (excl. spent)",1,IMPORT,VALUE_EUR,VALUE_EUR,2010,,5744194,
dataflow,ESTAT:DS-059341(1.0),International trade of EU and non-EU countries since 2002 by HS2-4-6,A,Annual,FR,"France (incl. Saint Barthélemy 'BL' -> 2012; incl. French Guiana 'GF', Guadeloupe 'GP', Martinique 'MQ', Réunion 'RE' from 1997; incl. Mayotte 'YT' from 2014)",JP,Japan,850710,"Lead-acid accumulators of a kind used for starting piston engine ""starter batteries"" (excl. spent)",1,IMPORT,VALUE_EUR,VALUE_EUR,2011,,4065394,
dataflow,ESTAT:DS-059341(1.0),International trade of EU and non-EU countries since 2002 by HS2-4-6,A,Annual,FR,"France (incl. Saint Barthélemy 'BL' -> 2012; incl. French Guiana 'GF', Guadeloupe 'GP', Martinique 'MQ', Réunion 'RE' from 1997; incl. Mayotte 'YT' from 2014)",JP,Japan,850710,"Lead-acid accumulators of a kind used for starting piston engine ""starter batteries"" (excl. spent)",1,IMPORT,VALUE_EUR,VALUE_EUR,2012,,1270104,
dataflow,ESTAT:DS-059341(1.0),International trade of EU and non-EU countries since 2002 by HS2-4-6,A,Annual,FR,"France (incl. Saint Barthélemy 'BL' -> 2012; incl. French Guiana 'GF', Guadeloupe 'GP', Martinique 'MQ', Réunion 'RE' from 1997; incl. Mayotte 'YT' from 2014)",JP,Japan,850710,"Lead-acid accumulators of a kind used for starting piston engine ""starter batteries"" (excl. spent)",1,IMPORT,VALUE_EUR,VALUE_EUR,2013,,2409127,
dataflow,ESTAT:DS-059341(1.0),International trade of EU and non-EU countries since 2002 by HS2-4-6,A,Annual,FR,"France (incl. Saint Barthélemy 'BL' -> 2012; incl. French Guiana 'GF', Guadeloupe 'GP', Martinique 'MQ', Réunion 'RE' from 1997; incl. Mayotte 'YT' from 2014)",JP,Japan,850710,"Lead-acid accumulators of a kind used for starting piston engine ""starter batteries"" (excl. spent)",1,IMPORT,VALUE_EUR,VALUE_EUR,2014,,2534975,
dataflow,ESTAT:DS-059341(1.0),International trade of EU and non-EU countries since 2002 by HS2-4-6,A,Annual,FR,"France (incl. Saint Barthélemy 'BL' -> 2012; incl. French Guiana 'GF', Guadeloupe 'GP', Martinique 'MQ', Réunion 'RE' from 1997; incl. Mayotte 'YT' from 2014)",JP,Japan,850710,"Lead-acid accumulators of a kind used for starting piston engine ""starter batteries"" (excl. spent)",1,IMPORT,VALUE_EUR,VALUE_EUR,2015,,2596253,
dataflow,ESTAT:DS-059341(1.0),International trade of EU and non-EU countries since 2002 by HS2-4-6,A,Annual,FR,"France (incl. Saint Barthélemy 'BL' -> 2012; incl. French Guiana 'GF', Guadeloupe 'GP', Martinique 'MQ', Réunion 'RE' from 1997; incl. Mayotte 'YT' from 2014)",JP,Japan,850710,"Lead-acid accumulators of a kind used for starting piston engine ""starter batteries"" (excl. spent)",1,IMPORT,VALUE_EUR,VALUE_EUR,2016,,3825784,
dataflow,ESTAT:DS-059341(1.0),International trade of EU and non-EU countries since 2002 by HS2-4-6,A,Annual,FR,"France (incl. Saint Barthélemy 'BL' -> 2012; incl. French Guiana 'GF', Guadeloupe 'GP', Martinique 'MQ', Réunion 'RE' from 1997; incl. Mayotte 'YT' from 2014)",JP,Japan,850710,"Lead-acid accumulators of a kind used for starting piston engine ""starter batteries"" (excl. spent)",1,IMPORT,VALUE_EUR,VALUE_EUR,2017,,4901055,
dataflow,ESTAT:DS-059341(1.0),International trade of EU and non-EU countries since 2002 by HS2-4-6,A,Annual,FR,"France (incl. Saint Barthélemy 'BL' -> 2012; incl. French Guiana 'GF', Guadeloupe 'GP', Martinique 'MQ', Réunion 'RE' from 1997; incl. Mayotte 'YT' from 2014)",JP,Japan,850710,"Lead-acid accumulators of a kind used for starting piston engine ""starter batteries"" (excl. spent)",1,IMPORT,VALUE_EUR,VALUE_EUR,2018,,5766523,
dataflow,ESTAT:DS-059341(1.0),International trade of EU and non-EU countries since 2002 by HS2-4-6,A,Annual,FR,"France (incl. Saint Barthélemy 'BL' -> 2012; incl. French Guiana 'GF', Guadeloupe 'GP', Martinique 'MQ', Réunion 'RE' from 1997; incl. Mayotte 'YT' from 2014)",JP,Japan,850710,"Lead-acid accumulators of a kind used for starting piston engine ""starter batteries"" (excl. spent)",1,IMPORT,VALUE_EUR,VALUE_EUR,2019,,4446567,
dataflow,ESTAT:DS-059341(1.0),International trade of EU and non-EU countries since 2002 by HS2-4-6,A,Annual,FR,"France (incl. Saint Barthélemy 'BL' -> 2012; incl. French Guiana 'GF', Guadeloupe 'GP', Martinique 'MQ', Réunion 'RE' from 1997; incl. Mayotte 'YT' from 2014)",JP,Japan,850710,"Lead-acid accumulators of a kind used for starting piston engine ""starter batteries"" (excl. spent)",1,IMPORT,VALUE_EUR,VALUE_EUR,2020,,1588990,
dataflow,ESTAT:DS-059341(1.0),International trade of EU and non-EU countries since 2002 by HS2-4-6,A,Annual,FR,"France (incl. Saint Barthélemy 'BL' -> 2012; incl. French Guiana 'GF', Guadeloupe 'GP', Martinique 'MQ', Réunion 'RE' from 1997; incl. Mayotte 'YT' from 2014)",JP,Japan,850710,"Lead-acid accumulators of a kind used for starting piston engine ""starter batteries"" (excl. spent)",1,IMPORT,VALUE_EUR,VALUE_EUR,2021,,634808,
dataflow,ESTAT:DS-059341(1.0),International trade of EU and non-EU countries since 2002 by HS2-4-6,A,Annual,FR,"France (incl. Saint Barthélemy 'BL' -> 2012; incl. French Guiana 'GF', Guadeloupe 'GP', Martinique 'MQ', Réunion 'RE' from 1997; incl. Mayotte 'YT' from 2014)",JP,Japan,850710,"Lead-acid accumulators of a kind used for starting piston engine ""starter batteries"" (excl. spent)",1,IMPORT,VALUE_EUR,VALUE_EUR,2022,,683979,
dataflow,ESTAT:DS-059341(1.0),International trade of EU and non-EU countries since 2002 by HS2-4-6,A,Annual,FR,"France (incl. Saint Barthélemy 'BL' -> 2012; incl. French Guiana 'GF', Guadeloupe 'GP', Martinique 'MQ', Réunion 'RE' from 1997; incl. Mayotte 'YT' from 2014)",JP,Japan,850710,"Lead-acid accumulators of a kind used for starting piston engine ""starter batteries"" (excl. spent)",1,IMPORT,VALUE_EUR,VALUE_EUR,2023,,514322,
dataflow,ESTAT:DS-059341(1.0),International trade of EU and non-EU countries since 2002 by HS2-4-6,A,Annual,FR,"France (incl. Saint Barthélemy 'BL' -> 2012; incl. French Guiana 'GF', Guadeloupe 'GP', Martinique 'MQ', Réunion 'RE' from 1997; incl. Mayotte 'YT' from 2014)",JP,Japan,850710,"Lead-acid accumulators of a kind used for starting piston engine ""starter batteries"" (excl. spent)",1,IMPORT,VALUE_EUR,VALUE_EUR,2024,,664972,
dataflow,ESTAT:DS-059341(1.0),International trade of EU and non-EU countries since 2002 by HS2-4-6,A,Annual,FR,"France (incl. Saint Barthélemy 'BL' -> 2012; incl. French Guiana 'GF', Guadeloupe 'GP', Martinique 'MQ', Réunion 'RE' from 1997; incl. Mayotte 'YT' from 2014)",JP,Japan,850710,"Lead-acid accumulators of a kind used for starting piston engine ""starter batteries"" (excl. spent)",2,EXPORT,VALUE_EUR,VALUE_EUR,2002,,721682,
dataflow,ESTAT:DS-059341(1.0),International trade of EU and non-EU countries since 2002 by HS2-4-6,A,Annual,FR,"France (incl. Saint Barthélemy 'BL' -> 2012; incl. French Guiana 'GF', Guadeloupe 'GP', Martinique 'MQ', Réunion 'RE' from 1997; incl. Mayotte 'YT' from 2014)",JP,Japan,850710,"Lead-acid accumulators of a kind used for starting piston engine ""starter batteries"" (excl. spent)",2,EXPORT,VALUE_EUR,VALUE_EUR,2003,,438371,
dataflow,ESTAT:DS-059341(1.0),International trade of EU and non-EU countries since 2002 by HS2-4-6,A,Annual,FR,"France (incl. Saint Barthélemy 'BL' -> 2012; incl. French Guiana 'GF', Guadeloupe 'GP', Martinique 'MQ', Réunion 'RE' from 1997; incl. Mayotte 'YT' from 2014)",JP,Japan,850710,"Lead-acid accumulators of a kind used for starting piston engine ""starter batteries"" (excl. spent)",2,EXPORT,VALUE_EUR,VALUE_EUR,2004,,446963,
dataflow,ESTAT:DS-059341(1.0),International trade of EU and non-EU countries since 2002 by HS2-4-6,A,Annual,FR,"France (incl. Saint Barthélemy 'BL' -> 2012; incl. French Guiana 'GF', Guadeloupe 'GP', Martinique 'MQ', Réunion 'RE' from 1997; incl. Mayotte 'YT' from 2014)",JP,Japan,850710,"Lead-acid accumulators of a kind used for starting piston engine ""starter batteries"" (excl. spent)",2,EXPORT,VALUE_EUR,VALUE_EUR,2005,,162204,
dataflow,ESTAT:DS-059341(1.0),International trade of EU and non-EU countries since 2002 by HS2-4-6,A,Annual,FR,"France (incl. Saint Barthélemy 'BL' -> 2012; incl. French Guiana 'GF', Guadeloupe 'GP', Martinique 'MQ', Réunion 'RE' from 1997; incl. Mayotte 'YT' from 2014)",JP,Japan,850710,"Lead-acid accumulators of a kind used for starting piston engine ""starter batteries"" (excl. spent)",2,EXPORT,VALUE_EUR,VALUE_EUR,2006,,207869,
dataflow,ESTAT:DS-059341(1.0),International trade of EU and non-EU countries since 2002 by HS2-4-6,A,Annual,FR,"France (incl. Saint Barthélemy 'BL' -> 2012; incl. French Guiana 'GF', Guadeloupe 'GP', Martinique 'MQ', Réunion 'RE' from 1997; incl. Mayotte 'YT' from 2014)",JP,Japan,850710,"Lead-acid accumulators of a kind used for starting piston engine ""starter batteries"" (excl. spent)",2,EXPORT,VALUE_EUR,VALUE_EUR,2007,,342422,
dataflow,ESTAT:DS-059341(1.0),International trade of EU and non-EU countries since 2002 by HS2-4-6,A,Annual,FR,"France (incl. Saint Barthélemy 'BL' -> 2012; incl. French Guiana 'GF', Guadeloupe 'GP', Martinique 'MQ', Réunion 'RE' from 1997; incl. Mayotte 'YT' from 2014)",JP,Japan,850710,"Lead-acid accumulators of a kind used for starting piston engine ""starter batteries"" (excl. spent)",2,EXPORT,VALUE_EUR,VALUE_EUR,2008,,604830,
dataflow,ESTAT:DS-059341(1.0),International trade of EU and non-EU countries since 2002 by HS2-4-6,A,Annual,FR,"France (incl. Saint Barthélemy 'BL' -> 2012; incl. French Guiana 'GF', Guadeloupe 'GP', Martinique 'MQ', Réunion 'RE' from 1997; incl. Mayotte 'YT' from 2014)",JP,Japan,850710,"Lead-acid accumulators of a kind used for starting piston engine ""starter batteries"" (excl. spent)",2,EXPORT,VALUE_EUR,VALUE_EUR,2009,,318371,
dataflow,ESTAT:DS-059341(1.0),International trade of EU and non-EU countries since 2002 by HS2-4-6,A,Annual,FR,"France (incl. Saint Barthélemy 'BL' -> 2012; incl. French Guiana 'GF', Guadeloupe 'GP', Martinique 'MQ', Réunion 'RE' from 1997; incl. Mayotte 'YT' from 2014)",JP,Japan,850710,"Lead-acid accumulators of a kind used for starting piston engine ""starter batteries"" (excl. spent)",2,EXPORT,VALUE_EUR,VALUE_EUR,2010,,91276,
dataflow,ESTAT:DS-059341(1.0),International trade of EU and non-EU countries since 2002 by HS2-4-6,A,Annual,FR,"France (incl. Saint Barthélemy 'BL' -> 2012; incl. French Guiana 'GF', Guadeloupe 'GP', Martinique 'MQ', Réunion 'RE' from 1997; incl. Mayotte 'YT' from 2014)",JP,Japan,850710,"Lead-acid accumulators of a kind used for starting piston engine ""starter batteries"" (excl. spent)",2,EXPORT,VALUE_EUR,VALUE_EUR,2011,,82871,
dataflow,ESTAT:DS-059341(1.0),International trade of EU and non-EU countries since 2002 by HS2-4-6,A,Annual,FR,"France (incl. Saint Barthélemy 'BL' -> 2012; incl. French Guiana 'GF', Guadeloupe 'GP', Martinique 'MQ', Réunion 'RE' from 1997; incl. Mayotte 'YT' from 2014)",JP,Japan,850710,"Lead-acid accumulators of a kind used for starting piston engine ""starter batteries"" (excl. spent)",2,EXPORT,VALUE_EUR,VALUE_EUR,2012,,64707,
dataflow,ESTAT:DS-059341(1.0),International trade of EU and non-EU countries since 2002 by HS2-4-6,A,Annual,FR,"France (incl. Saint Barthélemy 'BL' -> 2012; incl. French Guiana 'GF', Guadeloupe 'GP', Martinique 'MQ', Réunion 'RE' from 1997; incl. Mayotte 'YT' from 2014)",JP,Japan,850710,"Lead-acid accumulators of a kind used for starting piston engine ""starter batteries"" (excl. spent)",2,EXPORT,VALUE_EUR,VALUE_EUR,2013,,59169,
dataflow,ESTAT:DS-059341(1.0),International trade of EU and non-EU countries since 2002 by HS2-4-6,A,Annual,FR,"France (incl. Saint Barthélemy 'BL' -> 2012; incl. French Guiana 'GF', Guadeloupe 'GP', Martinique 'MQ', Réunion 'RE' from 1997; incl. Mayotte 'YT' from 2014)",JP,Japan,850710,"Lead-acid accumulators of a kind used for starting piston engine ""starter batteries"" (excl. spent)",2,EXPORT,VALUE_EUR,VALUE_EUR,2014,,31071,
dataflow,ESTAT:DS-059341(1.0),International trade of EU and non-EU countries since 2002 by HS2-4-6,A,Annual,FR,"France (incl. Saint Barthélemy 'BL' -> 2012; incl. French Guiana 'GF', Guadeloupe 'GP', Martinique 'MQ', Réunion 'RE' from 1997; incl. Mayotte 'YT' from 2014)",JP,Japan,850710,"Lead-acid accumulators of a kind used for starting piston engine ""starter batteries"" (excl. spent)",2,EXPORT,VALUE_EUR,VALUE_EUR,2015,,43334,
dataflow,ESTAT:DS-059341(1.0),International trade of EU and non-EU countries since 2002 by HS2-4-6,A,Annual,FR,"France (incl. Saint Barthélemy 'BL' -> 2012; incl. French Guiana 'GF', Guadeloupe 'GP', Martinique 'MQ', Réunion 'RE' from 1997; incl. Mayotte 'YT' from 2014)",JP,Japan,850710,"Lead-acid accumulators of a kind used for starting piston engine ""starter batteries"" (excl. spent)",2,EXPORT,VALUE_EUR,VALUE_EUR,2016,,74295,
dataflow,ESTAT:DS-059341(1.0),International trade of EU and non-EU countries since 2002 by HS2-4-6,A,Annual,FR,"France (incl. Saint Barthélemy 'BL' -> 2012; incl. French Guiana 'GF', Guadeloupe 'GP', Martinique 'MQ', Réunion 'RE' from 1997; incl. Mayotte 'YT' from 2014)",JP,Japan,850710,"Lead-acid accumulators of a kind used for starting piston engine ""starter batteries"" (excl. spent)",2,EXPORT,VALUE_EUR,VALUE_EUR,2017,,74759,
dataflow,ESTAT:DS-059341(1.0),International trade of EU and non-EU countries since 2002 by HS2-4-6,A,Annual,FR,"France (incl. Saint Barthélemy 'BL' -> 2012; incl. French Guiana 'GF', Guadeloupe 'GP', Martinique 'MQ', Réunion 'RE' from 1997; incl. Mayotte 'YT' from 2014)",JP,Japan,850710,"Lead-acid accumulators of a kind used for starting piston engine ""starter batteries"" (excl. spent)",2,EXPORT,VALUE_EUR,VALUE_EUR,2018,,135311,
dataflow,ESTAT:DS-059341(1.0),International trade of EU and non-EU countries since 2002 by HS2-4-6,A,Annual,FR,"France (incl. Saint Barthélemy 'BL' -> 2012; incl. French Guiana 'GF', Guadeloupe 'GP', Martinique 'MQ', Réunion 'RE' from 1997; incl. Mayotte 'YT' from 2014)",JP,Japan,850710,"Lead-acid accumulators of a kind used for starting piston engine ""starter batteries"" (excl. spent)",2,EXPORT,VALUE_EUR,VALUE_EUR,2019,,970505,
dataflow,ESTAT:DS-059341(1.0),International trade of EU and non-EU countries since 2002 by HS2-4-6,A,Annual,FR,"France (incl. Saint Barthélemy 'BL' -> 2012; incl. French Guiana 'GF', Guadeloupe 'GP', Martinique 'MQ', Réunion 'RE' from 1997; incl. Mayotte 'YT' from 2014)",JP,Japan,850710,"Lead-acid accumulators of a kind used for starting piston engine ""starter batteries"" (excl. spent)",2,EXPORT,VALUE_EUR,VALUE_EUR,2020,,2702995,
dataflow,ESTAT:DS-059341(1.0),International trade of EU and non-EU countries since 2002 by HS2-4-6,A,Annual,FR,"France (incl. Saint Barthélemy 'BL' -> 2012; incl. French Guiana 'GF', Guadeloupe 'GP', Martinique 'MQ', Réunion 'RE' from 1997; incl. Mayotte 'YT' from 2014)",JP,Japan,850710,"Lead-acid accumulators of a kind used for starting piston engine ""starter batteries"" (excl. spent)",2,EXPORT,VALUE_EUR,VALUE_EUR,2021,,3316002,
dataflow,ESTAT:DS-059341(1.0),International trade of EU and non-EU countries since 2002 by HS2-4-6,A,Annual,FR,"France (incl. Saint Barthélemy 'BL' -> 2012; incl. French Guiana 'GF', Guadeloupe 'GP', Martinique 'MQ', Réunion 'RE' from 1997; incl. Mayotte 'YT' from 2014)",JP,Japan,850710,"Lead-acid accumulators of a kind used for starting piston engine ""starter batteries"" (excl. spent)",2,EXPORT,VALUE_EUR,VALUE_EUR,2022,,3146198,
dataflow,ESTAT:DS-059341(1.0),International trade of EU and non-EU countries since 2002 by HS2-4-6,A,Annual,FR,"France (incl. Saint Barthélemy 'BL' -> 2012; incl. French Guiana 'GF', Guadeloupe 'GP', Martinique 'MQ', Réunion 'RE' from 1997; incl. Mayotte 'YT' from 2014)",JP,Japan,850710,"Lead-acid accumulators of a kind used for starting piston engine ""starter batteries"" (excl. spent)",2,EXPORT,VALUE_EUR,VALUE_EUR,2023,,2468292,
dataflow,ESTAT:DS-059341(1.0),International trade of EU and non-EU countries since 2002 by HS2-4-6,A,Annual,FR,"France (incl. Saint Barthélemy 'BL' -> 2012; incl. French Guiana 'GF', Guadeloupe 'GP', Martinique 'MQ', Réunion 'RE' from 1997; incl. Mayotte 'YT' from 2014)",JP,Japan,850710,"Lead-acid accumulators of a kind used for starting piston engine ""starter batteries"" (excl. spent)",2,EXPORT,VALUE_EUR,VALUE_EUR,2024,,2931748,
dataflow,ESTAT:DS-059341(1.0),International trade of EU and non-EU countries since 2002 by HS2-4-6,A,Annual,FR,"France (incl. Saint Barthélemy 'BL' -> 2012; incl. French Guiana 'GF', Guadeloupe 'GP', Martinique 'MQ', Réunion 'RE' from 1997; incl. Mayotte 'YT' from 2014)",JP,Japan,850720,Lead acid accumulators (excl. spent and starter batteries),1,IMPORT,VALUE_EUR,VALUE_EUR,2002,,64559,
dataflow,ESTAT:DS-059341(1.0),International trade of EU and non-EU countries since 2002 by HS2-4-6,A,Annual,FR,"France (incl. Saint Barthélemy 'BL' -> 2012; incl. French Guiana 'GF', Guadeloupe 'GP', Martinique 'MQ', Réunion 'RE' from 1997; incl. Mayotte 'YT' from 2014)",JP,Japan,850720,Lead acid accumulators (excl. spent and starter batteries),1,IMPORT,VALUE_EUR,VALUE_EUR,2003,,16054,
dataflow,ESTAT:DS-059341(1.0),International trade of EU and non-EU countries since 2002 by HS2-4-6,A,Annual,FR,"France (incl. Saint Barthélemy 'BL' -> 2012; incl. French Guiana 'GF', Guadeloupe 'GP', Martinique 'MQ', Réunion 'RE' from 1997; incl. Mayotte 'YT' from 2014)",JP,Japan,850720,Lead acid accumulators (excl. spent and starter batteries),1,IMPORT,VALUE_EUR,VALUE_EUR,2004,,30290,
dataflow,ESTAT:DS-059341(1.0),International trade of EU and non-EU countries since 2002 by HS2-4-6,A,Annual,FR,"France (incl. Saint Barthélemy 'BL' -> 2012; incl. French Guiana 'GF', Guadeloupe 'GP', Martinique 'MQ', Réunion 'RE' from 1997; incl. Mayotte 'YT' from 2014)",JP,Japan,850720,Lead acid accumulators (excl. spent and starter batteries),1,IMPORT,VALUE_EUR,VALUE_EUR,2005,,51490,
dataflow,ESTAT:DS-059341(1.0),International trade of EU and non-EU countries since 2002 by HS2-4-6,A,Annual,FR,"France (incl. Saint Barthélemy 'BL' -> 2012; incl. French Guiana 'GF', Guadeloupe 'GP', Martinique 'MQ', Réunion 'RE' from 1997; incl. Mayotte 'YT' from 2014)",JP,Japan,850720,Lead acid accumulators (excl. spent and starter batteries),1,IMPORT,VALUE_EUR,VALUE_EUR,2006,,49103,
dataflow,ESTAT:DS-059341(1.0),International trade of EU and non-EU countries since 2002 by HS2-4-6,A,Annual,FR,"France (incl. Saint Barthélemy 'BL' -> 2012; incl. French Guiana 'GF', Guadeloupe 'GP', Martinique 'MQ', Réunion 'RE' from 1997; incl. Mayotte 'YT' from 2014)",JP,Japan,850720,Lead acid accumulators (excl. spent and starter batteries),1,IMPORT,VALUE_EUR,VALUE_EUR,2007,,278048,
dataflow,ESTAT:DS-059341(1.0),International trade of EU and non-EU countries since 2002 by HS2-4-6,A,Annual,FR,"France (incl. Saint Barthélemy 'BL' -> 2012; incl. French Guiana 'GF', Guadeloupe 'GP', Martinique 'MQ', Réunion 'RE' from 1997; incl. Mayotte 'YT' from 2014)",JP,Japan,850720,Lead acid accumulators (excl. spent and starter batteries),1,IMPORT,VALUE_EUR,VALUE_EUR,2008,,124285,
dataflow,ESTAT:DS-059341(1.0),International trade of EU and non-EU countries since 2002 by HS2-4-6,A,Annual,FR,"France (incl. Saint Barthélemy 'BL' -> 2012; incl. French Guiana 'GF', Guadeloupe 'GP', Martinique 'MQ', Réunion 'RE' from 1997; incl. Mayotte 'YT' from 2014)",JP,Japan,850720,Lead acid accumulators (excl. spent and starter batteries),1,IMPORT,VALUE_EUR,VALUE_EUR,2009,,434620,
dataflow,ESTAT:DS-059341(1.0),International trade of EU and non-EU countries since 2002 by HS2-4-6,A,Annual,FR,"France (incl. Saint Barthélemy 'BL' -> 2012; incl. French Guiana 'GF', Guadeloupe 'GP', Martinique 'MQ', Réunion 'RE' from 1997; incl. Mayotte 'YT' from 2014)",JP,Japan,850720,Lead acid accumulators (excl. spent and starter batteries),1,IMPORT,VALUE_EUR,VALUE_EUR,2010,,312374,
dataflow,ESTAT:DS-059341(1.0),International trade of EU and non-EU countries since 2002 by HS2-4-6,A,Annual,FR,"France (incl. Saint Barthélemy 'BL' -> 2012; incl. French Guiana 'GF', Guadeloupe 'GP', Martinique 'MQ', Réunion 'RE' from 1997; incl. Mayotte 'YT' from 2014)",JP,Japan,850720,Lead acid accumulators (excl. spent and starter batteries),1,IMPORT,VALUE_EUR,VALUE_EUR,2011,,6137,
dataflow,ESTAT:DS-059341(1.0),International trade of EU and non-EU countries since 2002 by HS2-4-6,A,Annual,FR,"France (incl. Saint Barthélemy 'BL' -> 2012; incl. French Guiana 'GF', Guadeloupe 'GP', Martinique 'MQ', Réunion 'RE' from 1997; incl. Mayotte 'YT' from 2014)",JP,Japan,850720,Lead acid accumulators (excl. spent and starter batteries),1,IMPORT,VALUE_EUR,VALUE_EUR,2012,,53516,
dataflow,ESTAT:DS-059341(1.0),International trade of EU and non-EU countries since 2002 by HS2-4-6,A,Annual,FR,"France (incl. Saint Barthélemy 'BL' -> 2012; incl. French Guiana 'GF', Guadeloupe 'GP', Martinique 'MQ', Réunion 'RE' from 1997; incl. Mayotte 'YT' from 2014)",JP,Japan,850720,Lead acid accumulators (excl. spent and starter batteries),1,IMPORT,VALUE_EUR,VALUE_EUR,2013,,91796,
dataflow,ESTAT:DS-059341(1.0),International trade of EU and non-EU countries since 2002 by HS2-4-6,A,Annual,FR,"France (incl. Saint Barthélemy 'BL' -> 2012; incl. French Guiana 'GF', Guadeloupe 'GP', Martinique 'MQ', Réunion 'RE' from 1997; incl. Mayotte 'YT' from 2014)",JP,Japan,850720,Lead acid accumulators (excl. spent and starter batteries),1,IMPORT,VALUE_EUR,VALUE_EUR,2014,,57892,
dataflow,ESTAT:DS-059341(1.0),International trade of EU and non-EU countries since 2002 by HS2-4-6,A,Annual,FR,"France (incl. Saint Barthélemy 'BL' -> 2012; incl. French Guiana 'GF', Guadeloupe 'GP', Martinique 'MQ', Réunion 'RE' from 1997; incl. Mayotte 'YT' from 2014)",JP,Japan,850720,Lead acid accumulators (excl. spent and starter batteries),1,IMPORT,VALUE_EUR,VALUE_EUR,2015,,362971,
dataflow,ESTAT:DS-059341(1.0),International trade of EU and non-EU countries since 2002 by HS2-4-6,A,Annual,FR,"France (incl. Saint Barthélemy 'BL' -> 2012; incl. French Guiana 'GF', Guadeloupe 'GP', Martinique 'MQ', Réunion 'RE' from 1997; incl. Mayotte 'YT' from 2014)",JP,Japan,850720,Lead acid accumulators (excl. spent and starter batteries),1,IMPORT,VALUE_EUR,VALUE_EUR,2016,,69508,
dataflow,ESTAT:DS-059341(1.0),International trade of EU and non-EU countries since 2002 by HS2-4-6,A,Annual,FR,"France (incl. Saint Barthélemy 'BL' -> 2012; incl. French Guiana 'GF', Guadeloupe 'GP', Martinique 'MQ', Réunion 'RE' from 1997; incl. Mayotte 'YT' from 2014)",JP,Japan,850720,Lead acid accumulators (excl. spent and starter batteries),1,IMPORT,VALUE_EUR,VALUE_EUR,2017,,188123,
dataflow,ESTAT:DS-059341(1.0),International trade of EU and non-EU countries since 2002 by HS2-4-6,A,Annual,FR,"France (incl. Saint Barthélemy 'BL' -> 2012; incl. French Guiana 'GF', Guadeloupe 'GP', Martinique 'MQ', Réunion 'RE' from 1997; incl. Mayotte 'YT' from 2014)",JP,Japan,850720,Lead acid accumulators (excl. spent and starter batteries),1,IMPORT,VALUE_EUR,VALUE_EUR,2018,,287826,
dataflow,ESTAT:DS-059341(1.0),International trade of EU and non-EU countries since 2002 by HS2-4-6,A,Annual,FR,"France (incl. Saint Barthélemy 'BL' -> 2012; incl. French Guiana 'GF', Guadeloupe 'GP', Martinique 'MQ', Réunion 'RE' from 1997; incl. Mayotte 'YT' from 2014)",JP,Japan,850720,Lead acid accumulators (excl. spent and starter batteries),1,IMPORT,VALUE_EUR,VALUE_EUR,2019,,215868,
dataflow,ESTAT:DS-059341(1.0),International trade of EU and non-EU countries since 2002 by HS2-4-6,A,Annual,FR,"France (incl. Saint Barthélemy 'BL' -> 2012; incl. French Guiana 'GF', Guadeloupe 'GP', Martinique 'MQ', Réunion 'RE' from 1997; incl. Mayotte 'YT' from 2014)",JP,Japan,850720,Lead acid accumulators (excl. spent and starter batteries),1,IMPORT,VALUE_EUR,VALUE_EUR,2020,,114667,
dataflow,ESTAT:DS-059341(1.0),International trade of EU and non-EU countries since 2002 by HS2-4-6,A,Annual,FR,"France (incl. Saint Barthélemy 'BL' -> 2012; incl. French Guiana 'GF', Guadeloupe 'GP', Martinique 'MQ', Réunion 'RE' from 1997; incl. Mayotte 'YT' from 2014)",JP,Japan,850720,Lead acid accumulators (excl. spent and starter batteries),1,IMPORT,VALUE_EUR,VALUE_EUR,2021,,120740,
dataflow,ESTAT:DS-059341(1.0),International trade of EU and non-EU countries since 2002 by HS2-4-6,A,Annual,FR,"France (incl. Saint Barthélemy 'BL' -> 2012; incl. French Guiana 'GF', Guadeloupe 'GP', Martinique 'MQ', Réunion 'RE' from 1997; incl. Mayotte 'YT' from 2014)",JP,Japan,850720,Lead acid accumulators (excl. spent and starter batteries),1,IMPORT,VALUE_EUR,VALUE_EUR,2022,,54954,
dataflow,ESTAT:DS-059341(1.0),International trade of EU and non-EU countries since 2002 by HS2-4-6,A,Annual,FR,"France (incl. Saint Barthélemy 'BL' -> 2012; incl. French Guiana 'GF', Guadeloupe 'GP', Martinique 'MQ', Réunion 'RE' from 1997; incl. Mayotte 'YT' from 2014)",JP,Japan,850720,Lead acid accumulators (excl. spent and starter batteries),1,IMPORT,VALUE_EUR,VALUE_EUR,2023,,31077,
dataflow,ESTAT:DS-059341(1.0),International trade of EU and non-EU countries since 2002 by HS2-4-6,A,Annual,FR,"France (incl. Saint Barthélemy 'BL' -> 2012; incl. French Guiana 'GF', Guadeloupe 'GP', Martinique 'MQ', Réunion 'RE' from 1997; incl. Mayotte 'YT' from 2014)",JP,Japan,850720,Lead acid accumulators (excl. spent and starter batteries),1,IMPORT,VALUE_EUR,VALUE_EUR,2024,,17406,
dataflow,ESTAT:DS-059341(1.0),International trade of EU and non-EU countries since 2002 by HS2-4-6,A,Annual,FR,"France (incl. Saint Barthélemy 'BL' -> 2012; incl. French Guiana 'GF', Guadeloupe 'GP', Martinique 'MQ', Réunion 'RE' from 1997; incl. Mayotte 'YT' from 2014)",JP,Japan,850720,Lead acid accumulators (excl. spent and starter batteries),2,EXPORT,VALUE_EUR,VALUE_EUR,2002,,120611,
dataflow,ESTAT:DS-059341(1.0),International trade of EU and non-EU countries since 2002 by HS2-4-6,A,Annual,FR,"France (incl. Saint Barthélemy 'BL' -> 2012; incl. French Guiana 'GF', Guadeloupe 'GP', Martinique 'MQ', Réunion 'RE' from 1997; incl. Mayotte 'YT' from 2014)",JP,Japan,850720,Lead acid accumulators (excl. spent and starter batteries),2,EXPORT,VALUE_EUR,VALUE_EUR,2003,,46796,
dataflow,ESTAT:DS-059341(1.0),International trade of EU and non-EU countries since 2002 by HS2-4-6,A,Annual,FR,"France (incl. Saint Barthélemy 'BL' -> 2012; incl. French Guiana 'GF', Guadeloupe 'GP', Martinique 'MQ', Réunion 'RE' from 1997; incl. Mayotte 'YT' from 2014)",JP,Japan,850720,Lead acid accumulators (excl. spent and starter batteries),2,EXPORT,VALUE_EUR,VALUE_EUR,2004,,19015,
dataflow,ESTAT:DS-059341(1.0),International trade of EU and non-EU countries since 2002 by HS2-4-6,A,Annual,FR,"France (incl. Saint Barthélemy 'BL' -> 2012; incl. French Guiana 'GF', Guadeloupe 'GP', Martinique 'MQ', Réunion 'RE' from 1997; incl. Mayotte 'YT' from 2014)",JP,Japan,850720,Lead acid accumulators (excl. spent and starter batteries),2,EXPORT,VALUE_EUR,VALUE_EUR,2005,,30491,
dataflow,ESTAT:DS-059341(1.0),International trade of EU and non-EU countries since 2002 by HS2-4-6,A,Annual,FR,"France (incl. Saint Barthélemy 'BL' -> 2012; incl. French Guiana 'GF', Guadeloupe 'GP', Martinique 'MQ', Réunion 'RE' from 1997; incl. Mayotte 'YT' from 2014)",JP,Japan,850720,Lead acid accumulators (excl. spent and starter batteries),2,EXPORT,VALUE_EUR,VALUE_EUR,2006,,39162,
dataflow,ESTAT:DS-059341(1.0),International trade of EU and non-EU countries since 2002 by HS2-4-6,A,Annual,FR,"France (incl. Saint Barthélemy 'BL' -> 2012; incl. French Guiana 'GF', Guadeloupe 'GP', Martinique 'MQ', Réunion 'RE' from 1997; incl. Mayotte 'YT' from 2014)",JP,Japan,850720,Lead acid accumulators (excl. spent and starter batteries),2,EXPORT,VALUE_EUR,VALUE_EUR,2007,,136203,
dataflow,ESTAT:DS-059341(1.0),International trade of EU and non-EU countries since 2002 by HS2-4-6,A,Annual,FR,"France (incl. Saint Barthélemy 'BL' -> 2012; incl. French Guiana 'GF', Guadeloupe 'GP', Martinique 'MQ', Réunion 'RE' from 1997; incl. Mayotte 'YT' from 2014)",JP,Japan,850720,Lead acid accumulators (excl. spent and starter batteries),2,EXPORT,VALUE_EUR,VALUE_EUR,2008,,468419,
dataflow,ESTAT:DS-059341(1.0),International trade of EU and non-EU countries since 2002 by HS2-4-6,A,Annual,FR,"France (incl. Saint Barthélemy 'BL' -> 2012; incl. French Guiana 'GF', Guadeloupe 'GP', Martinique 'MQ', Réunion 'RE' from 1997; incl. Mayotte 'YT' from 2014)",JP,Japan,850720,Lead acid accumulators (excl. spent and starter batteries),2,EXPORT,VALUE_EUR,VALUE_EUR,2009,,225651,
dataflow,ESTAT:DS-059341(1.0),International trade of EU and non-EU countries since 2002 by HS2-4-6,A,Annual,FR,"France (incl. Saint Barthélemy 'BL' -> 2012; incl. French Guiana 'GF', Guadeloupe 'GP', Martinique 'MQ', Réunion 'RE' from 1997; incl. Mayotte 'YT' from 2014)",JP,Japan,850720,Lead acid accumulators (excl. spent and starter batteries),2,EXPORT,VALUE_EUR,VALUE_EUR,2010,,16494,
dataflow,ESTAT:DS-059341(1.0),International trade of EU and non-EU countries since 2002 by HS2-4-6,A,Annual,FR,"France (incl. Saint Barthélemy 'BL' -> 2012; incl. French Guiana 'GF', Guadeloupe 'GP', Martinique 'MQ', Réunion 'RE' from 1997; incl. Mayotte 'YT' from 2014)",JP,Japan,850720,Lead acid accumulators (excl. spent and starter batteries),2,EXPORT,VALUE_EUR,VALUE_EUR,2011,,98677,
dataflow,ESTAT:DS-059341(1.0),International trade of EU and non-EU countries since 2002 by HS2-4-6,A,Annual,FR,"France (incl. Saint Barthélemy 'BL' -> 2012; incl. French Guiana 'GF', Guadeloupe 'GP', Martinique 'MQ', Réunion 'RE' from 1997; incl. Mayotte 'YT' from 2014)",JP,Japan,850720,Lead acid accumulators (excl. spent and starter batteries),2,EXPORT,VALUE_EUR,VALUE_EUR,2012,,105035,
dataflow,ESTAT:DS-059341(1.0),International trade of EU and non-EU countries since 2002 by HS2-4-6,A,Annual,FR,"France (incl. Saint Barthélemy 'BL' -> 2012; incl. French Guiana 'GF', Guadeloupe 'GP', Martinique 'MQ', Réunion 'RE' from 1997; incl. Mayotte 'YT' from 2014)",JP,Japan,850720,Lead acid accumulators (excl. spent and starter batteries),2,EXPORT,VALUE_EUR,VALUE_EUR,2013,,107124,
dataflow,ESTAT:DS-059341(1.0),International trade of EU and non-EU countries since 2002 by HS2-4-6,A,Annual,FR,"France (incl. Saint Barthélemy 'BL' -> 2012; incl. French Guiana 'GF', Guadeloupe 'GP', Martinique 'MQ', Réunion 'RE' from 1997; incl. Mayotte 'YT' from 2014)",JP,Japan,850720,Lead acid accumulators (excl. spent and starter batteries),2,EXPORT,VALUE_EUR,VALUE_EUR,2014,,118579,
dataflow,ESTAT:DS-059341(1.0),International trade of EU and non-EU countries since 2002 by HS2-4-6,A,Annual,FR,"France (incl. Saint Barthélemy 'BL' -> 2012; incl. French Guiana 'GF', Guadeloupe 'GP', Martinique 'MQ', Réunion 'RE' from 1997; incl. Mayotte 'YT' from 2014)",JP,Japan,850720,Lead acid accumulators (excl. spent and starter batteries),2,EXPORT,VALUE_EUR,VALUE_EUR,2015,,111653,
dataflow,ESTAT:DS-059341(1.0),International trade of EU and non-EU countries since 2002 by HS2-4-6,A,Annual,FR,"France (incl. Saint Barthélemy 'BL' -> 2012; incl. French Guiana 'GF', Guadeloupe 'GP', Martinique 'MQ', Réunion 'RE' from 1997; incl. Mayotte 'YT' from 2014)",JP,Japan,850720,Lead acid accumulators (excl. spent and starter batteries),2,EXPORT,VALUE_EUR,VALUE_EUR,2016,,151657,
dataflow,ESTAT:DS-059341(1.0),International trade of EU and non-EU countries since 2002 by HS2-4-6,A,Annual,FR,"France (incl. Saint Barthélemy 'BL' -> 2012; incl. French Guiana 'GF', Guadeloupe 'GP', Martinique 'MQ', Réunion 'RE' from 1997; incl. Mayotte 'YT' from 2014)",JP,Japan,850720,Lead acid accumulators (excl. spent and starter batteries),2,EXPORT,VALUE_EUR,VALUE_EUR,2017,,148660,
dataflow,ESTAT:DS-059341(1.0),International trade of EU and non-EU countries since 2002 by HS2-4-6,A,Annual,FR,"France (incl. Saint Barthélemy 'BL' -> 2012; incl. French Guiana 'GF', Guadeloupe 'GP', Martinique 'MQ', Réunion 'RE' from 1997; incl. Mayotte 'YT' from 2014)",JP,Japan,850720,Lead acid accumulators (excl. spent and starter batteries),2,EXPORT,VALUE_EUR,VALUE_EUR,2018,,187267,
dataflow,ESTAT:DS-059341(1.0),International trade of EU and non-EU countries since 2002 by HS2-4-6,A,Annual,FR,"France (incl. Saint Barthélemy 'BL' -> 2012; incl. French Guiana 'GF', Guadeloupe 'GP', Martinique 'MQ', Réunion 'RE' from 1997; incl. Mayotte 'YT' from 2014)",JP,Japan,850720,Lead acid accumulators (excl. spent and starter batteries),2,EXPORT,VALUE_EUR,VALUE_EUR,2019,,48562,
dataflow,ESTAT:DS-059341(1.0),International trade of EU and non-EU countries since 2002 by HS2-4-6,A,Annual,FR,"France (incl. Saint Barthélemy 'BL' -> 2012; incl. French Guiana 'GF', Guadeloupe 'GP', Martinique 'MQ', Réunion 'RE' from 1997; incl. Mayotte 'YT' from 2014)",JP,Japan,850720,Lead acid accumulators (excl. spent and starter batteries),2,EXPORT,VALUE_EUR,VALUE_EUR,2020,,1556039,
dataflow,ESTAT:DS-059341(1.0),International trade of EU and non-EU countries since 2002 by HS2-4-6,A,Annual,FR,"France (incl. Saint Barthélemy 'BL' -> 2012; incl. French Guiana 'GF', Guadeloupe 'GP', Martinique 'MQ', Réunion 'RE' from 1997; incl. Mayotte 'YT' from 2014)",JP,Japan,850720,Lead acid accumulators (excl. spent and starter batteries),2,EXPORT,VALUE_EUR,VALUE_EUR,2021,,251401,
dataflow,ESTAT:DS-059341(1.0),International trade of EU and non-EU countries since 2002 by HS2-4-6,A,Annual,FR,"France (incl. Saint Barthélemy 'BL' -> 2012; incl. French Guiana 'GF', Guadeloupe 'GP', Martinique 'MQ', Réunion 'RE' from 1997; incl. Mayotte 'YT' from 2014)",JP,Japan,850720,Lead acid accumulators (excl. spent and starter batteries),2,EXPORT,VALUE_EUR,VALUE_EUR,2022,,532292,
dataflow,ESTAT:DS-059341(1.0),International trade of EU and non-EU countries since 2002 by HS2-4-6,A,Annual,FR,"France (incl. Saint Barthélemy 'BL' -> 2012; incl. French Guiana 'GF', Guadeloupe 'GP', Martinique 'MQ', Réunion 'RE' from 1997; incl. Mayotte 'YT' from 2014)",JP,Japan,850720,Lead acid accumulators (excl. spent and starter batteries),2,EXPORT,VALUE_EUR,VALUE_EUR,2023,,2199968,
dataflow,ESTAT:DS-059341(1.0),International trade of EU and non-EU countries since 2002 by HS2-4-6,A,Annual,FR,"France (incl. Saint Barthélemy 'BL' -> 2012; incl. French Guiana 'GF', Guadeloupe 'GP', Martinique 'MQ', Réunion 'RE' from 1997; incl. Mayotte 'YT' from 2014)",JP,Japan,850720,Lead acid accumulators (excl. spent and starter batteries),2,EXPORT,VALUE_EUR,VALUE_EUR,2024,,1059859,
dataflow,ESTAT:DS-059341(1.0),International trade of EU and non-EU countries since 2002 by HS2-4-6,A,Annual,FR,"France (incl. Saint Barthélemy 'BL' -> 2012; incl. French Guiana 'GF', Guadeloupe 'GP', Martinique 'MQ', Réunion 'RE' from 1997; incl. Mayotte 'YT' from 2014)",JP,Japan,850730,Nickel-cadmium accumulators (excl. spent),1,IMPORT,VALUE_EUR,VALUE_EUR,2002,,1999048,
dataflow,ESTAT:DS-059341(1.0),International trade of EU and non-EU countries since 2002 by HS2-4-6,A,Annual,FR,"France (incl. Saint Barthélemy 'BL' -> 2012; incl. French Guiana 'GF', Guadeloupe 'GP', Martinique 'MQ', Réunion 'RE' from 1997; incl. Mayotte 'YT' from 2014)",JP,Japan,850730,Nickel-cadmium accumulators (excl. spent),1,IMPORT,VALUE_EUR,VALUE_EUR,2003,,1469958,
dataflow,ESTAT:DS-059341(1.0),International trade of EU and non-EU countries since 2002 by HS2-4-6,A,Annual,FR,"France (incl. Saint Barthélemy 'BL' -> 2012; incl. French Guiana 'GF', Guadeloupe 'GP', Martinique 'MQ', Réunion 'RE' from 1997; incl. Mayotte 'YT' from 2014)",JP,Japan,850730,Nickel-cadmium accumulators (excl. spent),1,IMPORT,VALUE_EUR,VALUE_EUR,2004,,1116807,
dataflow,ESTAT:DS-059341(1.0),International trade of EU and non-EU countries since 2002 by HS2-4-6,A,Annual,FR,"France (incl. Saint Barthélemy 'BL' -> 2012; incl. French Guiana 'GF', Guadeloupe 'GP', Martinique 'MQ', Réunion 'RE' from 1997; incl. Mayotte 'YT' from 2014)",JP,Japan,850730,Nickel-cadmium accumulators (excl. spent),1,IMPORT,VALUE_EUR,VALUE_EUR,2005,,1305162,
dataflow,ESTAT:DS-059341(1.0),International trade of EU and non-EU countries since 2002 by HS2-4-6,A,Annual,FR,"France (incl. Saint Barthélemy 'BL' -> 2012; incl. French Guiana 'GF', Guadeloupe 'GP', Martinique 'MQ', Réunion 'RE' from 1997; incl. Mayotte 'YT' from 2014)",JP,Japan,850730,Nickel-cadmium accumulators (excl. spent),1,IMPORT,VALUE_EUR,VALUE_EUR,2006,,874404,
dataflow,ESTAT:DS-059341(1.0),International trade of EU and non-EU countries since 2002 by HS2-4-6,A,Annual,FR,"France (incl. Saint Barthélemy 'BL' -> 2012; incl. French Guiana 'GF', Guadeloupe 'GP', Martinique 'MQ', Réunion 'RE' from 1997; incl. Mayotte 'YT' from 2014)",JP,Japan,850730,Nickel-cadmium accumulators (excl. spent),1,IMPORT,VALUE_EUR,VALUE_EUR,2007,,567903,
dataflow,ESTAT:DS-059341(1.0),International trade of EU and non-EU countries since 2002 by HS2-4-6,A,Annual,FR,"France (incl. Saint Barthélemy 'BL' -> 2012; incl. French Guiana 'GF', Guadeloupe 'GP', Martinique 'MQ', Réunion 'RE' from 1997; incl. Mayotte 'YT' from 2014)",JP,Japan,850730,Nickel-cadmium accumulators (excl. spent),1,IMPORT,VALUE_EUR,VALUE_EUR,2008,,532781,
dataflow,ESTAT:DS-059341(1.0),International trade of EU and non-EU countries since 2002 by HS2-4-6,A,Annual,FR,"France (incl. Saint Barthélemy 'BL' -> 2012; incl. French Guiana 'GF', Guadeloupe 'GP', Martinique 'MQ', Réunion 'RE' from 1997; incl. Mayotte 'YT' from 2014)",JP,Japan,850730,Nickel-cadmium accumulators (excl. spent),1,IMPORT,VALUE_EUR,VALUE_EUR,2009,,524517,
dataflow,ESTAT:DS-059341(1.0),International trade of EU and non-EU countries since 2002 by HS2-4-6,A,Annual,FR,"France (incl. Saint Barthélemy 'BL' -> 2012; incl. French Guiana 'GF', Guadeloupe 'GP', Martinique 'MQ', Réunion 'RE' from 1997; incl. Mayotte 'YT' from 2014)",JP,Japan,850730,Nickel-cadmium accumulators (excl. spent),1,IMPORT,VALUE_EUR,VALUE_EUR,2010,,1852485,
dataflow,ESTAT:DS-059341(1.0),International trade of EU and non-EU countries since 2002 by HS2-4-6,A,Annual,FR,"France (incl. Saint Barthélemy 'BL' -> 2012; incl. French Guiana 'GF', Guadeloupe 'GP', Martinique 'MQ', Réunion 'RE' from 1997; incl. Mayotte 'YT' from 2014)",JP,Japan,850730,Nickel-cadmium accumulators (excl. spent),1,IMPORT,VALUE_EUR,VALUE_EUR,2011,,616130,
dataflow,ESTAT:DS-059341(1.0),International trade of EU and non-EU countries since 2002 by HS2-4-6,A,Annual,FR,"France (incl. Saint Barthélemy 'BL' -> 2012; incl. French Guiana 'GF', Guadeloupe 'GP', Martinique 'MQ', Réunion 'RE' from 1997; incl. Mayotte 'YT' from 2014)",JP,Japan,850730,Nickel-cadmium accumulators (excl. spent),1,IMPORT,VALUE_EUR,VALUE_EUR,2012,,3429437,
dataflow,ESTAT:DS-059341(1.0),International trade of EU and non-EU countries since 2002 by HS2-4-6,A,Annual,FR,"France (incl. Saint Barthélemy 'BL' -> 2012; incl. French Guiana 'GF', Guadeloupe 'GP', Martinique 'MQ', Réunion 'RE' from 1997; incl. Mayotte 'YT' from 2014)",JP,Japan,850730,Nickel-cadmium accumulators (excl. spent),1,IMPORT,VALUE_EUR,VALUE_EUR,2013,,367293,
dataflow,ESTAT:DS-059341(1.0),International trade of EU and non-EU countries since 2002 by HS2-4-6,A,Annual,FR,"France (incl. Saint Barthélemy 'BL' -> 2012; incl. French Guiana 'GF', Guadeloupe 'GP', Martinique 'MQ', Réunion 'RE' from 1997; incl. Mayotte 'YT' from 2014)",JP,Japan,850730,Nickel-cadmium accumulators (excl. spent),1,IMPORT,VALUE_EUR,VALUE_EUR,2014,,304815,
dataflow,ESTAT:DS-059341(1.0),International trade of EU and non-EU countries since 2002 by HS2-4-6,A,Annual,FR,"France (incl. Saint Barthélemy 'BL' -> 2012; incl. French Guiana 'GF', Guadeloupe 'GP', Martinique 'MQ', Réunion 'RE' from 1997; incl. Mayotte 'YT' from 2014)",JP,Japan,850730,Nickel-cadmium accumulators (excl. spent),1,IMPORT,VALUE_EUR,VALUE_EUR,2015,,152548,
dataflow,ESTAT:DS-059341(1.0),International trade of EU and non-EU countries since 2002 by HS2-4-6,A,Annual,FR,"France (incl. Saint Barthélemy 'BL' -> 2012; incl. French Guiana 'GF', Guadeloupe 'GP', Martinique 'MQ', Réunion 'RE' from 1997; incl. Mayotte 'YT' from 2014)",JP,Japan,850730,Nickel-cadmium accumulators (excl. spent),1,IMPORT,VALUE_EUR,VALUE_EUR,2016,,124313,
dataflow,ESTAT:DS-059341(1.0),International trade of EU and non-EU countries since 2002 by HS2-4-6,A,Annual,FR,"France (incl. Saint Barthélemy 'BL' -> 2012; incl. French Guiana 'GF', Guadeloupe 'GP', Martinique 'MQ', Réunion 'RE' from 1997; incl. Mayotte 'YT' from 2014)",JP,Japan,850730,Nickel-cadmium accumulators (excl. spent),1,IMPORT,VALUE_EUR,VALUE_EUR,2017,,59167,
dataflow,ESTAT:DS-059341(1.0),International trade of EU and non-EU countries since 2002 by HS2-4-6,A,Annual,FR,"France (incl. Saint Barthélemy 'BL' -> 2012; incl. French Guiana 'GF', Guadeloupe 'GP', Martinique 'MQ', Réunion 'RE' from 1997; incl. Mayotte 'YT' from 2014)",JP,Japan,850730,Nickel-cadmium accumulators (excl. spent),1,IMPORT,VALUE_EUR,VALUE_EUR,2018,,25299,
dataflow,ESTAT:DS-059341(1.0),International trade of EU and non-EU countries since 2002 by HS2-4-6,A,Annual,FR,"France (incl. Saint Barthélemy 'BL' -> 2012; incl. French Guiana 'GF', Guadeloupe 'GP', Martinique 'MQ', Réunion 'RE' from 1997; incl. Mayotte 'YT' from 2014)",JP,Japan,850730,Nickel-cadmium accumulators (excl. spent),1,IMPORT,VALUE_EUR,VALUE_EUR,2019,,78301,
dataflow,ESTAT:DS-059341(1.0),International trade of EU and non-EU countries since 2002 by HS2-4-6,A,Annual,FR,"France (incl. Saint Barthélemy 'BL' -> 2012; incl. French Guiana 'GF', Guadeloupe 'GP', Martinique 'MQ', Réunion 'RE' from 1997; incl. Mayotte 'YT' from 2014)",JP,Japan,850730,Nickel-cadmium accumulators (excl. spent),1,IMPORT,VALUE_EUR,VALUE_EUR,2020,,56116,
dataflow,ESTAT:DS-059341(1.0),International trade of EU and non-EU countries since 2002 by HS2-4-6,A,Annual,FR,"France (incl. Saint Barthélemy 'BL' -> 2012; incl. French Guiana 'GF', Guadeloupe 'GP', Martinique 'MQ', Réunion 'RE' from 1997; incl. Mayotte 'YT' from 2014)",JP,Japan,850730,Nickel-cadmium accumulators (excl. spent),1,IMPORT,VALUE_EUR,VALUE_EUR,2021,,17545,
dataflow,ESTAT:DS-059341(1.0),International trade of EU and non-EU countries since 2002 by HS2-4-6,A,Annual,FR,"France (incl. Saint Barthélemy 'BL' -> 2012; incl. French Guiana 'GF', Guadeloupe 'GP', Martinique 'MQ', Réunion 'RE' from 1997; incl. Mayotte 'YT' from 2014)",JP,Japan,850730,Nickel-cadmium accumulators (excl. spent),1,IMPORT,VALUE_EUR,VALUE_EUR,2022,,13523,
dataflow,ESTAT:DS-059341(1.0),International trade of EU and non-EU countries since 2002 by HS2-4-6,A,Annual,FR,"France (incl. Saint Barthélemy 'BL' -> 2012; incl. French Guiana 'GF', Guadeloupe 'GP', Martinique 'MQ', Réunion 'RE' from 1997; incl. Mayotte 'YT' from 2014)",JP,Japan,850730,Nickel-cadmium accumulators (excl. spent),1,IMPORT,VALUE_EUR,VALUE_EUR,2023,,71010,
dataflow,ESTAT:DS-059341(1.0),International trade of EU and non-EU countries since 2002 by HS2-4-6,A,Annual,FR,"France (incl. Saint Barthélemy 'BL' -> 2012; incl. French Guiana 'GF', Guadeloupe 'GP', Martinique 'MQ', Réunion 'RE' from 1997; incl. Mayotte 'YT' from 2014)",JP,Japan,850730,Nickel-cadmium accumulators (excl. spent),1,IMPORT,VALUE_EUR,VALUE_EUR,2024,,97825,
dataflow,ESTAT:DS-059341(1.0),International trade of EU and non-EU countries since 2002 by HS2-4-6,A,Annual,FR,"France (incl. Saint Barthélemy 'BL' -> 2012; incl. French Guiana 'GF', Guadeloupe 'GP', Martinique 'MQ', Réunion 'RE' from 1997; incl. Mayotte 'YT' from 2014)",JP,Japan,850730,Nickel-cadmium accumulators (excl. spent),2,EXPORT,VALUE_EUR,VALUE_EUR,2002,,2013773,
dataflow,ESTAT:DS-059341(1.0),International trade of EU and non-EU countries since 2002 by HS2-4-6,A,Annual,FR,"France (incl. Saint Barthélemy 'BL' -> 2012; incl. French Guiana 'GF', Guadeloupe 'GP', Martinique 'MQ', Réunion 'RE' from 1997; incl. Mayotte 'YT' from 2014)",JP,Japan,850730,Nickel-cadmium accumulators (excl. spent),2,EXPORT,VALUE_EUR,VALUE_EUR,2003,,3215728,
dataflow,ESTAT:DS-059341(1.0),International trade of EU and non-EU countries since 2002 by HS2-4-6,A,Annual,FR,"France (incl. Saint Barthélemy 'BL' -> 2012; incl. French Guiana 'GF', Guadeloupe 'GP', Martinique 'MQ', Réunion 'RE' from 1997; incl. Mayotte 'YT' from 2014)",JP,Japan,850730,Nickel-cadmium accumulators (excl. spent),2,EXPORT,VALUE_EUR,VALUE_EUR,2004,,1363854,
dataflow,ESTAT:DS-059341(1.0),International trade of EU and non-EU countries since 2002 by HS2-4-6,A,Annual,FR,"France (incl. Saint Barthélemy 'BL' -> 2012; incl. French Guiana 'GF', Guadeloupe 'GP', Martinique 'MQ', Réunion 'RE' from 1997; incl. Mayotte 'YT' from 2014)",JP,Japan,850730,Nickel-cadmium accumulators (excl. spent),2,EXPORT,VALUE_EUR,VALUE_EUR,2005,,2038322,
dataflow,ESTAT:DS-059341(1.0),International trade of EU and non-EU countries since 2002 by HS2-4-6,A,Annual,FR,"France (incl. Saint Barthélemy 'BL' -> 2012; incl. French Guiana 'GF', Guadeloupe 'GP', Martinique 'MQ', Réunion 'RE' from 1997; incl. Mayotte 'YT' from 2014)",JP,Japan,850730,Nickel-cadmium accumulators (excl. spent),2,EXPORT,VALUE_EUR,VALUE_EUR,2006,,3263982,
dataflow,ESTAT:DS-059341(1.0),International trade of EU and non-EU countries since 2002 by HS2-4-6,A,Annual,FR,"France (incl. Saint Barthélemy 'BL' -> 2012; incl. French Guiana 'GF', Guadeloupe 'GP', Martinique 'MQ', Réunion 'RE' from 1997; incl. Mayotte 'YT' from 2014)",JP,Japan,850730,Nickel-cadmium accumulators (excl. spent),2,EXPORT,VALUE_EUR,VALUE_EUR,2007,,2774961,
dataflow,ESTAT:DS-059341(1.0),International trade of EU and non-EU countries since 2002 by HS2-4-6,A,Annual,FR,"France (incl. Saint Barthélemy 'BL' -> 2012; incl. French Guiana 'GF', Guadeloupe 'GP', Martinique 'MQ', Réunion 'RE' from 1997; incl. Mayotte 'YT' from 2014)",JP,Japan,850730,Nickel-cadmium accumulators (excl. spent),2,EXPORT,VALUE_EUR,VALUE_EUR,2008,,3561667,
dataflow,ESTAT:DS-059341(1.0),International trade of EU and non-EU countries since 2002 by HS2-4-6,A,Annual,FR,"France (incl. Saint Barthélemy 'BL' -> 2012; incl. French Guiana 'GF', Guadeloupe 'GP', Martinique 'MQ', Réunion 'RE' from 1997; incl. Mayotte 'YT' from 2014)",JP,Japan,850730,Nickel-cadmium accumulators (excl. spent),2,EXPORT,VALUE_EUR,VALUE_EUR,2009,,2854516,
dataflow,ESTAT:DS-059341(1.0),International trade of EU and non-EU countries since 2002 by HS2-4-6,A,Annual,FR,"France (incl. Saint Barthélemy 'BL' -> 2012; incl. French Guiana 'GF', Guadeloupe 'GP', Martinique 'MQ', Réunion 'RE' from 1997; incl. Mayotte 'YT' from 2014)",JP,Japan,850730,Nickel-cadmium accumulators (excl. spent),2,EXPORT,VALUE_EUR,VALUE_EUR,2010,,3353009,
dataflow,ESTAT:DS-059341(1.0),International trade of EU and non-EU countries since 2002 by HS2-4-6,A,Annual,FR,"France (incl. Saint Barthélemy 'BL' -> 2012; incl. French Guiana 'GF', Guadeloupe 'GP', Martinique 'MQ', Réunion 'RE' from 1997; incl. Mayotte 'YT' from 2014)",JP,Japan,850730,Nickel-cadmium accumulators (excl. spent),2,EXPORT,VALUE_EUR,VALUE_EUR,2011,,2031657,
dataflow,ESTAT:DS-059341(1.0),International trade of EU and non-EU countries since 2002 by HS2-4-6,A,Annual,FR,"France (incl. Saint Barthélemy 'BL' -> 2012; incl. French Guiana 'GF', Guadeloupe 'GP', Martinique 'MQ', Réunion 'RE' from 1997; incl. Mayotte 'YT' from 2014)",JP,Japan,850730,Nickel-cadmium accumulators (excl. spent),2,EXPORT,VALUE_EUR,VALUE_EUR,2012,,2761867,
dataflow,ESTAT:DS-059341(1.0),International trade of EU and non-EU countries since 2002 by HS2-4-6,A,Annual,FR,"France (incl. Saint Barthélemy 'BL' -> 2012; incl. French Guiana 'GF', Guadeloupe 'GP', Martinique 'MQ', Réunion 'RE' from 1997; incl. Mayotte 'YT' from 2014)",JP,Japan,850730,Nickel-cadmium accumulators (excl. spent),2,EXPORT,VALUE_EUR,VALUE_EUR,2013,,1498402,
dataflow,ESTAT:DS-059341(1.0),International trade of EU and non-EU countries since 2002 by HS2-4-6,A,Annual,FR,"France (incl. Saint Barthélemy 'BL' -> 2012; incl. French Guiana 'GF', Guadeloupe 'GP', Martinique 'MQ', Réunion 'RE' from 1997; incl. Mayotte 'YT' from 2014)",JP,Japan,850730,Nickel-cadmium accumulators (excl. spent),2,EXPORT,VALUE_EUR,VALUE_EUR,2014,,1262873,
dataflow,ESTAT:DS-059341(1.0),International trade of EU and non-EU countries since 2002 by HS2-4-6,A,Annual,FR,"France (incl. Saint Barthélemy 'BL' -> 2012; incl. French Guiana 'GF', Guadeloupe 'GP', Martinique 'MQ', Réunion 'RE' from 1997; incl. Mayotte 'YT' from 2014)",JP,Japan,850730,Nickel-cadmium accumulators (excl. spent),2,EXPORT,VALUE_EUR,VALUE_EUR,2015,,1253401,
dataflow,ESTAT:DS-059341(1.0),International trade of EU and non-EU countries since 2002 by HS2-4-6,A,Annual,FR,"France (incl. Saint Barthélemy 'BL' -> 2012; incl. French Guiana 'GF', Guadeloupe 'GP', Martinique 'MQ', Réunion 'RE' from 1997; incl. Mayotte 'YT' from 2014)",JP,Japan,850730,Nickel-cadmium accumulators (excl. spent),2,EXPORT,VALUE_EUR,VALUE_EUR,2016,,1668268,
dataflow,ESTAT:DS-059341(1.0),International trade of EU and non-EU countries since 2002 by HS2-4-6,A,Annual,FR,"France (incl. Saint Barthélemy 'BL' -> 2012; incl. French Guiana 'GF', Guadeloupe 'GP', Martinique 'MQ', Réunion 'RE' from 1997; incl. Mayotte 'YT' from 2014)",JP,Japan,850730,Nickel-cadmium accumulators (excl. spent),2,EXPORT,VALUE_EUR,VALUE_EUR,2017,,2883373,
dataflow,ESTAT:DS-059341(1.0),International trade of EU and non-EU countries since 2002 by HS2-4-6,A,Annual,FR,"France (incl. Saint Barthélemy 'BL' -> 2012; incl. French Guiana 'GF', Guadeloupe 'GP', Martinique 'MQ', Réunion 'RE' from 1997; incl. Mayotte 'YT' from 2014)",JP,Japan,850730,Nickel-cadmium accumulators (excl. spent),2,EXPORT,VALUE_EUR,VALUE_EUR,2018,,1685421,
dataflow,ESTAT:DS-059341(1.0),International trade of EU and non-EU countries since 2002 by HS2-4-6,A,Annual,FR,"France (incl. Saint Barthélemy 'BL' -> 2012; incl. French Guiana 'GF', Guadeloupe 'GP', Martinique 'MQ', Réunion 'RE' from 1997; incl. Mayotte 'YT' from 2014)",JP,Japan,850730,Nickel-cadmium accumulators (excl. spent),2,EXPORT,VALUE_EUR,VALUE_EUR,2019,,1832515,
dataflow,ESTAT:DS-059341(1.0),International trade of EU and non-EU countries since 2002 by HS2-4-6,A,Annual,FR,"France (incl. Saint Barthélemy 'BL' -> 2012; incl. French Guiana 'GF', Guadeloupe 'GP', Martinique 'MQ', Réunion 'RE' from 1997; incl. Mayotte 'YT' from 2014)",JP,Japan,850730,Nickel-cadmium accumulators (excl. spent),2,EXPORT,VALUE_EUR,VALUE_EUR,2020,,1556631,
dataflow,ESTAT:DS-059341(1.0),International trade of EU and non-EU countries since 2002 by HS2-4-6,A,Annual,FR,"France (incl. Saint Barthélemy 'BL' -> 2012; incl. French Guiana 'GF', Guadeloupe 'GP', Martinique 'MQ', Réunion 'RE' from 1997; incl. Mayotte 'YT' from 2014)",JP,Japan,850730,Nickel-cadmium accumulators (excl. spent),2,EXPORT,VALUE_EUR,VALUE_EUR,2021,,1368644,
dataflow,ESTAT:DS-059341(1.0),International trade of EU and non-EU countries since 2002 by HS2-4-6,A,Annual,FR,"France (incl. Saint Barthélemy 'BL' -> 2012; incl. French Guiana 'GF', Guadeloupe 'GP', Martinique 'MQ', Réunion 'RE' from 1997; incl. Mayotte 'YT' from 2014)",JP,Japan,850730,Nickel-cadmium accumulators (excl. spent),2,EXPORT,VALUE_EUR,VALUE_EUR,2022,,1148793,
dataflow,ESTAT:DS-059341(1.0),International trade of EU and non-EU countries since 2002 by HS2-4-6,A,Annual,FR,"France (incl. Saint Barthélemy 'BL' -> 2012; incl. French Guiana 'GF', Guadeloupe 'GP', Martinique 'MQ', Réunion 'RE' from 1997; incl. Mayotte 'YT' from 2014)",JP,Japan,850730,Nickel-cadmium accumulators (excl. spent),2,EXPORT,VALUE_EUR,VALUE_EUR,2023,,1192069,
dataflow,ESTAT:DS-059341(1.0),International trade of EU and non-EU countries since 2002 by HS2-4-6,A,Annual,FR,"France (incl. Saint Barthélemy 'BL' -> 2012; incl. French Guiana 'GF', Guadeloupe 'GP', Martinique 'MQ', Réunion 'RE' from 1997; incl. Mayotte 'YT' from 2014)",JP,Japan,850730,Nickel-cadmium accumulators (excl. spent),2,EXPORT,VALUE_EUR,VALUE_EUR,2024,,1763247,
dataflow,ESTAT:DS-059341(1.0),International trade of EU and non-EU countries since 2002 by HS2-4-6,A,Annual,FR,"France (incl. Saint Barthélemy 'BL' -> 2012; incl. French Guiana 'GF', Guadeloupe 'GP', Martinique 'MQ', Réunion 'RE' from 1997; incl. Mayotte 'YT' from 2014)",JP,Japan,850740,Nickel-iron accumulators (excl. spent),1,IMPORT,VALUE_EUR,VALUE_EUR,2003,,288528,
dataflow,ESTAT:DS-059341(1.0),International trade of EU and non-EU countries since 2002 by HS2-4-6,A,Annual,FR,"France (incl. Saint Barthélemy 'BL' -> 2012; incl. French Guiana 'GF', Guadeloupe 'GP', Martinique 'MQ', Réunion 'RE' from 1997; incl. Mayotte 'YT' from 2014)",JP,Japan,850740,Nickel-iron accumulators (excl. spent),1,IMPORT,VALUE_EUR,VALUE_EUR,2008,,1619,
dataflow,ESTAT:DS-059341(1.0),International trade of EU and non-EU countries since 2002 by HS2-4-6,A,Annual,FR,"France (incl. Saint Barthélemy 'BL' -> 2012; incl. French Guiana 'GF', Guadeloupe 'GP', Martinique 'MQ', Réunion 'RE' from 1997; incl. Mayotte 'YT' from 2014)",JP,Japan,850740,Nickel-iron accumulators (excl. spent),1,IMPORT,VALUE_EUR,VALUE_EUR,2009,,1180,
dataflow,ESTAT:DS-059341(1.0),International trade of EU and non-EU countries since 2002 by HS2-4-6,A,Annual,FR,"France (incl. Saint Barthélemy 'BL' -> 2012; incl. French Guiana 'GF', Guadeloupe 'GP', Martinique 'MQ', Réunion 'RE' from 1997; incl. Mayotte 'YT' from 2014)",JP,Japan,850740,Nickel-iron accumulators (excl. spent),1,IMPORT,VALUE_EUR,VALUE_EUR,2010,,18239,
dataflow,ESTAT:DS-059341(1.0),International trade of EU and non-EU countries since 2002 by HS2-4-6,A,Annual,FR,"France (incl. Saint Barthélemy 'BL' -> 2012; incl. French Guiana 'GF', Guadeloupe 'GP', Martinique 'MQ', Réunion 'RE' from 1997; incl. Mayotte 'YT' from 2014)",JP,Japan,850740,Nickel-iron accumulators (excl. spent),1,IMPORT,VALUE_EUR,VALUE_EUR,2011,,3105,
dataflow,ESTAT:DS-059341(1.0),International trade of EU and non-EU countries since 2002 by HS2-4-6,A,Annual,FR,"France (incl. Saint Barthélemy 'BL' -> 2012; incl. French Guiana 'GF', Guadeloupe 'GP', Martinique 'MQ', Réunion 'RE' from 1997; incl. Mayotte 'YT' from 2014)",JP,Japan,850740,Nickel-iron accumulators (excl. spent),1,IMPORT,VALUE_EUR,VALUE_EUR,2012,,1933,
dataflow,ESTAT:DS-059341(1.0),International trade of EU and non-EU countries since 2002 by HS2-4-6,A,Annual,FR,"France (incl. Saint Barthélemy 'BL' -> 2012; incl. French Guiana 'GF', Guadeloupe 'GP', Martinique 'MQ', Réunion 'RE' from 1997; incl. Mayotte 'YT' from 2014)",JP,Japan,850740,Nickel-iron accumulators (excl. spent),1,IMPORT,VALUE_EUR,VALUE_EUR,2014,,681,
dataflow,ESTAT:DS-059341(1.0),International trade of EU and non-EU countries since 2002 by HS2-4-6,A,Annual,FR,"France (incl. Saint Barthélemy 'BL' -> 2012; incl. French Guiana 'GF', Guadeloupe 'GP', Martinique 'MQ', Réunion 'RE' from 1997; incl. Mayotte 'YT' from 2014)",JP,Japan,850740,Nickel-iron accumulators (excl. spent),1,IMPORT,VALUE_EUR,VALUE_EUR,2015,,110,
dataflow,ESTAT:DS-059341(1.0),International trade of EU and non-EU countries since 2002 by HS2-4-6,A,Annual,FR,"France (incl. Saint Barthélemy 'BL' -> 2012; incl. French Guiana 'GF', Guadeloupe 'GP', Martinique 'MQ', Réunion 'RE' from 1997; incl. Mayotte 'YT' from 2014)",JP,Japan,850740,Nickel-iron accumulators (excl. spent),1,IMPORT,VALUE_EUR,VALUE_EUR,2017,,670,
dataflow,ESTAT:DS-059341(1.0),International trade of EU and non-EU countries since 2002 by HS2-4-6,A,Annual,FR,"France (incl. Saint Barthélemy 'BL' -> 2012; incl. French Guiana 'GF', Guadeloupe 'GP', Martinique 'MQ', Réunion 'RE' from 1997; incl. Mayotte 'YT' from 2014)",JP,Japan,850740,Nickel-iron accumulators (excl. spent),1,IMPORT,VALUE_EUR,VALUE_EUR,2020,,4854,
dataflow,ESTAT:DS-059341(1.0),International trade of EU and non-EU countries since 2002 by HS2-4-6,A,Annual,FR,"France (incl. Saint Barthélemy 'BL' -> 2012; incl. French Guiana 'GF', Guadeloupe 'GP', Martinique 'MQ', Réunion 'RE' from 1997; incl. Mayotte 'YT' from 2014)",JP,Japan,850740,Nickel-iron accumulators (excl. spent),1,IMPORT,VALUE_EUR,VALUE_EUR,2021,,77,
dataflow,ESTAT:DS-059341(1.0),International trade of EU and non-EU countries since 2002 by HS2-4-6,A,Annual,FR,"France (incl. Saint Barthélemy 'BL' -> 2012; incl. French Guiana 'GF', Guadeloupe 'GP', Martinique 'MQ', Réunion 'RE' from 1997; incl. Mayotte 'YT' from 2014)",JP,Japan,850740,Nickel-iron accumulators (excl. spent),2,EXPORT,VALUE_EUR,VALUE_EUR,2003,,3540,
dataflow,ESTAT:DS-059341(1.0),International trade of EU and non-EU countries since 2002 by HS2-4-6,A,Annual,FR,"France (incl. Saint Barthélemy 'BL' -> 2012; incl. French Guiana 'GF', Guadeloupe 'GP', Martinique 'MQ', Réunion 'RE' from 1997; incl. Mayotte 'YT' from 2014)",JP,Japan,850740,Nickel-iron accumulators (excl. spent),2,EXPORT,VALUE_EUR,VALUE_EUR,2004,,1942,
dataflow,ESTAT:DS-059341(1.0),International trade of EU and non-EU countries since 2002 by HS2-4-6,A,Annual,FR,"France (incl. Saint Barthélemy 'BL' -> 2012; incl. French Guiana 'GF', Guadeloupe 'GP', Martinique 'MQ', Réunion 'RE' from 1997; incl. Mayotte 'YT' from 2014)",JP,Japan,850750,Nickel-metal hydride accumulators (excl. spent),1,IMPORT,VALUE_EUR,VALUE_EUR,2012,,26153804,
dataflow,ESTAT:DS-059341(1.0),International trade of EU and non-EU countries since 2002 by HS2-4-6,A,Annual,FR,"France (incl. Saint Barthélemy 'BL' -> 2012; incl. French Guiana 'GF', Guadeloupe 'GP', Martinique 'MQ', Réunion 'RE' from 1997; incl. Mayotte 'YT' from 2014)",JP,Japan,850750,Nickel-metal hydride accumulators (excl. spent),1,IMPORT,VALUE_EUR,VALUE_EUR,2013,,74672852,
dataflow,ESTAT:DS-059341(1.0),International trade of EU and non-EU countries since 2002 by HS2-4-6,A,Annual,FR,"France (incl. Saint Barthélemy 'BL' -> 2012; incl. French Guiana 'GF', Guadeloupe 'GP', Martinique 'MQ', Réunion 'RE' from 1997; incl. Mayotte 'YT' from 2014)",JP,Japan,850750,Nickel-metal hydride accumulators (excl. spent),1,IMPORT,VALUE_EUR,VALUE_EUR,2014,,58796001,
dataflow,ESTAT:DS-059341(1.0),International trade of EU and non-EU countries since 2002 by HS2-4-6,A,Annual,FR,"France (incl. Saint Barthélemy 'BL' -> 2012; incl. French Guiana 'GF', Guadeloupe 'GP', Martinique 'MQ', Réunion 'RE' from 1997; incl. Mayotte 'YT' from 2014)",JP,Japan,850750,Nickel-metal hydride accumulators (excl. spent),1,IMPORT,VALUE_EUR,VALUE_EUR,2015,,54591634,
dataflow,ESTAT:DS-059341(1.0),International trade of EU and non-EU countries since 2002 by HS2-4-6,A,Annual,FR,"France (incl. Saint Barthélemy 'BL' -> 2012; incl. French Guiana 'GF', Guadeloupe 'GP', Martinique 'MQ', Réunion 'RE' from 1997; incl. Mayotte 'YT' from 2014)",JP,Japan,850750,Nickel-metal hydride accumulators (excl. spent),1,IMPORT,VALUE_EUR,VALUE_EUR,2016,,57491464,
dataflow,ESTAT:DS-059341(1.0),International trade of EU and non-EU countries since 2002 by HS2-4-6,A,Annual,FR,"France (incl. Saint Barthélemy 'BL' -> 2012; incl. French Guiana 'GF', Guadeloupe 'GP', Martinique 'MQ', Réunion 'RE' from 1997; incl. Mayotte 'YT' from 2014)",JP,Japan,850750,Nickel-metal hydride accumulators (excl. spent),1,IMPORT,VALUE_EUR,VALUE_EUR,2017,,77761793,
dataflow,ESTAT:DS-059341(1.0),International trade of EU and non-EU countries since 2002 by HS2-4-6,A,Annual,FR,"France (incl. Saint Barthélemy 'BL' -> 2012; incl. French Guiana 'GF', Guadeloupe 'GP', Martinique 'MQ', Réunion 'RE' from 1997; incl. Mayotte 'YT' from 2014)",JP,Japan,850750,Nickel-metal hydride accumulators (excl. spent),1,IMPORT,VALUE_EUR,VALUE_EUR,2018,,104472392,
dataflow,ESTAT:DS-059341(1.0),International trade of EU and non-EU countries since 2002 by HS2-4-6,A,Annual,FR,"France (incl. Saint Barthélemy 'BL' -> 2012; incl. French Guiana 'GF', Guadeloupe 'GP', Martinique 'MQ', Réunion 'RE' from 1997; incl. Mayotte 'YT' from 2014)",JP,Japan,850750,Nickel-metal hydride accumulators (excl. spent),1,IMPORT,VALUE_EUR,VALUE_EUR,2019,,80658063,
dataflow,ESTAT:DS-059341(1.0),International trade of EU and non-EU countries since 2002 by HS2-4-6,A,Annual,FR,"France (incl. Saint Barthélemy 'BL' -> 2012; incl. French Guiana 'GF', Guadeloupe 'GP', Martinique 'MQ', Réunion 'RE' from 1997; incl. Mayotte 'YT' from 2014)",JP,Japan,850750,Nickel-metal hydride accumulators (excl. spent),1,IMPORT,VALUE_EUR,VALUE_EUR,2020,,22161718,
dataflow,ESTAT:DS-059341(1.0),International trade of EU and non-EU countries since 2002 by HS2-4-6,A,Annual,FR,"France (incl. Saint Barthélemy 'BL' -> 2012; incl. French Guiana 'GF', Guadeloupe 'GP', Martinique 'MQ', Réunion 'RE' from 1997; incl. Mayotte 'YT' from 2014)",JP,Japan,850750,Nickel-metal hydride accumulators (excl. spent),1,IMPORT,VALUE_EUR,VALUE_EUR,2021,,792999,
dataflow,ESTAT:DS-059341(1.0),International trade of EU and non-EU countries since 2002 by HS2-4-6,A,Annual,FR,"France (incl. Saint Barthélemy 'BL' -> 2012; incl. French Guiana 'GF', Guadeloupe 'GP', Martinique 'MQ', Réunion 'RE' from 1997; incl. Mayotte 'YT' from 2014)",JP,Japan,850750,Nickel-metal hydride accumulators (excl. spent),1,IMPORT,VALUE_EUR,VALUE_EUR,2022,,317980,
dataflow,ESTAT:DS-059341(1.0),International trade of EU and non-EU countries since 2002 by HS2-4-6,A,Annual,FR,"France (incl. Saint Barthélemy 'BL' -> 2012; incl. French Guiana 'GF', Guadeloupe 'GP', Martinique 'MQ', Réunion 'RE' from 1997; incl. Mayotte 'YT' from 2014)",JP,Japan,850750,Nickel-metal hydride accumulators (excl. spent),1,IMPORT,VALUE_EUR,VALUE_EUR,2023,,304913,
dataflow,ESTAT:DS-059341(1.0),International trade of EU and non-EU countries since 2002 by HS2-4-6,A,Annual,FR,"France (incl. Saint Barthélemy 'BL' -> 2012; incl. French Guiana 'GF', Guadeloupe 'GP', Martinique 'MQ', Réunion 'RE' from 1997; incl. Mayotte 'YT' from 2014)",JP,Japan,850750,Nickel-metal hydride accumulators (excl. spent),1,IMPORT,VALUE_EUR,VALUE_EUR,2024,,221514,
dataflow,ESTAT:DS-059341(1.0),International trade of EU and non-EU countries since 2002 by HS2-4-6,A,Annual,FR,"France (incl. Saint Barthélemy 'BL' -> 2012; incl. French Guiana 'GF', Guadeloupe 'GP', Martinique 'MQ', Réunion 'RE' from 1997; incl. Mayotte 'YT' from 2014)",JP,Japan,850750,Nickel-metal hydride accumulators (excl. spent),2,EXPORT,VALUE_EUR,VALUE_EUR,2012,,9367,
dataflow,ESTAT:DS-059341(1.0),International trade of EU and non-EU countries since 2002 by HS2-4-6,A,Annual,FR,"France (incl. Saint Barthélemy 'BL' -> 2012; incl. French Guiana 'GF', Guadeloupe 'GP', Martinique 'MQ', Réunion 'RE' from 1997; incl. Mayotte 'YT' from 2014)",JP,Japan,850750,Nickel-metal hydride accumulators (excl. spent),2,EXPORT,VALUE_EUR,VALUE_EUR,2013,,5168,
dataflow,ESTAT:DS-059341(1.0),International trade of EU and non-EU countries since 2002 by HS2-4-6,A,Annual,FR,"France (incl. Saint Barthélemy 'BL' -> 2012; incl. French Guiana 'GF', Guadeloupe 'GP', Martinique 'MQ', Réunion 'RE' from 1997; incl. Mayotte 'YT' from 2014)",JP,Japan,850750,Nickel-metal hydride accumulators (excl. spent),2,EXPORT,VALUE_EUR,VALUE_EUR,2014,,12303,
dataflow,ESTAT:DS-059341(1.0),International trade of EU and non-EU countries since 2002 by HS2-4-6,A,Annual,FR,"France (incl. Saint Barthélemy 'BL' -> 2012; incl. French Guiana 'GF', Guadeloupe 'GP', Martinique 'MQ', Réunion 'RE' from 1997; incl. Mayotte 'YT' from 2014)",JP,Japan,850750,Nickel-metal hydride accumulators (excl. spent),2,EXPORT,VALUE_EUR,VALUE_EUR,2015,,39776,
dataflow,ESTAT:DS-059341(1.0),International trade of EU and non-EU countries since 2002 by HS2-4-6,A,Annual,FR,"France (incl. Saint Barthélemy 'BL' -> 2012; incl. French Guiana 'GF', Guadeloupe 'GP', Martinique 'MQ', Réunion 'RE' from 1997; incl. Mayotte 'YT' from 2014)",JP,Japan,850750,Nickel-metal hydride accumulators (excl. spent),2,EXPORT,VALUE_EUR,VALUE_EUR,2016,,1478,
dataflow,ESTAT:DS-059341(1.0),International trade of EU and non-EU countries since 2002 by HS2-4-6,A,Annual,FR,"France (incl. Saint Barthélemy 'BL' -> 2012; incl. French Guiana 'GF', Guadeloupe 'GP', Martinique 'MQ', Réunion 'RE' from 1997; incl. Mayotte 'YT' from 2014)",JP,Japan,850750,Nickel-metal hydride accumulators (excl. spent),2,EXPORT,VALUE_EUR,VALUE_EUR,2017,,4615,
dataflow,ESTAT:DS-059341(1.0),International trade of EU and non-EU countries since 2002 by HS2-4-6,A,Annual,FR,"France (incl. Saint Barthélemy 'BL' -> 2012; incl. French Guiana 'GF', Guadeloupe 'GP', Martinique 'MQ', Réunion 'RE' from 1997; incl. Mayotte 'YT' from 2014)",JP,Japan,850750,Nickel-metal hydride accumulators (excl. spent),2,EXPORT,VALUE_EUR,VALUE_EUR,2018,,5644,
dataflow,ESTAT:DS-059341(1.0),International trade of EU and non-EU countries since 2002 by HS2-4-6,A,Annual,FR,"France (incl. Saint Barthélemy 'BL' -> 2012; incl. French Guiana 'GF', Guadeloupe 'GP', Martinique 'MQ', Réunion 'RE' from 1997; incl. Mayotte 'YT' from 2014)",JP,Japan,850750,Nickel-metal hydride accumulators (excl. spent),2,EXPORT,VALUE_EUR,VALUE_EUR,2019,,18663,
dataflow,ESTAT:DS-059341(1.0),International trade of EU and non-EU countries since 2002 by HS2-4-6,A,Annual,FR,"France (incl. Saint Barthélemy 'BL' -> 2012; incl. French Guiana 'GF', Guadeloupe 'GP', Martinique 'MQ', Réunion 'RE' from 1997; incl. Mayotte 'YT' from 2014)",JP,Japan,850750,Nickel-metal hydride accumulators (excl. spent),2,EXPORT,VALUE_EUR,VALUE_EUR,2020,,11826,
dataflow,ESTAT:DS-059341(1.0),International trade of EU and non-EU countries since 2002 by HS2-4-6,A,Annual,FR,"France (incl. Saint Barthélemy 'BL' -> 2012; incl. French Guiana 'GF', Guadeloupe 'GP', Martinique 'MQ', Réunion 'RE' from 1997; incl. Mayotte 'YT' from 2014)",JP,Japan,850750,Nickel-metal hydride accumulators (excl. spent),2,EXPORT,VALUE_EUR,VALUE_EUR,2021,,35600,
dataflow,ESTAT:DS-059341(1.0),International trade of EU and non-EU countries since 2002 by HS2-4-6,A,Annual,FR,"France (incl. Saint Barthélemy 'BL' -> 2012; incl. French Guiana 'GF', Guadeloupe 'GP', Martinique 'MQ', Réunion 'RE' from 1997; incl. Mayotte 'YT' from 2014)",JP,Japan,850750,Nickel-metal hydride accumulators (excl. spent),2,EXPORT,VALUE_EUR,VALUE_EUR,2022,,45821,
dataflow,ESTAT:DS-059341(1.0),International trade of EU and non-EU countries since 2002 by HS2-4-6,A,Annual,FR,"France (incl. Saint Barthélemy 'BL' -> 2012; incl. French Guiana 'GF', Guadeloupe 'GP', Martinique 'MQ', Réunion 'RE' from 1997; incl. Mayotte 'YT' from 2014)",JP,Japan,850750,Nickel-metal hydride accumulators (excl. spent),2,EXPORT,VALUE_EUR,VALUE_EUR,2023,,60537,
dataflow,ESTAT:DS-059341(1.0),International trade of EU and non-EU countries since 2002 by HS2-4-6,A,Annual,FR,"France (incl. Saint Barthélemy 'BL' -> 2012; incl. French Guiana 'GF', Guadeloupe 'GP', Martinique 'MQ', Réunion 'RE' from 1997; incl. Mayotte 'YT' from 2014)",JP,Japan,850750,Nickel-metal hydride accumulators (excl. spent),2,EXPORT,VALUE_EUR,VALUE_EUR,2024,,70594,
dataflow,ESTAT:DS-059341(1.0),International trade of EU and non-EU countries since 2002 by HS2-4-6,A,Annual,FR,"France (incl. Saint Barthélemy 'BL' -> 2012; incl. French Guiana 'GF', Guadeloupe 'GP', Martinique 'MQ', Réunion 'RE' from 1997; incl. Mayotte 'YT' from 2014)",JP,Japan,850760,Lithium-ion accumulators (excl. spent),1,IMPORT,VALUE_EUR,VALUE_EUR,2012,,15766404,
dataflow,ESTAT:DS-059341(1.0),International trade of EU and non-EU countries since 2002 by HS2-4-6,A,Annual,FR,"France (incl. Saint Barthélemy 'BL' -> 2012; incl. French Guiana 'GF', Guadeloupe 'GP', Martinique 'MQ', Réunion 'RE' from 1997; incl. Mayotte 'YT' from 2014)",JP,Japan,850760,Lithium-ion accumulators (excl. spent),1,IMPORT,VALUE_EUR,VALUE_EUR,2013,,26529639,
dataflow,ESTAT:DS-059341(1.0),International trade of EU and non-EU countries since 2002 by HS2-4-6,A,Annual,FR,"France (incl. Saint Barthélemy 'BL' -> 2012; incl. French Guiana 'GF', Guadeloupe 'GP', Martinique 'MQ', Réunion 'RE' from 1997; incl. Mayotte 'YT' from 2014)",JP,Japan,850760,Lithium-ion accumulators (excl. spent),1,IMPORT,VALUE_EUR,VALUE_EUR,2014,,43312906,
dataflow,ESTAT:DS-059341(1.0),International trade of EU and non-EU countries since 2002 by HS2-4-6,A,Annual,FR,"France (incl. Saint Barthélemy 'BL' -> 2012; incl. French Guiana 'GF', Guadeloupe 'GP', Martinique 'MQ', Réunion 'RE' from 1997; incl. Mayotte 'YT' from 2014)",JP,Japan,850760,Lithium-ion accumulators (excl. spent),1,IMPORT,VALUE_EUR,VALUE_EUR,2015,,29207452,
dataflow,ESTAT:DS-059341(1.0),International trade of EU and non-EU countries since 2002 by HS2-4-6,A,Annual,FR,"France (incl. Saint Barthélemy 'BL' -> 2012; incl. French Guiana 'GF', Guadeloupe 'GP', Martinique 'MQ', Réunion 'RE' from 1997; incl. Mayotte 'YT' from 2014)",JP,Japan,850760,Lithium-ion accumulators (excl. spent),1,IMPORT,VALUE_EUR,VALUE_EUR,2016,,38018197,
dataflow,ESTAT:DS-059341(1.0),International trade of EU and non-EU countries since 2002 by HS2-4-6,A,Annual,FR,"France (incl. Saint Barthélemy 'BL' -> 2012; incl. French Guiana 'GF', Guadeloupe 'GP', Martinique 'MQ', Réunion 'RE' from 1997; incl. Mayotte 'YT' from 2014)",JP,Japan,850760,Lithium-ion accumulators (excl. spent),1,IMPORT,VALUE_EUR,VALUE_EUR,2017,,19051232,
dataflow,ESTAT:DS-059341(1.0),International trade of EU and non-EU countries since 2002 by HS2-4-6,A,Annual,FR,"France (incl. Saint Barthélemy 'BL' -> 2012; incl. French Guiana 'GF', Guadeloupe 'GP', Martinique 'MQ', Réunion 'RE' from 1997; incl. Mayotte 'YT' from 2014)",JP,Japan,850760,Lithium-ion accumulators (excl. spent),1,IMPORT,VALUE_EUR,VALUE_EUR,2018,,10514610,
dataflow,ESTAT:DS-059341(1.0),International trade of EU and non-EU countries since 2002 by HS2-4-6,A,Annual,FR,"France (incl. Saint Barthélemy 'BL' -> 2012; incl. French Guiana 'GF', Guadeloupe 'GP', Martinique 'MQ', Réunion 'RE' from 1997; incl. Mayotte 'YT' from 2014)",JP,Japan,850760,Lithium-ion accumulators (excl. spent),1,IMPORT,VALUE_EUR,VALUE_EUR,2019,,9205456,
dataflow,ESTAT:DS-059341(1.0),International trade of EU and non-EU countries since 2002 by HS2-4-6,A,Annual,FR,"France (incl. Saint Barthélemy 'BL' -> 2012; incl. French Guiana 'GF', Guadeloupe 'GP', Martinique 'MQ', Réunion 'RE' from 1997; incl. Mayotte 'YT' from 2014)",JP,Japan,850760,Lithium-ion accumulators (excl. spent),1,IMPORT,VALUE_EUR,VALUE_EUR,2020,,77328558,
dataflow,ESTAT:DS-059341(1.0),International trade of EU and non-EU countries since 2002 by HS2-4-6,A,Annual,FR,"France (incl. Saint Barthélemy 'BL' -> 2012; incl. French Guiana 'GF', Guadeloupe 'GP', Martinique 'MQ', Réunion 'RE' from 1997; incl. Mayotte 'YT' from 2014)",JP,Japan,850760,Lithium-ion accumulators (excl. spent),1,IMPORT,VALUE_EUR,VALUE_EUR,2021,,149699111,
dataflow,ESTAT:DS-059341(1.0),International trade of EU and non-EU countries since 2002 by HS2-4-6,A,Annual,FR,"France (incl. Saint Barthélemy 'BL' -> 2012; incl. French Guiana 'GF', Guadeloupe 'GP', Martinique 'MQ', Réunion 'RE' from 1997; incl. Mayotte 'YT' from 2014)",JP,Japan,850760,Lithium-ion accumulators (excl. spent),1,IMPORT,VALUE_EUR,VALUE_EUR,2022,,181223031,
dataflow,ESTAT:DS-059341(1.0),International trade of EU and non-EU countries since 2002 by HS2-4-6,A,Annual,FR,"France (incl. Saint Barthélemy 'BL' -> 2012; incl. French Guiana 'GF', Guadeloupe 'GP', Martinique 'MQ', Réunion 'RE' from 1997; incl. Mayotte 'YT' from 2014)",JP,Japan,850760,Lithium-ion accumulators (excl. spent),1,IMPORT,VALUE_EUR,VALUE_EUR,2023,,205401412,
dataflow,ESTAT:DS-059341(1.0),International trade of EU and non-EU countries since 2002 by HS2-4-6,A,Annual,FR,"France (incl. Saint Barthélemy 'BL' -> 2012; incl. French Guiana 'GF', Guadeloupe 'GP', Martinique 'MQ', Réunion 'RE' from 1997; incl. Mayotte 'YT' from 2014)",JP,Japan,850760,Lithium-ion accumulators (excl. spent),1,IMPORT,VALUE_EUR,VALUE_EUR,2024,,219413551,
dataflow,ESTAT:DS-059341(1.0),International trade of EU and non-EU countries since 2002 by HS2-4-6,A,Annual,FR,"France (incl. Saint Barthélemy 'BL' -> 2012; incl. French Guiana 'GF', Guadeloupe 'GP', Martinique 'MQ', Réunion 'RE' from 1997; incl. Mayotte 'YT' from 2014)",JP,Japan,850760,Lithium-ion accumulators (excl. spent),2,EXPORT,VALUE_EUR,VALUE_EUR,2012,,599650,
dataflow,ESTAT:DS-059341(1.0),International trade of EU and non-EU countries since 2002 by HS2-4-6,A,Annual,FR,"France (incl. Saint Barthélemy 'BL' -> 2012; incl. French Guiana 'GF', Guadeloupe 'GP', Martinique 'MQ', Réunion 'RE' from 1997; incl. Mayotte 'YT' from 2014)",JP,Japan,850760,Lithium-ion accumulators (excl. spent),2,EXPORT,VALUE_EUR,VALUE_EUR,2013,,119473,
dataflow,ESTAT:DS-059341(1.0),International trade of EU and non-EU countries since 2002 by HS2-4-6,A,Annual,FR,"France (incl. Saint Barthélemy 'BL' -> 2012; incl. French Guiana 'GF', Guadeloupe 'GP', Martinique 'MQ', Réunion 'RE' from 1997; incl. Mayotte 'YT' from 2014)",JP,Japan,850760,Lithium-ion accumulators (excl. spent),2,EXPORT,VALUE_EUR,VALUE_EUR,2014,,260524,
dataflow,ESTAT:DS-059341(1.0),International trade of EU and non-EU countries since 2002 by HS2-4-6,A,Annual,FR,"France (incl. Saint Barthélemy 'BL' -> 2012; incl. French Guiana 'GF', Guadeloupe 'GP', Martinique 'MQ', Réunion 'RE' from 1997; incl. Mayotte 'YT' from 2014)",JP,Japan,850760,Lithium-ion accumulators (excl. spent),2,EXPORT,VALUE_EUR,VALUE_EUR,2015,,334159,
dataflow,ESTAT:DS-059341(1.0),International trade of EU and non-EU countries since 2002 by HS2-4-6,A,Annual,FR,"France (incl. Saint Barthélemy 'BL' -> 2012; incl. French Guiana 'GF', Guadeloupe 'GP', Martinique 'MQ', Réunion 'RE' from 1997; incl. Mayotte 'YT' from 2014)",JP,Japan,850760,Lithium-ion accumulators (excl. spent),2,EXPORT,VALUE_EUR,VALUE_EUR,2016,,328790,
dataflow,ESTAT:DS-059341(1.0),International trade of EU and non-EU countries since 2002 by HS2-4-6,A,Annual,FR,"France (incl. Saint Barthélemy 'BL' -> 2012; incl. French Guiana 'GF', Guadeloupe 'GP', Martinique 'MQ', Réunion 'RE' from 1997; incl. Mayotte 'YT' from 2014)",JP,Japan,850760,Lithium-ion accumulators (excl. spent),2,EXPORT,VALUE_EUR,VALUE_EUR,2017,,396131,
dataflow,ESTAT:DS-059341(1.0),International trade of EU and non-EU countries since 2002 by HS2-4-6,A,Annual,FR,"France (incl. Saint Barthélemy 'BL' -> 2012; incl. French Guiana 'GF', Guadeloupe 'GP', Martinique 'MQ', Réunion 'RE' from 1997; incl. Mayotte 'YT' from 2014)",JP,Japan,850760,Lithium-ion accumulators (excl. spent),2,EXPORT,VALUE_EUR,VALUE_EUR,2018,,686580,
dataflow,ESTAT:DS-059341(1.0),International trade of EU and non-EU countries since 2002 by HS2-4-6,A,Annual,FR,"France (incl. Saint Barthélemy 'BL' -> 2012; incl. French Guiana 'GF', Guadeloupe 'GP', Martinique 'MQ', Réunion 'RE' from 1997; incl. Mayotte 'YT' from 2014)",JP,Japan,850760,Lithium-ion accumulators (excl. spent),2,EXPORT,VALUE_EUR,VALUE_EUR,2019,,1142954,
dataflow,ESTAT:DS-059341(1.0),International trade of EU and non-EU countries since 2002 by HS2-4-6,A,Annual,FR,"France (incl. Saint Barthélemy 'BL' -> 2012; incl. French Guiana 'GF', Guadeloupe 'GP', Martinique 'MQ', Réunion 'RE' from 1997; incl. Mayotte 'YT' from 2014)",JP,Japan,850760,Lithium-ion accumulators (excl. spent),2,EXPORT,VALUE_EUR,VALUE_EUR,2020,,1603175,
dataflow,ESTAT:DS-059341(1.0),International trade of EU and non-EU countries since 2002 by HS2-4-6,A,Annual,FR,"France (incl. Saint Barthélemy 'BL' -> 2012; incl. French Guiana 'GF', Guadeloupe 'GP', Martinique 'MQ', Réunion 'RE' from 1997; incl. Mayotte 'YT' from 2014)",JP,Japan,850760,Lithium-ion accumulators (excl. spent),2,EXPORT,VALUE_EUR,VALUE_EUR,2021,,1152944,
dataflow,ESTAT:DS-059341(1.0),International trade of EU and non-EU countries since 2002 by HS2-4-6,A,Annual,FR,"France (incl. Saint Barthélemy 'BL' -> 2012; incl. French Guiana 'GF', Guadeloupe 'GP', Martinique 'MQ', Réunion 'RE' from 1997; incl. Mayotte 'YT' from 2014)",JP,Japan,850760,Lithium-ion accumulators (excl. spent),2,EXPORT,VALUE_EUR,VALUE_EUR,2022,,2062631,
dataflow,ESTAT:DS-059341(1.0),International trade of EU and non-EU countries since 2002 by HS2-4-6,A,Annual,FR,"France (incl. Saint Barthélemy 'BL' -> 2012; incl. French Guiana 'GF', Guadeloupe 'GP', Martinique 'MQ', Réunion 'RE' from 1997; incl. Mayotte 'YT' from 2014)",JP,Japan,850760,Lithium-ion accumulators (excl. spent),2,EXPORT,VALUE_EUR,VALUE_EUR,2023,,2260746,
dataflow,ESTAT:DS-059341(1.0),International trade of EU and non-EU countries since 2002 by HS2-4-6,A,Annual,FR,"France (incl. Saint Barthélemy 'BL' -> 2012; incl. French Guiana 'GF', Guadeloupe 'GP', Martinique 'MQ', Réunion 'RE' from 1997; incl. Mayotte 'YT' from 2014)",JP,Japan,850760,Lithium-ion accumulators (excl. spent),2,EXPORT,VALUE_EUR,VALUE_EUR,2024,,1745176,
dataflow,ESTAT:DS-059341(1.0),International trade of EU and non-EU countries since 2002 by HS2-4-6,A,Annual,FR,"France (incl. Saint Barthélemy 'BL' -> 2012; incl. French Guiana 'GF', Guadeloupe 'GP', Martinique 'MQ', Réunion 'RE' from 1997; incl. Mayotte 'YT' from 2014)",JP,Japan,850780,"Electric accumulators (excl. spent and lead-acid, nickel-cadmium, nickel-iron, nickel-metal hydride and lithium-ion accumulators)",1,IMPORT,VALUE_EUR,VALUE_EUR,2002,,65739275,
dataflow,ESTAT:DS-059341(1.0),International trade of EU and non-EU countries since 2002 by HS2-4-6,A,Annual,FR,"France (incl. Saint Barthélemy 'BL' -> 2012; incl. French Guiana 'GF', Guadeloupe 'GP', Martinique 'MQ', Réunion 'RE' from 1997; incl. Mayotte 'YT' from 2014)",JP,Japan,850780,"Electric accumulators (excl. spent and lead-acid, nickel-cadmium, nickel-iron, nickel-metal hydride and lithium-ion accumulators)",1,IMPORT,VALUE_EUR,VALUE_EUR,2003,,53638700,
dataflow,ESTAT:DS-059341(1.0),International trade of EU and non-EU countries since 2002 by HS2-4-6,A,Annual,FR,"France (incl. Saint Barthélemy 'BL' -> 2012; incl. French Guiana 'GF', Guadeloupe 'GP', Martinique 'MQ', Réunion 'RE' from 1997; incl. Mayotte 'YT' from 2014)",JP,Japan,850780,"Electric accumulators (excl. spent and lead-acid, nickel-cadmium, nickel-iron, nickel-metal hydride and lithium-ion accumulators)",1,IMPORT,VALUE_EUR,VALUE_EUR,2004,,55688838,
dataflow,ESTAT:DS-059341(1.0),International trade of EU and non-EU countries since 2002 by HS2-4-6,A,Annual,FR,"France (incl. Saint Barthélemy 'BL' -> 2012; incl. French Guiana 'GF', Guadeloupe 'GP', Martinique 'MQ', Réunion 'RE' from 1997; incl. Mayotte 'YT' from 2014)",JP,Japan,850780,"Electric accumulators (excl. spent and lead-acid, nickel-cadmium, nickel-iron, nickel-metal hydride and lithium-ion accumulators)",1,IMPORT,VALUE_EUR,VALUE_EUR,2005,,27605191,
dataflow,ESTAT:DS-059341(1.0),International trade of EU and non-EU countries since 2002 by HS2-4-6,A,Annual,FR,"France (incl. Saint Barthélemy 'BL' -> 2012; incl. French Guiana 'GF', Guadeloupe 'GP', Martinique 'MQ', Réunion 'RE' from 1997; incl. Mayotte 'YT' from 2014)",JP,Japan,850780,"Electric accumulators (excl. spent and lead-acid, nickel-cadmium, nickel-iron, nickel-metal hydride and lithium-ion accumulators)",1,IMPORT,VALUE_EUR,VALUE_EUR,2006,,24521068,
dataflow,ESTAT:DS-059341(1.0),International trade of EU and non-EU countries since 2002 by HS2-4-6,A,Annual,FR,"France (incl. Saint Barthélemy 'BL' -> 2012; incl. French Guiana 'GF', Guadeloupe 'GP', Martinique 'MQ', Réunion 'RE' from 1997; incl. Mayotte 'YT' from 2014)",JP,Japan,850780,"Electric accumulators (excl. spent and lead-acid, nickel-cadmium, nickel-iron, nickel-metal hydride and lithium-ion accumulators)",1,IMPORT,VALUE_EUR,VALUE_EUR,2007,,12251798,
dataflow,ESTAT:DS-059341(1.0),International trade of EU and non-EU countries since 2002 by HS2-4-6,A,Annual,FR,"France (incl. Saint Barthélemy 'BL' -> 2012; incl. French Guiana 'GF', Guadeloupe 'GP', Martinique 'MQ', Réunion 'RE' from 1997; incl. Mayotte 'YT' from 2014)",JP,Japan,850780,"Electric accumulators (excl. spent and lead-acid, nickel-cadmium, nickel-iron, nickel-metal hydride and lithium-ion accumulators)",1,IMPORT,VALUE_EUR,VALUE_EUR,2008,,5010579,
dataflow,ESTAT:DS-059341(1.0),International trade of EU and non-EU countries since 2002 by HS2-4-6,A,Annual,FR,"France (incl. Saint Barthélemy 'BL' -> 2012; incl. French Guiana 'GF', Guadeloupe 'GP', Martinique 'MQ', Réunion 'RE' from 1997; incl. Mayotte 'YT' from 2014)",JP,Japan,850780,"Electric accumulators (excl. spent and lead-acid, nickel-cadmium, nickel-iron, nickel-metal hydride and lithium-ion accumulators)",1,IMPORT,VALUE_EUR,VALUE_EUR,2009,,2731340,
dataflow,ESTAT:DS-059341(1.0),International trade of EU and non-EU countries since 2002 by HS2-4-6,A,Annual,FR,"France (incl. Saint Barthélemy 'BL' -> 2012; incl. French Guiana 'GF', Guadeloupe 'GP', Martinique 'MQ', Réunion 'RE' from 1997; incl. Mayotte 'YT' from 2014)",JP,Japan,850780,"Electric accumulators (excl. spent and lead-acid, nickel-cadmium, nickel-iron, nickel-metal hydride and lithium-ion accumulators)",1,IMPORT,VALUE_EUR,VALUE_EUR,2010,,20246777,
dataflow,ESTAT:DS-059341(1.0),International trade of EU and non-EU countries since 2002 by HS2-4-6,A,Annual,FR,"France (incl. Saint Barthélemy 'BL' -> 2012; incl. French Guiana 'GF', Guadeloupe 'GP', Martinique 'MQ', Réunion 'RE' from 1997; incl. Mayotte 'YT' from 2014)",JP,Japan,850780,"Electric accumulators (excl. spent and lead-acid, nickel-cadmium, nickel-iron, nickel-metal hydride and lithium-ion accumulators)",1,IMPORT,VALUE_EUR,VALUE_EUR,2011,,64777950,
dataflow,ESTAT:DS-059341(1.0),International trade of EU and non-EU countries since 2002 by HS2-4-6,A,Annual,FR,"France (incl. Saint Barthélemy 'BL' -> 2012; incl. French Guiana 'GF', Guadeloupe 'GP', Martinique 'MQ', Réunion 'RE' from 1997; incl. Mayotte 'YT' from 2014)",JP,Japan,850780,"Electric accumulators (excl. spent and lead-acid, nickel-cadmium, nickel-iron, nickel-metal hydride and lithium-ion accumulators)",1,IMPORT,VALUE_EUR,VALUE_EUR,2012,,130716209,
dataflow,ESTAT:DS-059341(1.0),International trade of EU and non-EU countries since 2002 by HS2-4-6,A,Annual,FR,"France (incl. Saint Barthélemy 'BL' -> 2012; incl. French Guiana 'GF', Guadeloupe 'GP', Martinique 'MQ', Réunion 'RE' from 1997; incl. Mayotte 'YT' from 2014)",JP,Japan,850780,"Electric accumulators (excl. spent and lead-acid, nickel-cadmium, nickel-iron, nickel-metal hydride and lithium-ion accumulators)",1,IMPORT,VALUE_EUR,VALUE_EUR,2013,,15546437,
dataflow,ESTAT:DS-059341(1.0),International trade of EU and non-EU countries since 2002 by HS2-4-6,A,Annual,FR,"France (incl. Saint Barthélemy 'BL' -> 2012; incl. French Guiana 'GF', Guadeloupe 'GP', Martinique 'MQ', Réunion 'RE' from 1997; incl. Mayotte 'YT' from 2014)",JP,Japan,850780,"Electric accumulators (excl. spent and lead-acid, nickel-cadmium, nickel-iron, nickel-metal hydride and lithium-ion accumulators)",1,IMPORT,VALUE_EUR,VALUE_EUR,2014,,340591,
dataflow,ESTAT:DS-059341(1.0),International trade of EU and non-EU countries since 2002 by HS2-4-6,A,Annual,FR,"France (incl. Saint Barthélemy 'BL' -> 2012; incl. French Guiana 'GF', Guadeloupe 'GP', Martinique 'MQ', Réunion 'RE' from 1997; incl. Mayotte 'YT' from 2014)",JP,Japan,850780,"Electric accumulators (excl. spent and lead-acid, nickel-cadmium, nickel-iron, nickel-metal hydride and lithium-ion accumulators)",1,IMPORT,VALUE_EUR,VALUE_EUR,2015,,1106331,
dataflow,ESTAT:DS-059341(1.0),International trade of EU and non-EU countries since 2002 by HS2-4-6,A,Annual,FR,"France (incl. Saint Barthélemy 'BL' -> 2012; incl. French Guiana 'GF', Guadeloupe 'GP', Martinique 'MQ', Réunion 'RE' from 1997; incl. Mayotte 'YT' from 2014)",JP,Japan,850780,"Electric accumulators (excl. spent and lead-acid, nickel-cadmium, nickel-iron, nickel-metal hydride and lithium-ion accumulators)",1,IMPORT,VALUE_EUR,VALUE_EUR,2016,,691636,
dataflow,ESTAT:DS-059341(1.0),International trade of EU and non-EU countries since 2002 by HS2-4-6,A,Annual,FR,"France (incl. Saint Barthélemy 'BL' -> 2012; incl. French Guiana 'GF', Guadeloupe 'GP', Martinique 'MQ', Réunion 'RE' from 1997; incl. Mayotte 'YT' from 2014)",JP,Japan,850780,"Electric accumulators (excl. spent and lead-acid, nickel-cadmium, nickel-iron, nickel-metal hydride and lithium-ion accumulators)",1,IMPORT,VALUE_EUR,VALUE_EUR,2017,,335432,
dataflow,ESTAT:DS-059341(1.0),International trade of EU and non-EU countries since 2002 by HS2-4-6,A,Annual,FR,"France (incl. Saint Barthélemy 'BL' -> 2012; incl. French Guiana 'GF', Guadeloupe 'GP', Martinique 'MQ', Réunion 'RE' from 1997; incl. Mayotte 'YT' from 2014)",JP,Japan,850780,"Electric accumulators (excl. spent and lead-acid, nickel-cadmium, nickel-iron, nickel-metal hydride and lithium-ion accumulators)",1,IMPORT,VALUE_EUR,VALUE_EUR,2018,,469794,
dataflow,ESTAT:DS-059341(1.0),International trade of EU and non-EU countries since 2002 by HS2-4-6,A,Annual,FR,"France (incl. Saint Barthélemy 'BL' -> 2012; incl. French Guiana 'GF', Guadeloupe 'GP', Martinique 'MQ', Réunion 'RE' from 1997; incl. Mayotte 'YT' from 2014)",JP,Japan,850780,"Electric accumulators (excl. spent and lead-acid, nickel-cadmium, nickel-iron, nickel-metal hydride and lithium-ion accumulators)",1,IMPORT,VALUE_EUR,VALUE_EUR,2019,,355530,
dataflow,ESTAT:DS-059341(1.0),International trade of EU and non-EU countries since 2002 by HS2-4-6,A,Annual,FR,"France (incl. Saint Barthélemy 'BL' -> 2012; incl. French Guiana 'GF', Guadeloupe 'GP', Martinique 'MQ', Réunion 'RE' from 1997; incl. Mayotte 'YT' from 2014)",JP,Japan,850780,"Electric accumulators (excl. spent and lead-acid, nickel-cadmium, nickel-iron, nickel-metal hydride and lithium-ion accumulators)",1,IMPORT,VALUE_EUR,VALUE_EUR,2020,,486978,
dataflow,ESTAT:DS-059341(1.0),International trade of EU and non-EU countries since 2002 by HS2-4-6,A,Annual,FR,"France (incl. Saint Barthélemy 'BL' -> 2012; incl. French Guiana 'GF', Guadeloupe 'GP', Martinique 'MQ', Réunion 'RE' from 1997; incl. Mayotte 'YT' from 2014)",JP,Japan,850780,"Electric accumulators (excl. spent and lead-acid, nickel-cadmium, nickel-iron, nickel-metal hydride and lithium-ion accumulators)",1,IMPORT,VALUE_EUR,VALUE_EUR,2021,,320974,
dataflow,ESTAT:DS-059341(1.0),International trade of EU and non-EU countries since 2002 by HS2-4-6,A,Annual,FR,"France (incl. Saint Barthélemy 'BL' -> 2012; incl. French Guiana 'GF', Guadeloupe 'GP', Martinique 'MQ', Réunion 'RE' from 1997; incl. Mayotte 'YT' from 2014)",JP,Japan,850780,"Electric accumulators (excl. spent and lead-acid, nickel-cadmium, nickel-iron, nickel-metal hydride and lithium-ion accumulators)",1,IMPORT,VALUE_EUR,VALUE_EUR,2022,,408022,
dataflow,ESTAT:DS-059341(1.0),International trade of EU and non-EU countries since 2002 by HS2-4-6,A,Annual,FR,"France (incl. Saint Barthélemy 'BL' -> 2012; incl. French Guiana 'GF', Guadeloupe 'GP', Martinique 'MQ', Réunion 'RE' from 1997; incl. Mayotte 'YT' from 2014)",JP,Japan,850780,"Electric accumulators (excl. spent and lead-acid, nickel-cadmium, nickel-iron, nickel-metal hydride and lithium-ion accumulators)",1,IMPORT,VALUE_EUR,VALUE_EUR,2023,,337386,
dataflow,ESTAT:DS-059341(1.0),International trade of EU and non-EU countries since 2002 by HS2-4-6,A,Annual,FR,"France (incl. Saint Barthélemy 'BL' -> 2012; incl. French Guiana 'GF', Guadeloupe 'GP', Martinique 'MQ', Réunion 'RE' from 1997; incl. Mayotte 'YT' from 2014)",JP,Japan,850780,"Electric accumulators (excl. spent and lead-acid, nickel-cadmium, nickel-iron, nickel-metal hydride and lithium-ion accumulators)",1,IMPORT,VALUE_EUR,VALUE_EUR,2024,,621349,
dataflow,ESTAT:DS-059341(1.0),International trade of EU and non-EU countries since 2002 by HS2-4-6,A,Annual,FR,"France (incl. Saint Barthélemy 'BL' -> 2012; incl. French Guiana 'GF', Guadeloupe 'GP', Martinique 'MQ', Réunion 'RE' from 1997; incl. Mayotte 'YT' from 2014)",JP,Japan,850780,"Electric accumulators (excl. spent and lead-acid, nickel-cadmium, nickel-iron, nickel-metal hydride and lithium-ion accumulators)",2,EXPORT,VALUE_EUR,VALUE_EUR,2002,,253048,
dataflow,ESTAT:DS-059341(1.0),International trade of EU and non-EU countries since 2002 by HS2-4-6,A,Annual,FR,"France (incl. Saint Barthélemy 'BL' -> 2012; incl. French Guiana 'GF', Guadeloupe 'GP', Martinique 'MQ', Réunion 'RE' from 1997; incl. Mayotte 'YT' from 2014)",JP,Japan,850780,"Electric accumulators (excl. spent and lead-acid, nickel-cadmium, nickel-iron, nickel-metal hydride and lithium-ion accumulators)",2,EXPORT,VALUE_EUR,VALUE_EUR,2003,,203485,
dataflow,ESTAT:DS-059341(1.0),International trade of EU and non-EU countries since 2002 by HS2-4-6,A,Annual,FR,"France (incl. Saint Barthélemy 'BL' -> 2012; incl. French Guiana 'GF', Guadeloupe 'GP', Martinique 'MQ', Réunion 'RE' from 1997; incl. Mayotte 'YT' from 2014)",JP,Japan,850780,"Electric accumulators (excl. spent and lead-acid, nickel-cadmium, nickel-iron, nickel-metal hydride and lithium-ion accumulators)",2,EXPORT,VALUE_EUR,VALUE_EUR,2004,,242113,
dataflow,ESTAT:DS-059341(1.0),International trade of EU and non-EU countries since 2002 by HS2-4-6,A,Annual,FR,"France (incl. Saint Barthélemy 'BL' -> 2012; incl. French Guiana 'GF', Guadeloupe 'GP', Martinique 'MQ', Réunion 'RE' from 1997; incl. Mayotte 'YT' from 2014)",JP,Japan,850780,"Electric accumulators (excl. spent and lead-acid, nickel-cadmium, nickel-iron, nickel-metal hydride and lithium-ion accumulators)",2,EXPORT,VALUE_EUR,VALUE_EUR,2005,,82985,
dataflow,ESTAT:DS-059341(1.0),International trade of EU and non-EU countries since 2002 by HS2-4-6,A,Annual,FR,"France (incl. Saint Barthélemy 'BL' -> 2012; incl. French Guiana 'GF', Guadeloupe 'GP', Martinique 'MQ', Réunion 'RE' from 1997; incl. Mayotte 'YT' from 2014)",JP,Japan,850780,"Electric accumulators (excl. spent and lead-acid, nickel-cadmium, nickel-iron, nickel-metal hydride and lithium-ion accumulators)",2,EXPORT,VALUE_EUR,VALUE_EUR,2006,,274093,
dataflow,ESTAT:DS-059341(1.0),International trade of EU and non-EU countries since 2002 by HS2-4-6,A,Annual,FR,"France (incl. Saint Barthélemy 'BL' -> 2012; incl. French Guiana 'GF', Guadeloupe 'GP', Martinique 'MQ', Réunion 'RE' from 1997; incl. Mayotte 'YT' from 2014)",JP,Japan,850780,"Electric accumulators (excl. spent and lead-acid, nickel-cadmium, nickel-iron, nickel-metal hydride and lithium-ion accumulators)",2,EXPORT,VALUE_EUR,VALUE_EUR,2007,,287875,
dataflow,ESTAT:DS-059341(1.0),International trade of EU and non-EU countries since 2002 by HS2-4-6,A,Annual,FR,"France (incl. Saint Barthélemy 'BL' -> 2012; incl. French Guiana 'GF', Guadeloupe 'GP', Martinique 'MQ', Réunion 'RE' from 1997; incl. Mayotte 'YT' from 2014)",JP,Japan,850780,"Electric accumulators (excl. spent and lead-acid, nickel-cadmium, nickel-iron, nickel-metal hydride and lithium-ion accumulators)",2,EXPORT,VALUE_EUR,VALUE_EUR,2008,,143828,
dataflow,ESTAT:DS-059341(1.0),International trade of EU and non-EU countries since 2002 by HS2-4-6,A,Annual,FR,"France (incl. Saint Barthélemy 'BL' -> 2012; incl. French Guiana 'GF', Guadeloupe 'GP', Martinique 'MQ', Réunion 'RE' from 1997; incl. Mayotte 'YT' from 2014)",JP,Japan,850780,"Electric accumulators (excl. spent and lead-acid, nickel-cadmium, nickel-iron, nickel-metal hydride and lithium-ion accumulators)",2,EXPORT,VALUE_EUR,VALUE_EUR,2009,,256227,
dataflow,ESTAT:DS-059341(1.0),International trade of EU and non-EU countries since 2002 by HS2-4-6,A,Annual,FR,"France (incl. Saint Barthélemy 'BL' -> 2012; incl. French Guiana 'GF', Guadeloupe 'GP', Martinique 'MQ', Réunion 'RE' from 1997; incl. Mayotte 'YT' from 2014)",JP,Japan,850780,"Electric accumulators (excl. spent and lead-acid, nickel-cadmium, nickel-iron, nickel-metal hydride and lithium-ion accumulators)",2,EXPORT,VALUE_EUR,VALUE_EUR,2010,,431797,
dataflow,ESTAT:DS-059341(1.0),International trade of EU and non-EU countries since 2002 by HS2-4-6,A,Annual,FR,"France (incl. Saint Barthélemy 'BL' -> 2012; incl. French Guiana 'GF', Guadeloupe 'GP', Martinique 'MQ', Réunion 'RE' from 1997; incl. Mayotte 'YT' from 2014)",JP,Japan,850780,"Electric accumulators (excl. spent and lead-acid, nickel-cadmium, nickel-iron, nickel-metal hydride and lithium-ion accumulators)",2,EXPORT,VALUE_EUR,VALUE_EUR,2011,,605490,
dataflow,ESTAT:DS-059341(1.0),International trade of EU and non-EU countries since 2002 by HS2-4-6,A,Annual,FR,"France (incl. Saint Barthélemy 'BL' -> 2012; incl. French Guiana 'GF', Guadeloupe 'GP', Martinique 'MQ', Réunion 'RE' from 1997; incl. Mayotte 'YT' from 2014)",JP,Japan,850780,"Electric accumulators (excl. spent and lead-acid, nickel-cadmium, nickel-iron, nickel-metal hydride and lithium-ion accumulators)",2,EXPORT,VALUE_EUR,VALUE_EUR,2012,,322062,
dataflow,ESTAT:DS-059341(1.0),International trade of EU and non-EU countries since 2002 by HS2-4-6,A,Annual,FR,"France (incl. Saint Barthélemy 'BL' -> 2012; incl. French Guiana 'GF', Guadeloupe 'GP', Martinique 'MQ', Réunion 'RE' from 1997; incl. Mayotte 'YT' from 2014)",JP,Japan,850780,"Electric accumulators (excl. spent and lead-acid, nickel-cadmium, nickel-iron, nickel-metal hydride and lithium-ion accumulators)",2,EXPORT,VALUE_EUR,VALUE_EUR,2013,,109157,
dataflow,ESTAT:DS-059341(1.0),International trade of EU and non-EU countries since 2002 by HS2-4-6,A,Annual,FR,"France (incl. Saint Barthélemy 'BL' -> 2012; incl. French Guiana 'GF', Guadeloupe 'GP', Martinique 'MQ', Réunion 'RE' from 1997; incl. Mayotte 'YT' from 2014)",JP,Japan,850780,"Electric accumulators (excl. spent and lead-acid, nickel-cadmium, nickel-iron, nickel-metal hydride and lithium-ion accumulators)",2,EXPORT,VALUE_EUR,VALUE_EUR,2014,,1698555,
dataflow,ESTAT:DS-059341(1.0),International trade of EU and non-EU countries since 2002 by HS2-4-6,A,Annual,FR,"France (incl. Saint Barthélemy 'BL' -> 2012; incl. French Guiana 'GF', Guadeloupe 'GP', Martinique 'MQ', Réunion 'RE' from 1997; incl. Mayotte 'YT' from 2014)",JP,Japan,850780,"Electric accumulators (excl. spent and lead-acid, nickel-cadmium, nickel-iron, nickel-metal hydride and lithium-ion accumulators)",2,EXPORT,VALUE_EUR,VALUE_EUR,2015,,176340,
dataflow,ESTAT:DS-059341(1.0),International trade of EU and non-EU countries since 2002 by HS2-4-6,A,Annual,FR,"France (incl. Saint Barthélemy 'BL' -> 2012; incl. French Guiana 'GF', Guadeloupe 'GP', Martinique 'MQ', Réunion 'RE' from 1997; incl. Mayotte 'YT' from 2014)",JP,Japan,850780,"Electric accumulators (excl. spent and lead-acid, nickel-cadmium, nickel-iron, nickel-metal hydride and lithium-ion accumulators)",2,EXPORT,VALUE_EUR,VALUE_EUR,2016,,248814,
dataflow,ESTAT:DS-059341(1.0),International trade of EU and non-EU countries since 2002 by HS2-4-6,A,Annual,FR,"France (incl. Saint Barthélemy 'BL' -> 2012; incl. French Guiana 'GF', Guadeloupe 'GP', Martinique 'MQ', Réunion 'RE' from 1997; incl. Mayotte 'YT' from 2014)",JP,Japan,850780,"Electric accumulators (excl. spent and lead-acid, nickel-cadmium, nickel-iron, nickel-metal hydride and lithium-ion accumulators)",2,EXPORT,VALUE_EUR,VALUE_EUR,2017,,366955,
dataflow,ESTAT:DS-059341(1.0),International trade of EU and non-EU countries since 2002 by HS2-4-6,A,Annual,FR,"France (incl. Saint Barthélemy 'BL' -> 2012; incl. French Guiana 'GF', Guadeloupe 'GP', Martinique 'MQ', Réunion 'RE' from 1997; incl. Mayotte 'YT' from 2014)",JP,Japan,850780,"Electric accumulators (excl. spent and lead-acid, nickel-cadmium, nickel-iron, nickel-metal hydride and lithium-ion accumulators)",2,EXPORT,VALUE_EUR,VALUE_EUR,2018,,350432,
dataflow,ESTAT:DS-059341(1.0),International trade of EU and non-EU countries since 2002 by HS2-4-6,A,Annual,FR,"France (incl. Saint Barthélemy 'BL' -> 2012; incl. French Guiana 'GF', Guadeloupe 'GP', Martinique 'MQ', Réunion 'RE' from 1997; incl. Mayotte 'YT' from 2014)",JP,Japan,850780,"Electric accumulators (excl. spent and lead-acid, nickel-cadmium, nickel-iron, nickel-metal hydride and lithium-ion accumulators)",2,EXPORT,VALUE_EUR,VALUE_EUR,2019,,911080,
dataflow,ESTAT:DS-059341(1.0),International trade of EU and non-EU countries since 2002 by HS2-4-6,A,Annual,FR,"France (incl. Saint Barthélemy 'BL' -> 2012; incl. French Guiana 'GF', Guadeloupe 'GP', Martinique 'MQ', Réunion 'RE' from 1997; incl. Mayotte 'YT' from 2014)",JP,Japan,850780,"Electric accumulators (excl. spent and lead-acid, nickel-cadmium, nickel-iron, nickel-metal hydride and lithium-ion accumulators)",2,EXPORT,VALUE_EUR,VALUE_EUR,2020,,310191,
dataflow,ESTAT:DS-059341(1.0),International trade of EU and non-EU countries since 2002 by HS2-4-6,A,Annual,FR,"France (incl. Saint Barthélemy 'BL' -> 2012; incl. French Guiana 'GF', Guadeloupe 'GP', Martinique 'MQ', Réunion 'RE' from 1997; incl. Mayotte 'YT' from 2014)",JP,Japan,850780,"Electric accumulators (excl. spent and lead-acid, nickel-cadmium, nickel-iron, nickel-metal hydride and lithium-ion accumulators)",2,EXPORT,VALUE_EUR,VALUE_EUR,2021,,321418,
dataflow,ESTAT:DS-059341(1.0),International trade of EU and non-EU countries since 2002 by HS2-4-6,A,Annual,FR,"France (incl. Saint Barthélemy 'BL' -> 2012; incl. French Guiana 'GF', Guadeloupe 'GP', Martinique 'MQ', Réunion 'RE' from 1997; incl. Mayotte 'YT' from 2014)",JP,Japan,850780,"Electric accumulators (excl. spent and lead-acid, nickel-cadmium, nickel-iron, nickel-metal hydride and lithium-ion accumulators)",2,EXPORT,VALUE_EUR,VALUE_EUR,2022,,288864,
dataflow,ESTAT:DS-059341(1.0),International trade of EU and non-EU countries since 2002 by HS2-4-6,A,Annual,FR,"France (incl. Saint Barthélemy 'BL' -> 2012; incl. French Guiana 'GF', Guadeloupe 'GP', Martinique 'MQ', Réunion 'RE' from 1997; incl. Mayotte 'YT' from 2014)",JP,Japan,850780,"Electric accumulators (excl. spent and lead-acid, nickel-cadmium, nickel-iron, nickel-metal hydride and lithium-ion accumulators)",2,EXPORT,VALUE_EUR,VALUE_EUR,2023,,150553,
dataflow,ESTAT:DS-059341(1.0),International trade of EU and non-EU countries since 2002 by HS2-4-6,A,Annual,FR,"France (incl. Saint Barthélemy 'BL' -> 2012; incl. French Guiana 'GF', Guadeloupe 'GP', Martinique 'MQ', Réunion 'RE' from 1997; incl. Mayotte 'YT' from 2014)",JP,Japan,850780,"Electric accumulators (excl. spent and lead-acid, nickel-cadmium, nickel-iron, nickel-metal hydride and lithium-ion accumulators)",2,EXPORT,VALUE_EUR,VALUE_EUR,2024,,116642,
dataflow,ESTAT:DS-059341(1.0),International trade of EU and non-EU countries since 2002 by HS2-4-6,A,Annual,FR,"France (incl. Saint Barthélemy 'BL' -> 2012; incl. French Guiana 'GF', Guadeloupe 'GP', Martinique 'MQ', Réunion 'RE' from 1997; incl. Mayotte 'YT' from 2014)",JP,Japan,TOTAL,Total,1,IMPORT,VALUE_EUR,VALUE_EUR,2002,,6691661486,
dataflow,ESTAT:DS-059341(1.0),International trade of EU and non-EU countries since 2002 by HS2-4-6,A,Annual,FR,"France (incl. Saint Barthélemy 'BL' -> 2012; incl. French Guiana 'GF', Guadeloupe 'GP', Martinique 'MQ', Réunion 'RE' from 1997; incl. Mayotte 'YT' from 2014)",JP,Japan,TOTAL,Total,1,IMPORT,VALUE_EUR,VALUE_EUR,2003,,6568747908,
dataflow,ESTAT:DS-059341(1.0),International trade of EU and non-EU countries since 2002 by HS2-4-6,A,Annual,FR,"France (incl. Saint Barthélemy 'BL' -> 2012; incl. French Guiana 'GF', Guadeloupe 'GP', Martinique 'MQ', Réunion 'RE' from 1997; incl. Mayotte 'YT' from 2014)",JP,Japan,TOTAL,Total,1,IMPORT,VALUE_EUR,VALUE_EUR,2004,,6851538536,
dataflow,ESTAT:DS-059341(1.0),International trade of EU and non-EU countries since 2002 by HS2-4-6,A,Annual,FR,"France (incl. Saint Barthélemy 'BL' -> 2012; incl. French Guiana 'GF', Guadeloupe 'GP', Martinique 'MQ', Réunion 'RE' from 1997; incl. Mayotte 'YT' from 2014)",JP,Japan,TOTAL,Total,1,IMPORT,VALUE_EUR,VALUE_EUR,2005,,6358102509,
dataflow,ESTAT:DS-059341(1.0),International trade of EU and non-EU countries since 2002 by HS2-4-6,A,Annual,FR,"France (incl. Saint Barthélemy 'BL' -> 2012; incl. French Guiana 'GF', Guadeloupe 'GP', Martinique 'MQ', Réunion 'RE' from 1997; incl. Mayotte 'YT' from 2014)",JP,Japan,TOTAL,Total,1,IMPORT,VALUE_EUR,VALUE_EUR,2006,,6234999017,
dataflow,ESTAT:DS-059341(1.0),International trade of EU and non-EU countries since 2002 by HS2-4-6,A,Annual,FR,"France (incl. Saint Barthélemy 'BL' -> 2012; incl. French Guiana 'GF', Guadeloupe 'GP', Martinique 'MQ', Réunion 'RE' from 1997; incl. Mayotte 'YT' from 2014)",JP,Japan,TOTAL,Total,1,IMPORT,VALUE_EUR,VALUE_EUR,2007,,6149065026,
dataflow,ESTAT:DS-059341(1.0),International trade of EU and non-EU countries since 2002 by HS2-4-6,A,Annual,FR,"France (incl. Saint Barthélemy 'BL' -> 2012; incl. French Guiana 'GF', Guadeloupe 'GP', Martinique 'MQ', Réunion 'RE' from 1997; incl. Mayotte 'YT' from 2014)",JP,Japan,TOTAL,Total,1,IMPORT,VALUE_EUR,VALUE_EUR,2008,,5741009730,
dataflow,ESTAT:DS-059341(1.0),International trade of EU and non-EU countries since 2002 by HS2-4-6,A,Annual,FR,"France (incl. Saint Barthélemy 'BL' -> 2012; incl. French Guiana 'GF', Guadeloupe 'GP', Martinique 'MQ', Réunion 'RE' from 1997; incl. Mayotte 'YT' from 2014)",JP,Japan,TOTAL,Total,1,IMPORT,VALUE_EUR,VALUE_EUR,2009,,4559830276,
dataflow,ESTAT:DS-059341(1.0),International trade of EU and non-EU countries since 2002 by HS2-4-6,A,Annual,FR,"France (incl. Saint Barthélemy 'BL' -> 2012; incl. French Guiana 'GF', Guadeloupe 'GP', Martinique 'MQ', Réunion 'RE' from 1997; incl. Mayotte 'YT' from 2014)",JP,Japan,TOTAL,Total,1,IMPORT,VALUE_EUR,VALUE_EUR,2010,,5335169472,
dataflow,ESTAT:DS-059341(1.0),International trade of EU and non-EU countries since 2002 by HS2-4-6,A,Annual,FR,"France (incl. Saint Barthélemy 'BL' -> 2012; incl. French Guiana 'GF', Guadeloupe 'GP', Martinique 'MQ', Réunion 'RE' from 1997; incl. Mayotte 'YT' from 2014)",JP,Japan,TOTAL,Total,1,IMPORT,VALUE_EUR,VALUE_EUR,2011,,5704632677,
dataflow,ESTAT:DS-059341(1.0),International trade of EU and non-EU countries since 2002 by HS2-4-6,A,Annual,FR,"France (incl. Saint Barthélemy 'BL' -> 2012; incl. French Guiana 'GF', Guadeloupe 'GP', Martinique 'MQ', Réunion 'RE' from 1997; incl. Mayotte 'YT' from 2014)",JP,Japan,TOTAL,Total,1,IMPORT,VALUE_EUR,VALUE_EUR,2012,,5416589971,
dataflow,ESTAT:DS-059341(1.0),International trade of EU and non-EU countries since 2002 by HS2-4-6,A,Annual,FR,"France (incl. Saint Barthélemy 'BL' -> 2012; incl. French Guiana 'GF', Guadeloupe 'GP', Martinique 'MQ', Réunion 'RE' from 1997; incl. Mayotte 'YT' from 2014)",JP,Japan,TOTAL,Total,1,IMPORT,VALUE_EUR,VALUE_EUR,2013,,4816505055,
dataflow,ESTAT:DS-059341(1.0),International trade of EU and non-EU countries since 2002 by HS2-4-6,A,Annual,FR,"France (incl. Saint Barthélemy 'BL' -> 2012; incl. French Guiana 'GF', Guadeloupe 'GP', Martinique 'MQ', Réunion 'RE' from 1997; incl. Mayotte 'YT' from 2014)",JP,Japan,TOTAL,Total,1,IMPORT,VALUE_EUR,VALUE_EUR,2014,,4217540431,
dataflow,ESTAT:DS-059341(1.0),International trade of EU and non-EU countries since 2002 by HS2-4-6,A,Annual,FR,"France (incl. Saint Barthélemy 'BL' -> 2012; incl. French Guiana 'GF', Guadeloupe 'GP', Martinique 'MQ', Réunion 'RE' from 1997; incl. Mayotte 'YT' from 2014)",JP,Japan,TOTAL,Total,1,IMPORT,VALUE_EUR,VALUE_EUR,2015,,4410473995,
dataflow,ESTAT:DS-059341(1.0),International trade of EU and non-EU countries since 2002 by HS2-4-6,A,Annual,FR,"France (incl. Saint Barthélemy 'BL' -> 2012; incl. French Guiana 'GF', Guadeloupe 'GP', Martinique 'MQ', Réunion 'RE' from 1997; incl. Mayotte 'YT' from 2014)",JP,Japan,TOTAL,Total,1,IMPORT,VALUE_EUR,VALUE_EUR,2016,,5116673250,
dataflow,ESTAT:DS-059341(1.0),International trade of EU and non-EU countries since 2002 by HS2-4-6,A,Annual,FR,"France (incl. Saint Barthélemy 'BL' -> 2012; incl. French Guiana 'GF', Guadeloupe 'GP', Martinique 'MQ', Réunion 'RE' from 1997; incl. Mayotte 'YT' from 2014)",JP,Japan,TOTAL,Total,1,IMPORT,VALUE_EUR,VALUE_EUR,2017,,5555435102,
dataflow,ESTAT:DS-059341(1.0),International trade of EU and non-EU countries since 2002 by HS2-4-6,A,Annual,FR,"France (incl. Saint Barthélemy 'BL' -> 2012; incl. French Guiana 'GF', Guadeloupe 'GP', Martinique 'MQ', Réunion 'RE' from 1997; incl. Mayotte 'YT' from 2014)",JP,Japan,TOTAL,Total,1,IMPORT,VALUE_EUR,VALUE_EUR,2018,,6021214507,
dataflow,ESTAT:DS-059341(1.0),International trade of EU and non-EU countries since 2002 by HS2-4-6,A,Annual,FR,"France (incl. Saint Barthélemy 'BL' -> 2012; incl. French Guiana 'GF', Guadeloupe 'GP', Martinique 'MQ', Réunion 'RE' from 1997; incl. Mayotte 'YT' from 2014)",JP,Japan,TOTAL,Total,1,IMPORT,VALUE_EUR,VALUE_EUR,2019,,6145904588,
dataflow,ESTAT:DS-059341(1.0),International trade of EU and non-EU countries since 2002 by HS2-4-6,A,Annual,FR,"France (incl. Saint Barthélemy 'BL' -> 2012; incl. French Guiana 'GF', Guadeloupe 'GP', Martinique 'MQ', Réunion 'RE' from 1997; incl. Mayotte 'YT' from 2014)",JP,Japan,TOTAL,Total,1,IMPORT,VALUE_EUR,VALUE_EUR,2020,,4934901226,
dataflow,ESTAT:DS-059341(1.0),International trade of EU and non-EU countries since 2002 by HS2-4-6,A,Annual,FR,"France (incl. Saint Barthélemy 'BL' -> 2012; incl. French Guiana 'GF', Guadeloupe 'GP', Martinique 'MQ', Réunion 'RE' from 1997; incl. Mayotte 'YT' from 2014)",JP,Japan,TOTAL,Total,1,IMPORT,VALUE_EUR,VALUE_EUR,2021,,5847139505,
dataflow,ESTAT:DS-059341(1.0),International trade of EU and non-EU countries since 2002 by HS2-4-6,A,Annual,FR,"France (incl. Saint Barthélemy 'BL' -> 2012; incl. French Guiana 'GF', Guadeloupe 'GP', Martinique 'MQ', Réunion 'RE' from 1997; incl. Mayotte 'YT' from 2014)",JP,Japan,TOTAL,Total,1,IMPORT,VALUE_EUR,VALUE_EUR,2022,,5532604887,
dataflow,ESTAT:DS-059341(1.0),International trade of EU and non-EU countries since 2002 by HS2-4-6,A,Annual,FR,"France (incl. Saint Barthélemy 'BL' -> 2012; incl. French Guiana 'GF', Guadeloupe 'GP', Martinique 'MQ', Réunion 'RE' from 1997; incl. Mayotte 'YT' from 2014)",JP,Japan,TOTAL,Total,1,IMPORT,VALUE_EUR,VALUE_EUR,2023,,5630979938,
dataflow,ESTAT:DS-059341(1.0),International trade of EU and non-EU countries since 2002 by HS2-4-6,A,Annual,FR,"France (incl. Saint Barthélemy 'BL' -> 2012; incl. French Guiana 'GF', Guadeloupe 'GP', Martinique 'MQ', Réunion 'RE' from 1997; incl. Mayotte 'YT' from 2014)",JP,Japan,TOTAL,Total,1,IMPORT,VALUE_EUR,VALUE_EUR,2024,,5259874692,
dataflow,ESTAT:DS-059341(1.0),International trade of EU and non-EU countries since 2002 by HS2-4-6,A,Annual,FR,"France (incl. Saint Barthélemy 'BL' -> 2012; incl. French Guiana 'GF', Guadeloupe 'GP', Martinique 'MQ', Réunion 'RE' from 1997; incl. Mayotte 'YT' from 2014)",JP,Japan,TOTAL,Total,2,EXPORT,VALUE_EUR,VALUE_EUR,2002,,5614584957,
dataflow,ESTAT:DS-059341(1.0),International trade of EU and non-EU countries since 2002 by HS2-4-6,A,Annual,FR,"France (incl. Saint Barthélemy 'BL' -> 2012; incl. French Guiana 'GF', Guadeloupe 'GP', Martinique 'MQ', Réunion 'RE' from 1997; incl. Mayotte 'YT' from 2014)",JP,Japan,TOTAL,Total,2,EXPORT,VALUE_EUR,VALUE_EUR,2003,,5385734604,
dataflow,ESTAT:DS-059341(1.0),International trade of EU and non-EU countries since 2002 by HS2-4-6,A,Annual,FR,"France (incl. Saint Barthélemy 'BL' -> 2012; incl. French Guiana 'GF', Guadeloupe 'GP', Martinique 'MQ', Réunion 'RE' from 1997; incl. Mayotte 'YT' from 2014)",JP,Japan,TOTAL,Total,2,EXPORT,VALUE_EUR,VALUE_EUR,2004,,5444051912,
dataflow,ESTAT:DS-059341(1.0),International trade of EU and non-EU countries since 2002 by HS2-4-6,A,Annual,FR,"France (incl. Saint Barthélemy 'BL' -> 2012; incl. French Guiana 'GF', Guadeloupe 'GP', Martinique 'MQ', Réunion 'RE' from 1997; incl. Mayotte 'YT' from 2014)",JP,Japan,TOTAL,Total,2,EXPORT,VALUE_EUR,VALUE_EUR,2005,,5487895314,
dataflow,ESTAT:DS-059341(1.0),International trade of EU and non-EU countries since 2002 by HS2-4-6,A,Annual,FR,"France (incl. Saint Barthélemy 'BL' -> 2012; incl. French Guiana 'GF', Guadeloupe 'GP', Martinique 'MQ', Réunion 'RE' from 1997; incl. Mayotte 'YT' from 2014)",JP,Japan,TOTAL,Total,2,EXPORT,VALUE_EUR,VALUE_EUR,2006,,5695365841,
dataflow,ESTAT:DS-059341(1.0),International trade of EU and non-EU countries since 2002 by HS2-4-6,A,Annual,FR,"France (incl. Saint Barthélemy 'BL' -> 2012; incl. French Guiana 'GF', Guadeloupe 'GP', Martinique 'MQ', Réunion 'RE' from 1997; incl. Mayotte 'YT' from 2014)",JP,Japan,TOTAL,Total,2,EXPORT,VALUE_EUR,VALUE_EUR,2007,,5779729993,
dataflow,ESTAT:DS-059341(1.0),International trade of EU and non-EU countries since 2002 by HS2-4-6,A,Annual,FR,"France (incl. Saint Barthélemy 'BL' -> 2012; incl. French Guiana 'GF', Guadeloupe 'GP', Martinique 'MQ', Réunion 'RE' from 1997; incl. Mayotte 'YT' from 2014)",JP,Japan,TOTAL,Total,2,EXPORT,VALUE_EUR,VALUE_EUR,2008,,5597321842,
dataflow,ESTAT:DS-059341(1.0),International trade of EU and non-EU countries since 2002 by HS2-4-6,A,Annual,FR,"France (incl. Saint Barthélemy 'BL' -> 2012; incl. French Guiana 'GF', Guadeloupe 'GP', Martinique 'MQ', Réunion 'RE' from 1997; incl. Mayotte 'YT' from 2014)",JP,Japan,TOTAL,Total,2,EXPORT,VALUE_EUR,VALUE_EUR,2009,,4784030591,
dataflow,ESTAT:DS-059341(1.0),International trade of EU and non-EU countries since 2002 by HS2-4-6,A,Annual,FR,"France (incl. Saint Barthélemy 'BL' -> 2012; incl. French Guiana 'GF', Guadeloupe 'GP', Martinique 'MQ', Réunion 'RE' from 1997; incl. Mayotte 'YT' from 2014)",JP,Japan,TOTAL,Total,2,EXPORT,VALUE_EUR,VALUE_EUR,2010,,5966663410,
dataflow,ESTAT:DS-059341(1.0),International trade of EU and non-EU countries since 2002 by HS2-4-6,A,Annual,FR,"France (incl. Saint Barthélemy 'BL' -> 2012; incl. French Guiana 'GF', Guadeloupe 'GP', Martinique 'MQ', Réunion 'RE' from 1997; incl. Mayotte 'YT' from 2014)",JP,Japan,TOTAL,Total,2,EXPORT,VALUE_EUR,VALUE_EUR,2011,,6590091805,
dataflow,ESTAT:DS-059341(1.0),International trade of EU and non-EU countries since 2002 by HS2-4-6,A,Annual,FR,"France (incl. Saint Barthélemy 'BL' -> 2012; incl. French Guiana 'GF', Guadeloupe 'GP', Martinique 'MQ', Réunion 'RE' from 1997; incl. Mayotte 'YT' from 2014)",JP,Japan,TOTAL,Total,2,EXPORT,VALUE_EUR,VALUE_EUR,2012,,7471825490,
dataflow,ESTAT:DS-059341(1.0),International trade of EU and non-EU countries since 2002 by HS2-4-6,A,Annual,FR,"France (incl. Saint Barthélemy 'BL' -> 2012; incl. French Guiana 'GF', Guadeloupe 'GP', Martinique 'MQ', Réunion 'RE' from 1997; incl. Mayotte 'YT' from 2014)",JP,Japan,TOTAL,Total,2,EXPORT,VALUE_EUR,VALUE_EUR,2013,,6877999033,
dataflow,ESTAT:DS-059341(1.0),International trade of EU and non-EU countries since 2002 by HS2-4-6,A,Annual,FR,"France (incl. Saint Barthélemy 'BL' -> 2012; incl. French Guiana 'GF', Guadeloupe 'GP', Martinique 'MQ', Réunion 'RE' from 1997; incl. Mayotte 'YT' from 2014)",JP,Japan,TOTAL,Total,2,EXPORT,VALUE_EUR,VALUE_EUR,2014,,6848012155,
dataflow,ESTAT:DS-059341(1.0),International trade of EU and non-EU countries since 2002 by HS2-4-6,A,Annual,FR,"France (incl. Saint Barthélemy 'BL' -> 2012; incl. French Guiana 'GF', Guadeloupe 'GP', Martinique 'MQ', Réunion 'RE' from 1997; incl. Mayotte 'YT' from 2014)",JP,Japan,TOTAL,Total,2,EXPORT,VALUE_EUR,VALUE_EUR,2015,,6330355450,
dataflow,ESTAT:DS-059341(1.0),International trade of EU and non-EU countries since 2002 by HS2-4-6,A,Annual,FR,"France (incl. Saint Barthélemy 'BL' -> 2012; incl. French Guiana 'GF', Guadeloupe 'GP', Martinique 'MQ', Réunion 'RE' from 1997; incl. Mayotte 'YT' from 2014)",JP,Japan,TOTAL,Total,2,EXPORT,VALUE_EUR,VALUE_EUR,2016,,6285296113,
dataflow,ESTAT:DS-059341(1.0),International trade of EU and non-EU countries since 2002 by HS2-4-6,A,Annual,FR,"France (incl. Saint Barthélemy 'BL' -> 2012; incl. French Guiana 'GF', Guadeloupe 'GP', Martinique 'MQ', Réunion 'RE' from 1997; incl. Mayotte 'YT' from 2014)",JP,Japan,TOTAL,Total,2,EXPORT,VALUE_EUR,VALUE_EUR,2017,,6389523742,
dataflow,ESTAT:DS-059341(1.0),International trade of EU and non-EU countries since 2002 by HS2-4-6,A,Annual,FR,"France (incl. Saint Barthélemy 'BL' -> 2012; incl. French Guiana 'GF', Guadeloupe 'GP', Martinique 'MQ', Réunion 'RE' from 1997; incl. Mayotte 'YT' from 2014)",JP,Japan,TOTAL,Total,2,EXPORT,VALUE_EUR,VALUE_EUR,2018,,6672487483,
dataflow,ESTAT:DS-059341(1.0),International trade of EU and non-EU countries since 2002 by HS2-4-6,A,Annual,FR,"France (incl. Saint Barthélemy 'BL' -> 2012; incl. French Guiana 'GF', Guadeloupe 'GP', Martinique 'MQ', Réunion 'RE' from 1997; incl. Mayotte 'YT' from 2014)",JP,Japan,TOTAL,Total,2,EXPORT,VALUE_EUR,VALUE_EUR,2019,,7742443852,
dataflow,ESTAT:DS-059341(1.0),International trade of EU and non-EU countries since 2002 by HS2-4-6,A,Annual,FR,"France (incl. Saint Barthélemy 'BL' -> 2012; incl. French Guiana 'GF', Guadeloupe 'GP', Martinique 'MQ', Réunion 'RE' from 1997; incl. Mayotte 'YT' from 2014)",JP,Japan,TOTAL,Total,2,EXPORT,VALUE_EUR,VALUE_EUR,2020,,5701367261,
dataflow,ESTAT:DS-059341(1.0),International trade of EU and non-EU countries since 2002 by HS2-4-6,A,Annual,FR,"France (incl. Saint Barthélemy 'BL' -> 2012; incl. French Guiana 'GF', Guadeloupe 'GP', Martinique 'MQ', Réunion 'RE' from 1997; incl. Mayotte 'YT' from 2014)",JP,Japan,TOTAL,Total,2,EXPORT,VALUE_EUR,VALUE_EUR,2021,,6572384538,
dataflow,ESTAT:DS-059341(1.0),International trade of EU and non-EU countries since 2002 by HS2-4-6,A,Annual,FR,"France (incl. Saint Barthélemy 'BL' -> 2012; incl. French Guiana 'GF', Guadeloupe 'GP', Martinique 'MQ', Réunion 'RE' from 1997; incl. Mayotte 'YT' from 2014)",JP,Japan,TOTAL,Total,2,EXPORT,VALUE_EUR,VALUE_EUR,2022,,6380515275,
dataflow,ESTAT:DS-059341(1.0),International trade of EU and non-EU countries since 2002 by HS2-4-6,A,Annual,FR,"France (incl. Saint Barthélemy 'BL' -> 2012; incl. French Guiana 'GF', Guadeloupe 'GP', Martinique 'MQ', Réunion 'RE' from 1997; incl. Mayotte 'YT' from 2014)",JP,Japan,TOTAL,Total,2,EXPORT,VALUE_EUR,VALUE_EUR,2023,,6680574552,
dataflow,ESTAT:DS-059341(1.0),International trade of EU and non-EU countries since 2002 by HS2-4-6,A,Annual,FR,"France (incl. Saint Barthélemy 'BL' -> 2012; incl. French Guiana 'GF', Guadeloupe 'GP', Martinique 'MQ', Réunion 'RE' from 1997; incl. Mayotte 'YT' from 2014)",JP,Japan,TOTAL,Total,2,EXPORT,VALUE_EUR,VALUE_EUR,2024,,9145388885,
dataflow,ESTAT:DS-059341(1.0),International trade of EU and non-EU countries since 2002 by HS2-4-6,A,Annual,FR,"France (incl. Saint Barthélemy 'BL' -> 2012; incl. French Guiana 'GF', Guadeloupe 'GP', Martinique 'MQ', Réunion 'RE' from 1997; incl. Mayotte 'YT' from 2014)",KR,"Korea, Republic of (South Korea)",850710,"Lead-acid accumulators of a kind used for starting piston engine ""starter batteries"" (excl. spent)",1,IMPORT,VALUE_EUR,VALUE_EUR,2002,,629584,
dataflow,ESTAT:DS-059341(1.0),International trade of EU and non-EU countries since 2002 by HS2-4-6,A,Annual,FR,"France (incl. Saint Barthélemy 'BL' -> 2012; incl. French Guiana 'GF', Guadeloupe 'GP', Martinique 'MQ', Réunion 'RE' from 1997; incl. Mayotte 'YT' from 2014)",KR,"Korea, Republic of (South Korea)",850710,"Lead-acid accumulators of a kind used for starting piston engine ""starter batteries"" (excl. spent)",1,IMPORT,VALUE_EUR,VALUE_EUR,2003,,723947,
dataflow,ESTAT:DS-059341(1.0),International trade of EU and non-EU countries since 2002 by HS2-4-6,A,Annual,FR,"France (incl. Saint Barthélemy 'BL' -> 2012; incl. French Guiana 'GF', Guadeloupe 'GP', Martinique 'MQ', Réunion 'RE' from 1997; incl. Mayotte 'YT' from 2014)",KR,"Korea, Republic of (South Korea)",850710,"Lead-acid accumulators of a kind used for starting piston engine ""starter batteries"" (excl. spent)",1,IMPORT,VALUE_EUR,VALUE_EUR,2004,,1620530,
dataflow,ESTAT:DS-059341(1.0),International trade of EU and non-EU countries since 2002 by HS2-4-6,A,Annual,FR,"France (incl. Saint Barthélemy 'BL' -> 2012; incl. French Guiana 'GF', Guadeloupe 'GP', Martinique 'MQ', Réunion 'RE' from 1997; incl. Mayotte 'YT' from 2014)",KR,"Korea, Republic of (South Korea)",850710,"Lead-acid accumulators of a kind used for starting piston engine ""starter batteries"" (excl. spent)",1,IMPORT,VALUE_EUR,VALUE_EUR,2005,,2272724,
dataflow,ESTAT:DS-059341(1.0),International trade of EU and non-EU countries since 2002 by HS2-4-6,A,Annual,FR,"France (incl. Saint Barthélemy 'BL' -> 2012; incl. French Guiana 'GF', Guadeloupe 'GP', Martinique 'MQ', Réunion 'RE' from 1997; incl. Mayotte 'YT' from 2014)",KR,"Korea, Republic of (South Korea)",850710,"Lead-acid accumulators of a kind used for starting piston engine ""starter batteries"" (excl. spent)",1,IMPORT,VALUE_EUR,VALUE_EUR,2006,,1433001,
dataflow,ESTAT:DS-059341(1.0),International trade of EU and non-EU countries since 2002 by HS2-4-6,A,Annual,FR,"France (incl. Saint Barthélemy 'BL' -> 2012; incl. French Guiana 'GF', Guadeloupe 'GP', Martinique 'MQ', Réunion 'RE' from 1997; incl. Mayotte 'YT' from 2014)",KR,"Korea, Republic of (South Korea)",850710,"Lead-acid accumulators of a kind used for starting piston engine ""starter batteries"" (excl. spent)",1,IMPORT,VALUE_EUR,VALUE_EUR,2007,,2081007,
dataflow,ESTAT:DS-059341(1.0),International trade of EU and non-EU countries since 2002 by HS2-4-6,A,Annual,FR,"France (incl. Saint Barthélemy 'BL' -> 2012; incl. French Guiana 'GF', Guadeloupe 'GP', Martinique 'MQ', Réunion 'RE' from 1997; incl. Mayotte 'YT' from 2014)",KR,"Korea, Republic of (South Korea)",850710,"Lead-acid accumulators of a kind used for starting piston engine ""starter batteries"" (excl. spent)",1,IMPORT,VALUE_EUR,VALUE_EUR,2008,,1970644,
dataflow,ESTAT:DS-059341(1.0),International trade of EU and non-EU countries since 2002 by HS2-4-6,A,Annual,FR,"France (incl. Saint Barthélemy 'BL' -> 2012; incl. French Guiana 'GF', Guadeloupe 'GP', Martinique 'MQ', Réunion 'RE' from 1997; incl. Mayotte 'YT' from 2014)",KR,"Korea, Republic of (South Korea)",850710,"Lead-acid accumulators of a kind used for starting piston engine ""starter batteries"" (excl. spent)",1,IMPORT,VALUE_EUR,VALUE_EUR,2009,,1576523,
dataflow,ESTAT:DS-059341(1.0),International trade of EU and non-EU countries since 2002 by HS2-4-6,A,Annual,FR,"France (incl. Saint Barthélemy 'BL' -> 2012; incl. French Guiana 'GF', Guadeloupe 'GP', Martinique 'MQ', Réunion 'RE' from 1997; incl. Mayotte 'YT' from 2014)",KR,"Korea, Republic of (South Korea)",850710,"Lead-acid accumulators of a kind used for starting piston engine ""starter batteries"" (excl. spent)",1,IMPORT,VALUE_EUR,VALUE_EUR,2010,,2789115,
dataflow,ESTAT:DS-059341(1.0),International trade of EU and non-EU countries since 2002 by HS2-4-6,A,Annual,FR,"France (incl. Saint Barthélemy 'BL' -> 2012; incl. French Guiana 'GF', Guadeloupe 'GP', Martinique 'MQ', Réunion 'RE' from 1997; incl. Mayotte 'YT' from 2014)",KR,"Korea, Republic of (South Korea)",850710,"Lead-acid accumulators of a kind used for starting piston engine ""starter batteries"" (excl. spent)",1,IMPORT,VALUE_EUR,VALUE_EUR,2011,,4064320,
dataflow,ESTAT:DS-059341(1.0),International trade of EU and non-EU countries since 2002 by HS2-4-6,A,Annual,FR,"France (incl. Saint Barthélemy 'BL' -> 2012; incl. French Guiana 'GF', Guadeloupe 'GP', Martinique 'MQ', Réunion 'RE' from 1997; incl. Mayotte 'YT' from 2014)",KR,"Korea, Republic of (South Korea)",850710,"Lead-acid accumulators of a kind used for starting piston engine ""starter batteries"" (excl. spent)",1,IMPORT,VALUE_EUR,VALUE_EUR,2012,,3866853,
dataflow,ESTAT:DS-059341(1.0),International trade of EU and non-EU countries since 2002 by HS2-4-6,A,Annual,FR,"France (incl. Saint Barthélemy 'BL' -> 2012; incl. French Guiana 'GF', Guadeloupe 'GP', Martinique 'MQ', Réunion 'RE' from 1997; incl. Mayotte 'YT' from 2014)",KR,"Korea, Republic of (South Korea)",850710,"Lead-acid accumulators of a kind used for starting piston engine ""starter batteries"" (excl. spent)",1,IMPORT,VALUE_EUR,VALUE_EUR,2013,,6205430,
dataflow,ESTAT:DS-059341(1.0),International trade of EU and non-EU countries since 2002 by HS2-4-6,A,Annual,FR,"France (incl. Saint Barthélemy 'BL' -> 2012; incl. French Guiana 'GF', Guadeloupe 'GP', Martinique 'MQ', Réunion 'RE' from 1997; incl. Mayotte 'YT' from 2014)",KR,"Korea, Republic of (South Korea)",850710,"Lead-acid accumulators of a kind used for starting piston engine ""starter batteries"" (excl. spent)",1,IMPORT,VALUE_EUR,VALUE_EUR,2014,,5981746,
dataflow,ESTAT:DS-059341(1.0),International trade of EU and non-EU countries since 2002 by HS2-4-6,A,Annual,FR,"France (incl. Saint Barthélemy 'BL' -> 2012; incl. French Guiana 'GF', Guadeloupe 'GP', Martinique 'MQ', Réunion 'RE' from 1997; incl. Mayotte 'YT' from 2014)",KR,"Korea, Republic of (South Korea)",850710,"Lead-acid accumulators of a kind used for starting piston engine ""starter batteries"" (excl. spent)",1,IMPORT,VALUE_EUR,VALUE_EUR,2015,,9292150,
dataflow,ESTAT:DS-059341(1.0),International trade of EU and non-EU countries since 2002 by HS2-4-6,A,Annual,FR,"France (incl. Saint Barthélemy 'BL' -> 2012; incl. French Guiana 'GF', Guadeloupe 'GP', Martinique 'MQ', Réunion 'RE' from 1997; incl. Mayotte 'YT' from 2014)",KR,"Korea, Republic of (South Korea)",850710,"Lead-acid accumulators of a kind used for starting piston engine ""starter batteries"" (excl. spent)",1,IMPORT,VALUE_EUR,VALUE_EUR,2016,,11386597,
dataflow,ESTAT:DS-059341(1.0),International trade of EU and non-EU countries since 2002 by HS2-4-6,A,Annual,FR,"France (incl. Saint Barthélemy 'BL' -> 2012; incl. French Guiana 'GF', Guadeloupe 'GP', Martinique 'MQ', Réunion 'RE' from 1997; incl. Mayotte 'YT' from 2014)",KR,"Korea, Republic of (South Korea)",850710,"Lead-acid accumulators of a kind used for starting piston engine ""starter batteries"" (excl. spent)",1,IMPORT,VALUE_EUR,VALUE_EUR,2017,,10060777,
dataflow,ESTAT:DS-059341(1.0),International trade of EU and non-EU countries since 2002 by HS2-4-6,A,Annual,FR,"France (incl. Saint Barthélemy 'BL' -> 2012; incl. French Guiana 'GF', Guadeloupe 'GP', Martinique 'MQ', Réunion 'RE' from 1997; incl. Mayotte 'YT' from 2014)",KR,"Korea, Republic of (South Korea)",850710,"Lead-acid accumulators of a kind used for starting piston engine ""starter batteries"" (excl. spent)",1,IMPORT,VALUE_EUR,VALUE_EUR,2018,,9138003,
dataflow,ESTAT:DS-059341(1.0),International trade of EU and non-EU countries since 2002 by HS2-4-6,A,Annual,FR,"France (incl. Saint Barthélemy 'BL' -> 2012; incl. French Guiana 'GF', Guadeloupe 'GP', Martinique 'MQ', Réunion 'RE' from 1997; incl. Mayotte 'YT' from 2014)",KR,"Korea, Republic of (South Korea)",850710,"Lead-acid accumulators of a kind used for starting piston engine ""starter batteries"" (excl. spent)",1,IMPORT,VALUE_EUR,VALUE_EUR,2019,,10658913,
dataflow,ESTAT:DS-059341(1.0),International trade of EU and non-EU countries since 2002 by HS2-4-6,A,Annual,FR,"France (incl. Saint Barthélemy 'BL' -> 2012; incl. French Guiana 'GF', Guadeloupe 'GP', Martinique 'MQ', Réunion 'RE' from 1997; incl. Mayotte 'YT' from 2014)",KR,"Korea, Republic of (South Korea)",850710,"Lead-acid accumulators of a kind used for starting piston engine ""starter batteries"" (excl. spent)",1,IMPORT,VALUE_EUR,VALUE_EUR,2020,,14375843,
dataflow,ESTAT:DS-059341(1.0),International trade of EU and non-EU countries since 2002 by HS2-4-6,A,Annual,FR,"France (incl. Saint Barthélemy 'BL' -> 2012; incl. French Guiana 'GF', Guadeloupe 'GP', Martinique 'MQ', Réunion 'RE' from 1997; incl. Mayotte 'YT' from 2014)",KR,"Korea, Republic of (South Korea)",850710,"Lead-acid accumulators of a kind used for starting piston engine ""starter batteries"" (excl. spent)",1,IMPORT,VALUE_EUR,VALUE_EUR,2021,,21720711,
dataflow,ESTAT:DS-059341(1.0),International trade of EU and non-EU countries since 2002 by HS2-4-6,A,Annual,FR,"France (incl. Saint Barthélemy 'BL' -> 2012; incl. French Guiana 'GF', Guadeloupe 'GP', Martinique 'MQ', Réunion 'RE' from 1997; incl. Mayotte 'YT' from 2014)",KR,"Korea, Republic of (South Korea)",850710,"Lead-acid accumulators of a kind used for starting piston engine ""starter batteries"" (excl. spent)",1,IMPORT,VALUE_EUR,VALUE_EUR,2022,,23932296,
dataflow,ESTAT:DS-059341(1.0),International trade of EU and non-EU countries since 2002 by HS2-4-6,A,Annual,FR,"France (incl. Saint Barthélemy 'BL' -> 2012; incl. French Guiana 'GF', Guadeloupe 'GP', Martinique 'MQ', Réunion 'RE' from 1997; incl. Mayotte 'YT' from 2014)",KR,"Korea, Republic of (South Korea)",850710,"Lead-acid accumulators of a kind used for starting piston engine ""starter batteries"" (excl. spent)",1,IMPORT,VALUE_EUR,VALUE_EUR,2023,,34088761,
dataflow,ESTAT:DS-059341(1.0),International trade of EU and non-EU countries since 2002 by HS2-4-6,A,Annual,FR,"France (incl. Saint Barthélemy 'BL' -> 2012; incl. French Guiana 'GF', Guadeloupe 'GP', Martinique 'MQ', Réunion 'RE' from 1997; incl. Mayotte 'YT' from 2014)",KR,"Korea, Republic of (South Korea)",850710,"Lead-acid accumulators of a kind used for starting piston engine ""starter batteries"" (excl. spent)",1,IMPORT,VALUE_EUR,VALUE_EUR,2024,,37319220,
dataflow,ESTAT:DS-059341(1.0),International trade of EU and non-EU countries since 2002 by HS2-4-6,A,Annual,FR,"France (incl. Saint Barthélemy 'BL' -> 2012; incl. French Guiana 'GF', Guadeloupe 'GP', Martinique 'MQ', Réunion 'RE' from 1997; incl. Mayotte 'YT' from 2014)",KR,"Korea, Republic of (South Korea)",850710,"Lead-acid accumulators of a kind used for starting piston engine ""starter batteries"" (excl. spent)",2,EXPORT,VALUE_EUR,VALUE_EUR,2003,,1388,
dataflow,ESTAT:DS-059341(1.0),International trade of EU and non-EU countries since 2002 by HS2-4-6,A,Annual,FR,"France (incl. Saint Barthélemy 'BL' -> 2012; incl. French Guiana 'GF', Guadeloupe 'GP', Martinique 'MQ', Réunion 'RE' from 1997; incl. Mayotte 'YT' from 2014)",KR,"Korea, Republic of (South Korea)",850710,"Lead-acid accumulators of a kind used for starting piston engine ""starter batteries"" (excl. spent)",2,EXPORT,VALUE_EUR,VALUE_EUR,2004,,58751,
dataflow,ESTAT:DS-059341(1.0),International trade of EU and non-EU countries since 2002 by HS2-4-6,A,Annual,FR,"France (incl. Saint Barthélemy 'BL' -> 2012; incl. French Guiana 'GF', Guadeloupe 'GP', Martinique 'MQ', Réunion 'RE' from 1997; incl. Mayotte 'YT' from 2014)",KR,"Korea, Republic of (South Korea)",850710,"Lead-acid accumulators of a kind used for starting piston engine ""starter batteries"" (excl. spent)",2,EXPORT,VALUE_EUR,VALUE_EUR,2005,,89410,
dataflow,ESTAT:DS-059341(1.0),International trade of EU and non-EU countries since 2002 by HS2-4-6,A,Annual,FR,"France (incl. Saint Barthélemy 'BL' -> 2012; incl. French Guiana 'GF', Guadeloupe 'GP', Martinique 'MQ', Réunion 'RE' from 1997; incl. Mayotte 'YT' from 2014)",KR,"Korea, Republic of (South Korea)",850710,"Lead-acid accumulators of a kind used for starting piston engine ""starter batteries"" (excl. spent)",2,EXPORT,VALUE_EUR,VALUE_EUR,2007,,449231,
dataflow,ESTAT:DS-059341(1.0),International trade of EU and non-EU countries since 2002 by HS2-4-6,A,Annual,FR,"France (incl. Saint Barthélemy 'BL' -> 2012; incl. French Guiana 'GF', Guadeloupe 'GP', Martinique 'MQ', Réunion 'RE' from 1997; incl. Mayotte 'YT' from 2014)",KR,"Korea, Republic of (South Korea)",850710,"Lead-acid accumulators of a kind used for starting piston engine ""starter batteries"" (excl. spent)",2,EXPORT,VALUE_EUR,VALUE_EUR,2008,,122239,
dataflow,ESTAT:DS-059341(1.0),International trade of EU and non-EU countries since 2002 by HS2-4-6,A,Annual,FR,"France (incl. Saint Barthélemy 'BL' -> 2012; incl. French Guiana 'GF', Guadeloupe 'GP', Martinique 'MQ', Réunion 'RE' from 1997; incl. Mayotte 'YT' from 2014)",KR,"Korea, Republic of (South Korea)",850710,"Lead-acid accumulators of a kind used for starting piston engine ""starter batteries"" (excl. spent)",2,EXPORT,VALUE_EUR,VALUE_EUR,2009,,23935,
dataflow,ESTAT:DS-059341(1.0),International trade of EU and non-EU countries since 2002 by HS2-4-6,A,Annual,FR,"France (incl. Saint Barthélemy 'BL' -> 2012; incl. French Guiana 'GF', Guadeloupe 'GP', Martinique 'MQ', Réunion 'RE' from 1997; incl. Mayotte 'YT' from 2014)",KR,"Korea, Republic of (South Korea)",850710,"Lead-acid accumulators of a kind used for starting piston engine ""starter batteries"" (excl. spent)",2,EXPORT,VALUE_EUR,VALUE_EUR,2010,,300,
dataflow,ESTAT:DS-059341(1.0),International trade of EU and non-EU countries since 2002 by HS2-4-6,A,Annual,FR,"France (incl. Saint Barthélemy 'BL' -> 2012; incl. French Guiana 'GF', Guadeloupe 'GP', Martinique 'MQ', Réunion 'RE' from 1997; incl. Mayotte 'YT' from 2014)",KR,"Korea, Republic of (South Korea)",850710,"Lead-acid accumulators of a kind used for starting piston engine ""starter batteries"" (excl. spent)",2,EXPORT,VALUE_EUR,VALUE_EUR,2011,,960,
dataflow,ESTAT:DS-059341(1.0),International trade of EU and non-EU countries since 2002 by HS2-4-6,A,Annual,FR,"France (incl. Saint Barthélemy 'BL' -> 2012; incl. French Guiana 'GF', Guadeloupe 'GP', Martinique 'MQ', Réunion 'RE' from 1997; incl. Mayotte 'YT' from 2014)",KR,"Korea, Republic of (South Korea)",850710,"Lead-acid accumulators of a kind used for starting piston engine ""starter batteries"" (excl. spent)",2,EXPORT,VALUE_EUR,VALUE_EUR,2012,,1632,
dataflow,ESTAT:DS-059341(1.0),International trade of EU and non-EU countries since 2002 by HS2-4-6,A,Annual,FR,"France (incl. Saint Barthélemy 'BL' -> 2012; incl. French Guiana 'GF', Guadeloupe 'GP', Martinique 'MQ', Réunion 'RE' from 1997; incl. Mayotte 'YT' from 2014)",KR,"Korea, Republic of (South Korea)",850710,"Lead-acid accumulators of a kind used for starting piston engine ""starter batteries"" (excl. spent)",2,EXPORT,VALUE_EUR,VALUE_EUR,2013,,2732,
dataflow,ESTAT:DS-059341(1.0),International trade of EU and non-EU countries since 2002 by HS2-4-6,A,Annual,FR,"France (incl. Saint Barthélemy 'BL' -> 2012; incl. French Guiana 'GF', Guadeloupe 'GP', Martinique 'MQ', Réunion 'RE' from 1997; incl. Mayotte 'YT' from 2014)",KR,"Korea, Republic of (South Korea)",850710,"Lead-acid accumulators of a kind used for starting piston engine ""starter batteries"" (excl. spent)",2,EXPORT,VALUE_EUR,VALUE_EUR,2014,,103,
dataflow,ESTAT:DS-059341(1.0),International trade of EU and non-EU countries since 2002 by HS2-4-6,A,Annual,FR,"France (incl. Saint Barthélemy 'BL' -> 2012; incl. French Guiana 'GF', Guadeloupe 'GP', Martinique 'MQ', Réunion 'RE' from 1997; incl. Mayotte 'YT' from 2014)",KR,"Korea, Republic of (South Korea)",850710,"Lead-acid accumulators of a kind used for starting piston engine ""starter batteries"" (excl. spent)",2,EXPORT,VALUE_EUR,VALUE_EUR,2015,,1311,
dataflow,ESTAT:DS-059341(1.0),International trade of EU and non-EU countries since 2002 by HS2-4-6,A,Annual,FR,"France (incl. Saint Barthélemy 'BL' -> 2012; incl. French Guiana 'GF', Guadeloupe 'GP', Martinique 'MQ', Réunion 'RE' from 1997; incl. Mayotte 'YT' from 2014)",KR,"Korea, Republic of (South Korea)",850710,"Lead-acid accumulators of a kind used for starting piston engine ""starter batteries"" (excl. spent)",2,EXPORT,VALUE_EUR,VALUE_EUR,2016,,49060,
dataflow,ESTAT:DS-059341(1.0),International trade of EU and non-EU countries since 2002 by HS2-4-6,A,Annual,FR,"France (incl. Saint Barthélemy 'BL' -> 2012; incl. French Guiana 'GF', Guadeloupe 'GP', Martinique 'MQ', Réunion 'RE' from 1997; incl. Mayotte 'YT' from 2014)",KR,"Korea, Republic of (South Korea)",850710,"Lead-acid accumulators of a kind used for starting piston engine ""starter batteries"" (excl. spent)",2,EXPORT,VALUE_EUR,VALUE_EUR,2017,,40298,
dataflow,ESTAT:DS-059341(1.0),International trade of EU and non-EU countries since 2002 by HS2-4-6,A,Annual,FR,"France (incl. Saint Barthélemy 'BL' -> 2012; incl. French Guiana 'GF', Guadeloupe 'GP', Martinique 'MQ', Réunion 'RE' from 1997; incl. Mayotte 'YT' from 2014)",KR,"Korea, Republic of (South Korea)",850710,"Lead-acid accumulators of a kind used for starting piston engine ""starter batteries"" (excl. spent)",2,EXPORT,VALUE_EUR,VALUE_EUR,2018,,54881,
dataflow,ESTAT:DS-059341(1.0),International trade of EU and non-EU countries since 2002 by HS2-4-6,A,Annual,FR,"France (incl. Saint Barthélemy 'BL' -> 2012; incl. French Guiana 'GF', Guadeloupe 'GP', Martinique 'MQ', Réunion 'RE' from 1997; incl. Mayotte 'YT' from 2014)",KR,"Korea, Republic of (South Korea)",850710,"Lead-acid accumulators of a kind used for starting piston engine ""starter batteries"" (excl. spent)",2,EXPORT,VALUE_EUR,VALUE_EUR,2019,,139710,
dataflow,ESTAT:DS-059341(1.0),International trade of EU and non-EU countries since 2002 by HS2-4-6,A,Annual,FR,"France (incl. Saint Barthélemy 'BL' -> 2012; incl. French Guiana 'GF', Guadeloupe 'GP', Martinique 'MQ', Réunion 'RE' from 1997; incl. Mayotte 'YT' from 2014)",KR,"Korea, Republic of (South Korea)",850710,"Lead-acid accumulators of a kind used for starting piston engine ""starter batteries"" (excl. spent)",2,EXPORT,VALUE_EUR,VALUE_EUR,2020,,12850,
dataflow,ESTAT:DS-059341(1.0),International trade of EU and non-EU countries since 2002 by HS2-4-6,A,Annual,FR,"France (incl. Saint Barthélemy 'BL' -> 2012; incl. French Guiana 'GF', Guadeloupe 'GP', Martinique 'MQ', Réunion 'RE' from 1997; incl. Mayotte 'YT' from 2014)",KR,"Korea, Republic of (South Korea)",850710,"Lead-acid accumulators of a kind used for starting piston engine ""starter batteries"" (excl. spent)",2,EXPORT,VALUE_EUR,VALUE_EUR,2021,,36783,
dataflow,ESTAT:DS-059341(1.0),International trade of EU and non-EU countries since 2002 by HS2-4-6,A,Annual,FR,"France (incl. Saint Barthélemy 'BL' -> 2012; incl. French Guiana 'GF', Guadeloupe 'GP', Martinique 'MQ', Réunion 'RE' from 1997; incl. Mayotte 'YT' from 2014)",KR,"Korea, Republic of (South Korea)",850710,"Lead-acid accumulators of a kind used for starting piston engine ""starter batteries"" (excl. spent)",2,EXPORT,VALUE_EUR,VALUE_EUR,2022,,109353,
dataflow,ESTAT:DS-059341(1.0),International trade of EU and non-EU countries since 2002 by HS2-4-6,A,Annual,FR,"France (incl. Saint Barthélemy 'BL' -> 2012; incl. French Guiana 'GF', Guadeloupe 'GP', Martinique 'MQ', Réunion 'RE' from 1997; incl. Mayotte 'YT' from 2014)",KR,"Korea, Republic of (South Korea)",850710,"Lead-acid accumulators of a kind used for starting piston engine ""starter batteries"" (excl. spent)",2,EXPORT,VALUE_EUR,VALUE_EUR,2023,,66571,
dataflow,ESTAT:DS-059341(1.0),International trade of EU and non-EU countries since 2002 by HS2-4-6,A,Annual,FR,"France (incl. Saint Barthélemy 'BL' -> 2012; incl. French Guiana 'GF', Guadeloupe 'GP', Martinique 'MQ', Réunion 'RE' from 1997; incl. Mayotte 'YT' from 2014)",KR,"Korea, Republic of (South Korea)",850710,"Lead-acid accumulators of a kind used for starting piston engine ""starter batteries"" (excl. spent)",2,EXPORT,VALUE_EUR,VALUE_EUR,2024,,30370,
dataflow,ESTAT:DS-059341(1.0),International trade of EU and non-EU countries since 2002 by HS2-4-6,A,Annual,FR,"France (incl. Saint Barthélemy 'BL' -> 2012; incl. French Guiana 'GF', Guadeloupe 'GP', Martinique 'MQ', Réunion 'RE' from 1997; incl. Mayotte 'YT' from 2014)",KR,"Korea, Republic of (South Korea)",850720,Lead acid accumulators (excl. spent and starter batteries),1,IMPORT,VALUE_EUR,VALUE_EUR,2002,,3106644,
dataflow,ESTAT:DS-059341(1.0),International trade of EU and non-EU countries since 2002 by HS2-4-6,A,Annual,FR,"France (incl. Saint Barthélemy 'BL' -> 2012; incl. French Guiana 'GF', Guadeloupe 'GP', Martinique 'MQ', Réunion 'RE' from 1997; incl. Mayotte 'YT' from 2014)",KR,"Korea, Republic of (South Korea)",850720,Lead acid accumulators (excl. spent and starter batteries),1,IMPORT,VALUE_EUR,VALUE_EUR,2003,,385849,
dataflow,ESTAT:DS-059341(1.0),International trade of EU and non-EU countries since 2002 by HS2-4-6,A,Annual,FR,"France (incl. Saint Barthélemy 'BL' -> 2012; incl. French Guiana 'GF', Guadeloupe 'GP', Martinique 'MQ', Réunion 'RE' from 1997; incl. Mayotte 'YT' from 2014)",KR,"Korea, Republic of (South Korea)",850720,Lead acid accumulators (excl. spent and starter batteries),1,IMPORT,VALUE_EUR,VALUE_EUR,2004,,356615,
dataflow,ESTAT:DS-059341(1.0),International trade of EU and non-EU countries since 2002 by HS2-4-6,A,Annual,FR,"France (incl. Saint Barthélemy 'BL' -> 2012; incl. French Guiana 'GF', Guadeloupe 'GP', Martinique 'MQ', Réunion 'RE' from 1997; incl. Mayotte 'YT' from 2014)",KR,"Korea, Republic of (South Korea)",850720,Lead acid accumulators (excl. spent and starter batteries),1,IMPORT,VALUE_EUR,VALUE_EUR,2005,,520745,
dataflow,ESTAT:DS-059341(1.0),International trade of EU and non-EU countries since 2002 by HS2-4-6,A,Annual,FR,"France (incl. Saint Barthélemy 'BL' -> 2012; incl. French Guiana 'GF', Guadeloupe 'GP', Martinique 'MQ', Réunion 'RE' from 1997; incl. Mayotte 'YT' from 2014)",KR,"Korea, Republic of (South Korea)",850720,Lead acid accumulators (excl. spent and starter batteries),1,IMPORT,VALUE_EUR,VALUE_EUR,2006,,108027,
dataflow,ESTAT:DS-059341(1.0),International trade of EU and non-EU countries since 2002 by HS2-4-6,A,Annual,FR,"France (incl. Saint Barthélemy 'BL' -> 2012; incl. French Guiana 'GF', Guadeloupe 'GP', Martinique 'MQ', Réunion 'RE' from 1997; incl. Mayotte 'YT' from 2014)",KR,"Korea, Republic of (South Korea)",850720,Lead acid accumulators (excl. spent and starter batteries),1,IMPORT,VALUE_EUR,VALUE_EUR,2007,,222460,
dataflow,ESTAT:DS-059341(1.0),International trade of EU and non-EU countries since 2002 by HS2-4-6,A,Annual,FR,"France (incl. Saint Barthélemy 'BL' -> 2012; incl. French Guiana 'GF', Guadeloupe 'GP', Martinique 'MQ', Réunion 'RE' from 1997; incl. Mayotte 'YT' from 2014)",KR,"Korea, Republic of (South Korea)",850720,Lead acid accumulators (excl. spent and starter batteries),1,IMPORT,VALUE_EUR,VALUE_EUR,2008,,56236,
dataflow,ESTAT:DS-059341(1.0),International trade of EU and non-EU countries since 2002 by HS2-4-6,A,Annual,FR,"France (incl. Saint Barthélemy 'BL' -> 2012; incl. French Guiana 'GF', Guadeloupe 'GP', Martinique 'MQ', Réunion 'RE' from 1997; incl. Mayotte 'YT' from 2014)",KR,"Korea, Republic of (South Korea)",850720,Lead acid accumulators (excl. spent and starter batteries),1,IMPORT,VALUE_EUR,VALUE_EUR,2009,,11665,
dataflow,ESTAT:DS-059341(1.0),International trade of EU and non-EU countries since 2002 by HS2-4-6,A,Annual,FR,"France (incl. Saint Barthélemy 'BL' -> 2012; incl. French Guiana 'GF', Guadeloupe 'GP', Martinique 'MQ', Réunion 'RE' from 1997; incl. Mayotte 'YT' from 2014)",KR,"Korea, Republic of (South Korea)",850720,Lead acid accumulators (excl. spent and starter batteries),1,IMPORT,VALUE_EUR,VALUE_EUR,2010,,2375,
dataflow,ESTAT:DS-059341(1.0),International trade of EU and non-EU countries since 2002 by HS2-4-6,A,Annual,FR,"France (incl. Saint Barthélemy 'BL' -> 2012; incl. French Guiana 'GF', Guadeloupe 'GP', Martinique 'MQ', Réunion 'RE' from 1997; incl. Mayotte 'YT' from 2014)",KR,"Korea, Republic of (South Korea)",850720,Lead acid accumulators (excl. spent and starter batteries),1,IMPORT,VALUE_EUR,VALUE_EUR,2011,,61291,
dataflow,ESTAT:DS-059341(1.0),International trade of EU and non-EU countries since 2002 by HS2-4-6,A,Annual,FR,"France (incl. Saint Barthélemy 'BL' -> 2012; incl. French Guiana 'GF', Guadeloupe 'GP', Martinique 'MQ', Réunion 'RE' from 1997; incl. Mayotte 'YT' from 2014)",KR,"Korea, Republic of (South Korea)",850720,Lead acid accumulators (excl. spent and starter batteries),1,IMPORT,VALUE_EUR,VALUE_EUR,2012,,126950,
dataflow,ESTAT:DS-059341(1.0),International trade of EU and non-EU countries since 2002 by HS2-4-6,A,Annual,FR,"France (incl. Saint Barthélemy 'BL' -> 2012; incl. French Guiana 'GF', Guadeloupe 'GP', Martinique 'MQ', Réunion 'RE' from 1997; incl. Mayotte 'YT' from 2014)",KR,"Korea, Republic of (South Korea)",850720,Lead acid accumulators (excl. spent and starter batteries),1,IMPORT,VALUE_EUR,VALUE_EUR,2013,,141728,
dataflow,ESTAT:DS-059341(1.0),International trade of EU and non-EU countries since 2002 by HS2-4-6,A,Annual,FR,"France (incl. Saint Barthélemy 'BL' -> 2012; incl. French Guiana 'GF', Guadeloupe 'GP', Martinique 'MQ', Réunion 'RE' from 1997; incl. Mayotte 'YT' from 2014)",KR,"Korea, Republic of (South Korea)",850720,Lead acid accumulators (excl. spent and starter batteries),1,IMPORT,VALUE_EUR,VALUE_EUR,2014,,319901,
dataflow,ESTAT:DS-059341(1.0),International trade of EU and non-EU countries since 2002 by HS2-4-6,A,Annual,FR,"France (incl. Saint Barthélemy 'BL' -> 2012; incl. French Guiana 'GF', Guadeloupe 'GP', Martinique 'MQ', Réunion 'RE' from 1997; incl. Mayotte 'YT' from 2014)",KR,"Korea, Republic of (South Korea)",850720,Lead acid accumulators (excl. spent and starter batteries),1,IMPORT,VALUE_EUR,VALUE_EUR,2015,,389020,
dataflow,ESTAT:DS-059341(1.0),International trade of EU and non-EU countries since 2002 by HS2-4-6,A,Annual,FR,"France (incl. Saint Barthélemy 'BL' -> 2012; incl. French Guiana 'GF', Guadeloupe 'GP', Martinique 'MQ', Réunion 'RE' from 1997; incl. Mayotte 'YT' from 2014)",KR,"Korea, Republic of (South Korea)",850720,Lead acid accumulators (excl. spent and starter batteries),1,IMPORT,VALUE_EUR,VALUE_EUR,2016,,1096945,
dataflow,ESTAT:DS-059341(1.0),International trade of EU and non-EU countries since 2002 by HS2-4-6,A,Annual,FR,"France (incl. Saint Barthélemy 'BL' -> 2012; incl. French Guiana 'GF', Guadeloupe 'GP', Martinique 'MQ', Réunion 'RE' from 1997; incl. Mayotte 'YT' from 2014)",KR,"Korea, Republic of (South Korea)",850720,Lead acid accumulators (excl. spent and starter batteries),1,IMPORT,VALUE_EUR,VALUE_EUR,2017,,5166006,
dataflow,ESTAT:DS-059341(1.0),International trade of EU and non-EU countries since 2002 by HS2-4-6,A,Annual,FR,"France (incl. Saint Barthélemy 'BL' -> 2012; incl. French Guiana 'GF', Guadeloupe 'GP', Martinique 'MQ', Réunion 'RE' from 1997; incl. Mayotte 'YT' from 2014)",KR,"Korea, Republic of (South Korea)",850720,Lead acid accumulators (excl. spent and starter batteries),1,IMPORT,VALUE_EUR,VALUE_EUR,2018,,4067435,
dataflow,ESTAT:DS-059341(1.0),International trade of EU and non-EU countries since 2002 by HS2-4-6,A,Annual,FR,"France (incl. Saint Barthélemy 'BL' -> 2012; incl. French Guiana 'GF', Guadeloupe 'GP', Martinique 'MQ', Réunion 'RE' from 1997; incl. Mayotte 'YT' from 2014)",KR,"Korea, Republic of (South Korea)",850720,Lead acid accumulators (excl. spent and starter batteries),1,IMPORT,VALUE_EUR,VALUE_EUR,2019,,4724642,
dataflow,ESTAT:DS-059341(1.0),International trade of EU and non-EU countries since 2002 by HS2-4-6,A,Annual,FR,"France (incl. Saint Barthélemy 'BL' -> 2012; incl. French Guiana 'GF', Guadeloupe 'GP', Martinique 'MQ', Réunion 'RE' from 1997; incl. Mayotte 'YT' from 2014)",KR,"Korea, Republic of (South Korea)",850720,Lead acid accumulators (excl. spent and starter batteries),1,IMPORT,VALUE_EUR,VALUE_EUR,2020,,2862651,
dataflow,ESTAT:DS-059341(1.0),International trade of EU and non-EU countries since 2002 by HS2-4-6,A,Annual,FR,"France (incl. Saint Barthélemy 'BL' -> 2012; incl. French Guiana 'GF', Guadeloupe 'GP', Martinique 'MQ', Réunion 'RE' from 1997; incl. Mayotte 'YT' from 2014)",KR,"Korea, Republic of (South Korea)",850720,Lead acid accumulators (excl. spent and starter batteries),1,IMPORT,VALUE_EUR,VALUE_EUR,2021,,645259,
dataflow,ESTAT:DS-059341(1.0),International trade of EU and non-EU countries since 2002 by HS2-4-6,A,Annual,FR,"France (incl. Saint Barthélemy 'BL' -> 2012; incl. French Guiana 'GF', Guadeloupe 'GP', Martinique 'MQ', Réunion 'RE' from 1997; incl. Mayotte 'YT' from 2014)",KR,"Korea, Republic of (South Korea)",850720,Lead acid accumulators (excl. spent and starter batteries),1,IMPORT,VALUE_EUR,VALUE_EUR,2022,,1187347,
dataflow,ESTAT:DS-059341(1.0),International trade of EU and non-EU countries since 2002 by HS2-4-6,A,Annual,FR,"France (incl. Saint Barthélemy 'BL' -> 2012; incl. French Guiana 'GF', Guadeloupe 'GP', Martinique 'MQ', Réunion 'RE' from 1997; incl. Mayotte 'YT' from 2014)",KR,"Korea, Republic of (South Korea)",850720,Lead acid accumulators (excl. spent and starter batteries),1,IMPORT,VALUE_EUR,VALUE_EUR,2023,,1015196,
dataflow,ESTAT:DS-059341(1.0),International trade of EU and non-EU countries since 2002 by HS2-4-6,A,Annual,FR,"France (incl. Saint Barthélemy 'BL' -> 2012; incl. French Guiana 'GF', Guadeloupe 'GP', Martinique 'MQ', Réunion 'RE' from 1997; incl. Mayotte 'YT' from 2014)",KR,"Korea, Republic of (South Korea)",850720,Lead acid accumulators (excl. spent and starter batteries),1,IMPORT,VALUE_EUR,VALUE_EUR,2024,,1091683,
dataflow,ESTAT:DS-059341(1.0),International trade of EU and non-EU countries since 2002 by HS2-4-6,A,Annual,FR,"France (incl. Saint Barthélemy 'BL' -> 2012; incl. French Guiana 'GF', Guadeloupe 'GP', Martinique 'MQ', Réunion 'RE' from 1997; incl. Mayotte 'YT' from 2014)",KR,"Korea, Republic of (South Korea)",850720,Lead acid accumulators (excl. spent and starter batteries),2,EXPORT,VALUE_EUR,VALUE_EUR,2002,,424174,
dataflow,ESTAT:DS-059341(1.0),International trade of EU and non-EU countries since 2002 by HS2-4-6,A,Annual,FR,"France (incl. Saint Barthélemy 'BL' -> 2012; incl. French Guiana 'GF', Guadeloupe 'GP', Martinique 'MQ', Réunion 'RE' from 1997; incl. Mayotte 'YT' from 2014)",KR,"Korea, Republic of (South Korea)",850720,Lead acid accumulators (excl. spent and starter batteries),2,EXPORT,VALUE_EUR,VALUE_EUR,2003,,357909,
dataflow,ESTAT:DS-059341(1.0),International trade of EU and non-EU countries since 2002 by HS2-4-6,A,Annual,FR,"France (incl. Saint Barthélemy 'BL' -> 2012; incl. French Guiana 'GF', Guadeloupe 'GP', Martinique 'MQ', Réunion 'RE' from 1997; incl. Mayotte 'YT' from 2014)",KR,"Korea, Republic of (South Korea)",850720,Lead acid accumulators (excl. spent and starter batteries),2,EXPORT,VALUE_EUR,VALUE_EUR,2004,,214984,
dataflow,ESTAT:DS-059341(1.0),International trade of EU and non-EU countries since 2002 by HS2-4-6,A,Annual,FR,"France (incl. Saint Barthélemy 'BL' -> 2012; incl. French Guiana 'GF', Guadeloupe 'GP', Martinique 'MQ', Réunion 'RE' from 1997; incl. Mayotte 'YT' from 2014)",KR,"Korea, Republic of (South Korea)",850720,Lead acid accumulators (excl. spent and starter batteries),2,EXPORT,VALUE_EUR,VALUE_EUR,2005,,86745,
dataflow,ESTAT:DS-059341(1.0),International trade of EU and non-EU countries since 2002 by HS2-4-6,A,Annual,FR,"France (incl. Saint Barthélemy 'BL' -> 2012; incl. French Guiana 'GF', Guadeloupe 'GP', Martinique 'MQ', Réunion 'RE' from 1997; incl. Mayotte 'YT' from 2014)",KR,"Korea, Republic of (South Korea)",850720,Lead acid accumulators (excl. spent and starter batteries),2,EXPORT,VALUE_EUR,VALUE_EUR,2006,,451437,
dataflow,ESTAT:DS-059341(1.0),International trade of EU and non-EU countries since 2002 by HS2-4-6,A,Annual,FR,"France (incl. Saint Barthélemy 'BL' -> 2012; incl. French Guiana 'GF', Guadeloupe 'GP', Martinique 'MQ', Réunion 'RE' from 1997; incl. Mayotte 'YT' from 2014)",KR,"Korea, Republic of (South Korea)",850720,Lead acid accumulators (excl. spent and starter batteries),2,EXPORT,VALUE_EUR,VALUE_EUR,2007,,293463,
dataflow,ESTAT:DS-059341(1.0),International trade of EU and non-EU countries since 2002 by HS2-4-6,A,Annual,FR,"France (incl. Saint Barthélemy 'BL' -> 2012; incl. French Guiana 'GF', Guadeloupe 'GP', Martinique 'MQ', Réunion 'RE' from 1997; incl. Mayotte 'YT' from 2014)",KR,"Korea, Republic of (South Korea)",850720,Lead acid accumulators (excl. spent and starter batteries),2,EXPORT,VALUE_EUR,VALUE_EUR,2008,,293427,
dataflow,ESTAT:DS-059341(1.0),International trade of EU and non-EU countries since 2002 by HS2-4-6,A,Annual,FR,"France (incl. Saint Barthélemy 'BL' -> 2012; incl. French Guiana 'GF', Guadeloupe 'GP', Martinique 'MQ', Réunion 'RE' from 1997; incl. Mayotte 'YT' from 2014)",KR,"Korea, Republic of (South Korea)",850720,Lead acid accumulators (excl. spent and starter batteries),2,EXPORT,VALUE_EUR,VALUE_EUR,2009,,257296,
dataflow,ESTAT:DS-059341(1.0),International trade of EU and non-EU countries since 2002 by HS2-4-6,A,Annual,FR,"France (incl. Saint Barthélemy 'BL' -> 2012; incl. French Guiana 'GF', Guadeloupe 'GP', Martinique 'MQ', Réunion 'RE' from 1997; incl. Mayotte 'YT' from 2014)",KR,"Korea, Republic of (South Korea)",850720,Lead acid accumulators (excl. spent and starter batteries),2,EXPORT,VALUE_EUR,VALUE_EUR,2010,,703138,
dataflow,ESTAT:DS-059341(1.0),International trade of EU and non-EU countries since 2002 by HS2-4-6,A,Annual,FR,"France (incl. Saint Barthélemy 'BL' -> 2012; incl. French Guiana 'GF', Guadeloupe 'GP', Martinique 'MQ', Réunion 'RE' from 1997; incl. Mayotte 'YT' from 2014)",KR,"Korea, Republic of (South Korea)",850720,Lead acid accumulators (excl. spent and starter batteries),2,EXPORT,VALUE_EUR,VALUE_EUR,2011,,533533,
dataflow,ESTAT:DS-059341(1.0),International trade of EU and non-EU countries since 2002 by HS2-4-6,A,Annual,FR,"France (incl. Saint Barthélemy 'BL' -> 2012; incl. French Guiana 'GF', Guadeloupe 'GP', Martinique 'MQ', Réunion 'RE' from 1997; incl. Mayotte 'YT' from 2014)",KR,"Korea, Republic of (South Korea)",850720,Lead acid accumulators (excl. spent and starter batteries),2,EXPORT,VALUE_EUR,VALUE_EUR,2012,,821257,
dataflow,ESTAT:DS-059341(1.0),International trade of EU and non-EU countries since 2002 by HS2-4-6,A,Annual,FR,"France (incl. Saint Barthélemy 'BL' -> 2012; incl. French Guiana 'GF', Guadeloupe 'GP', Martinique 'MQ', Réunion 'RE' from 1997; incl. Mayotte 'YT' from 2014)",KR,"Korea, Republic of (South Korea)",850720,Lead acid accumulators (excl. spent and starter batteries),2,EXPORT,VALUE_EUR,VALUE_EUR,2013,,500196,
dataflow,ESTAT:DS-059341(1.0),International trade of EU and non-EU countries since 2002 by HS2-4-6,A,Annual,FR,"France (incl. Saint Barthélemy 'BL' -> 2012; incl. French Guiana 'GF', Guadeloupe 'GP', Martinique 'MQ', Réunion 'RE' from 1997; incl. Mayotte 'YT' from 2014)",KR,"Korea, Republic of (South Korea)",850720,Lead acid accumulators (excl. spent and starter batteries),2,EXPORT,VALUE_EUR,VALUE_EUR,2014,,537775,
dataflow,ESTAT:DS-059341(1.0),International trade of EU and non-EU countries since 2002 by HS2-4-6,A,Annual,FR,"France (incl. Saint Barthélemy 'BL' -> 2012; incl. French Guiana 'GF', Guadeloupe 'GP', Martinique 'MQ', Réunion 'RE' from 1997; incl. Mayotte 'YT' from 2014)",KR,"Korea, Republic of (South Korea)",850720,Lead acid accumulators (excl. spent and starter batteries),2,EXPORT,VALUE_EUR,VALUE_EUR,2015,,301280,
dataflow,ESTAT:DS-059341(1.0),International trade of EU and non-EU countries since 2002 by HS2-4-6,A,Annual,FR,"France (incl. Saint Barthélemy 'BL' -> 2012; incl. French Guiana 'GF', Guadeloupe 'GP', Martinique 'MQ', Réunion 'RE' from 1997; incl. Mayotte 'YT' from 2014)",KR,"Korea, Republic of (South Korea)",850720,Lead acid accumulators (excl. spent and starter batteries),2,EXPORT,VALUE_EUR,VALUE_EUR,2016,,347306,
dataflow,ESTAT:DS-059341(1.0),International trade of EU and non-EU countries since 2002 by HS2-4-6,A,Annual,FR,"France (incl. Saint Barthélemy 'BL' -> 2012; incl. French Guiana 'GF', Guadeloupe 'GP', Martinique 'MQ', Réunion 'RE' from 1997; incl. Mayotte 'YT' from 2014)",KR,"Korea, Republic of (South Korea)",850720,Lead acid accumulators (excl. spent and starter batteries),2,EXPORT,VALUE_EUR,VALUE_EUR,2017,,416965,
dataflow,ESTAT:DS-059341(1.0),International trade of EU and non-EU countries since 2002 by HS2-4-6,A,Annual,FR,"France (incl. Saint Barthélemy 'BL' -> 2012; incl. French Guiana 'GF', Guadeloupe 'GP', Martinique 'MQ', Réunion 'RE' from 1997; incl. Mayotte 'YT' from 2014)",KR,"Korea, Republic of (South Korea)",850720,Lead acid accumulators (excl. spent and starter batteries),2,EXPORT,VALUE_EUR,VALUE_EUR,2018,,218643,
dataflow,ESTAT:DS-059341(1.0),International trade of EU and non-EU countries since 2002 by HS2-4-6,A,Annual,FR,"France (incl. Saint Barthélemy 'BL' -> 2012; incl. French Guiana 'GF', Guadeloupe 'GP', Martinique 'MQ', Réunion 'RE' from 1997; incl. Mayotte 'YT' from 2014)",KR,"Korea, Republic of (South Korea)",850720,Lead acid accumulators (excl. spent and starter batteries),2,EXPORT,VALUE_EUR,VALUE_EUR,2019,,236358,
dataflow,ESTAT:DS-059341(1.0),International trade of EU and non-EU countries since 2002 by HS2-4-6,A,Annual,FR,"France (incl. Saint Barthélemy 'BL' -> 2012; incl. French Guiana 'GF', Guadeloupe 'GP', Martinique 'MQ', Réunion 'RE' from 1997; incl. Mayotte 'YT' from 2014)",KR,"Korea, Republic of (South Korea)",850720,Lead acid accumulators (excl. spent and starter batteries),2,EXPORT,VALUE_EUR,VALUE_EUR,2020,,186058,
dataflow,ESTAT:DS-059341(1.0),International trade of EU and non-EU countries since 2002 by HS2-4-6,A,Annual,FR,"France (incl. Saint Barthélemy 'BL' -> 2012; incl. French Guiana 'GF', Guadeloupe 'GP', Martinique 'MQ', Réunion 'RE' from 1997; incl. Mayotte 'YT' from 2014)",KR,"Korea, Republic of (South Korea)",850720,Lead acid accumulators (excl. spent and starter batteries),2,EXPORT,VALUE_EUR,VALUE_EUR,2021,,280411,
dataflow,ESTAT:DS-059341(1.0),International trade of EU and non-EU countries since 2002 by HS2-4-6,A,Annual,FR,"France (incl. Saint Barthélemy 'BL' -> 2012; incl. French Guiana 'GF', Guadeloupe 'GP', Martinique 'MQ', Réunion 'RE' from 1997; incl. Mayotte 'YT' from 2014)",KR,"Korea, Republic of (South Korea)",850720,Lead acid accumulators (excl. spent and starter batteries),2,EXPORT,VALUE_EUR,VALUE_EUR,2022,,553148,
dataflow,ESTAT:DS-059341(1.0),International trade of EU and non-EU countries since 2002 by HS2-4-6,A,Annual,FR,"France (incl. Saint Barthélemy 'BL' -> 2012; incl. French Guiana 'GF', Guadeloupe 'GP', Martinique 'MQ', Réunion 'RE' from 1997; incl. Mayotte 'YT' from 2014)",KR,"Korea, Republic of (South Korea)",850720,Lead acid accumulators (excl. spent and starter batteries),2,EXPORT,VALUE_EUR,VALUE_EUR,2023,,185265,
dataflow,ESTAT:DS-059341(1.0),International trade of EU and non-EU countries since 2002 by HS2-4-6,A,Annual,FR,"France (incl. Saint Barthélemy 'BL' -> 2012; incl. French Guiana 'GF', Guadeloupe 'GP', Martinique 'MQ', Réunion 'RE' from 1997; incl. Mayotte 'YT' from 2014)",KR,"Korea, Republic of (South Korea)",850720,Lead acid accumulators (excl. spent and starter batteries),2,EXPORT,VALUE_EUR,VALUE_EUR,2024,,604838,
dataflow,ESTAT:DS-059341(1.0),International trade of EU and non-EU countries since 2002 by HS2-4-6,A,Annual,FR,"France (incl. Saint Barthélemy 'BL' -> 2012; incl. French Guiana 'GF', Guadeloupe 'GP', Martinique 'MQ', Réunion 'RE' from 1997; incl. Mayotte 'YT' from 2014)",KR,"Korea, Republic of (South Korea)",850730,Nickel-cadmium accumulators (excl. spent),1,IMPORT,VALUE_EUR,VALUE_EUR,2002,,79138,
dataflow,ESTAT:DS-059341(1.0),International trade of EU and non-EU countries since 2002 by HS2-4-6,A,Annual,FR,"France (incl. Saint Barthélemy 'BL' -> 2012; incl. French Guiana 'GF', Guadeloupe 'GP', Martinique 'MQ', Réunion 'RE' from 1997; incl. Mayotte 'YT' from 2014)",KR,"Korea, Republic of (South Korea)",850730,Nickel-cadmium accumulators (excl. spent),1,IMPORT,VALUE_EUR,VALUE_EUR,2003,,219873,
dataflow,ESTAT:DS-059341(1.0),International trade of EU and non-EU countries since 2002 by HS2-4-6,A,Annual,FR,"France (incl. Saint Barthélemy 'BL' -> 2012; incl. French Guiana 'GF', Guadeloupe 'GP', Martinique 'MQ', Réunion 'RE' from 1997; incl. Mayotte 'YT' from 2014)",KR,"Korea, Republic of (South Korea)",850730,Nickel-cadmium accumulators (excl. spent),1,IMPORT,VALUE_EUR,VALUE_EUR,2004,,103031,
dataflow,ESTAT:DS-059341(1.0),International trade of EU and non-EU countries since 2002 by HS2-4-6,A,Annual,FR,"France (incl. Saint Barthélemy 'BL' -> 2012; incl. French Guiana 'GF', Guadeloupe 'GP', Martinique 'MQ', Réunion 'RE' from 1997; incl. Mayotte 'YT' from 2014)",KR,"Korea, Republic of (South Korea)",850730,Nickel-cadmium accumulators (excl. spent),1,IMPORT,VALUE_EUR,VALUE_EUR,2005,,26009,
dataflow,ESTAT:DS-059341(1.0),International trade of EU and non-EU countries since 2002 by HS2-4-6,A,Annual,FR,"France (incl. Saint Barthélemy 'BL' -> 2012; incl. French Guiana 'GF', Guadeloupe 'GP', Martinique 'MQ', Réunion 'RE' from 1997; incl. Mayotte 'YT' from 2014)",KR,"Korea, Republic of (South Korea)",850730,Nickel-cadmium accumulators (excl. spent),1,IMPORT,VALUE_EUR,VALUE_EUR,2006,,25912,
dataflow,ESTAT:DS-059341(1.0),International trade of EU and non-EU countries since 2002 by HS2-4-6,A,Annual,FR,"France (incl. Saint Barthélemy 'BL' -> 2012; incl. French Guiana 'GF', Guadeloupe 'GP', Martinique 'MQ', Réunion 'RE' from 1997; incl. Mayotte 'YT' from 2014)",KR,"Korea, Republic of (South Korea)",850730,Nickel-cadmium accumulators (excl. spent),1,IMPORT,VALUE_EUR,VALUE_EUR,2007,,8795,
dataflow,ESTAT:DS-059341(1.0),International trade of EU and non-EU countries since 2002 by HS2-4-6,A,Annual,FR,"France (incl. Saint Barthélemy 'BL' -> 2012; incl. French Guiana 'GF', Guadeloupe 'GP', Martinique 'MQ', Réunion 'RE' from 1997; incl. Mayotte 'YT' from 2014)",KR,"Korea, Republic of (South Korea)",850730,Nickel-cadmium accumulators (excl. spent),1,IMPORT,VALUE_EUR,VALUE_EUR,2008,,15424,
dataflow,ESTAT:DS-059341(1.0),International trade of EU and non-EU countries since 2002 by HS2-4-6,A,Annual,FR,"France (incl. Saint Barthélemy 'BL' -> 2012; incl. French Guiana 'GF', Guadeloupe 'GP', Martinique 'MQ', Réunion 'RE' from 1997; incl. Mayotte 'YT' from 2014)",KR,"Korea, Republic of (South Korea)",850730,Nickel-cadmium accumulators (excl. spent),1,IMPORT,VALUE_EUR,VALUE_EUR,2009,,36567,
dataflow,ESTAT:DS-059341(1.0),International trade of EU and non-EU countries since 2002 by HS2-4-6,A,Annual,FR,"France (incl. Saint Barthélemy 'BL' -> 2012; incl. French Guiana 'GF', Guadeloupe 'GP', Martinique 'MQ', Réunion 'RE' from 1997; incl. Mayotte 'YT' from 2014)",KR,"Korea, Republic of (South Korea)",850730,Nickel-cadmium accumulators (excl. spent),1,IMPORT,VALUE_EUR,VALUE_EUR,2010,,8043,
dataflow,ESTAT:DS-059341(1.0),International trade of EU and non-EU countries since 2002 by HS2-4-6,A,Annual,FR,"France (incl. Saint Barthélemy 'BL' -> 2012; incl. French Guiana 'GF', Guadeloupe 'GP', Martinique 'MQ', Réunion 'RE' from 1997; incl. Mayotte 'YT' from 2014)",KR,"Korea, Republic of (South Korea)",850730,Nickel-cadmium accumulators (excl. spent),1,IMPORT,VALUE_EUR,VALUE_EUR,2011,,18765,
dataflow,ESTAT:DS-059341(1.0),International trade of EU and non-EU countries since 2002 by HS2-4-6,A,Annual,FR,"France (incl. Saint Barthélemy 'BL' -> 2012; incl. French Guiana 'GF', Guadeloupe 'GP', Martinique 'MQ', Réunion 'RE' from 1997; incl. Mayotte 'YT' from 2014)",KR,"Korea, Republic of (South Korea)",850730,Nickel-cadmium accumulators (excl. spent),1,IMPORT,VALUE_EUR,VALUE_EUR,2012,,22494,
dataflow,ESTAT:DS-059341(1.0),International trade of EU and non-EU countries since 2002 by HS2-4-6,A,Annual,FR,"France (incl. Saint Barthélemy 'BL' -> 2012; incl. French Guiana 'GF', Guadeloupe 'GP', Martinique 'MQ', Réunion 'RE' from 1997; incl. Mayotte 'YT' from 2014)",KR,"Korea, Republic of (South Korea)",850730,Nickel-cadmium accumulators (excl. spent),1,IMPORT,VALUE_EUR,VALUE_EUR,2013,,21212,
dataflow,ESTAT:DS-059341(1.0),International trade of EU and non-EU countries since 2002 by HS2-4-6,A,Annual,FR,"France (incl. Saint Barthélemy 'BL' -> 2012; incl. French Guiana 'GF', Guadeloupe 'GP', Martinique 'MQ', Réunion 'RE' from 1997; incl. Mayotte 'YT' from 2014)",KR,"Korea, Republic of (South Korea)",850730,Nickel-cadmium accumulators (excl. spent),1,IMPORT,VALUE_EUR,VALUE_EUR,2014,,8751,
dataflow,ESTAT:DS-059341(1.0),International trade of EU and non-EU countries since 2002 by HS2-4-6,A,Annual,FR,"France (incl. Saint Barthélemy 'BL' -> 2012; incl. French Guiana 'GF', Guadeloupe 'GP', Martinique 'MQ', Réunion 'RE' from 1997; incl. Mayotte 'YT' from 2014)",KR,"Korea, Republic of (South Korea)",850730,Nickel-cadmium accumulators (excl. spent),1,IMPORT,VALUE_EUR,VALUE_EUR,2015,,4820,
dataflow,ESTAT:DS-059341(1.0),International trade of EU and non-EU countries since 2002 by HS2-4-6,A,Annual,FR,"France (incl. Saint Barthélemy 'BL' -> 2012; incl. French Guiana 'GF', Guadeloupe 'GP', Martinique 'MQ', Réunion 'RE' from 1997; incl. Mayotte 'YT' from 2014)",KR,"Korea, Republic of (South Korea)",850730,Nickel-cadmium accumulators (excl. spent),1,IMPORT,VALUE_EUR,VALUE_EUR,2016,,5612,
dataflow,ESTAT:DS-059341(1.0),International trade of EU and non-EU countries since 2002 by HS2-4-6,A,Annual,FR,"France (incl. Saint Barthélemy 'BL' -> 2012; incl. French Guiana 'GF', Guadeloupe 'GP', Martinique 'MQ', Réunion 'RE' from 1997; incl. Mayotte 'YT' from 2014)",KR,"Korea, Republic of (South Korea)",850730,Nickel-cadmium accumulators (excl. spent),1,IMPORT,VALUE_EUR,VALUE_EUR,2017,,9704,
dataflow,ESTAT:DS-059341(1.0),International trade of EU and non-EU countries since 2002 by HS2-4-6,A,Annual,FR,"France (incl. Saint Barthélemy 'BL' -> 2012; incl. French Guiana 'GF', Guadeloupe 'GP', Martinique 'MQ', Réunion 'RE' from 1997; incl. Mayotte 'YT' from 2014)",KR,"Korea, Republic of (South Korea)",850730,Nickel-cadmium accumulators (excl. spent),1,IMPORT,VALUE_EUR,VALUE_EUR,2018,,2784,
dataflow,ESTAT:DS-059341(1.0),International trade of EU and non-EU countries since 2002 by HS2-4-6,A,Annual,FR,"France (incl. Saint Barthélemy 'BL' -> 2012; incl. French Guiana 'GF', Guadeloupe 'GP', Martinique 'MQ', Réunion 'RE' from 1997; incl. Mayotte 'YT' from 2014)",KR,"Korea, Republic of (South Korea)",850730,Nickel-cadmium accumulators (excl. spent),1,IMPORT,VALUE_EUR,VALUE_EUR,2019,,2849,
dataflow,ESTAT:DS-059341(1.0),International trade of EU and non-EU countries since 2002 by HS2-4-6,A,Annual,FR,"France (incl. Saint Barthélemy 'BL' -> 2012; incl. French Guiana 'GF', Guadeloupe 'GP', Martinique 'MQ', Réunion 'RE' from 1997; incl. Mayotte 'YT' from 2014)",KR,"Korea, Republic of (South Korea)",850730,Nickel-cadmium accumulators (excl. spent),1,IMPORT,VALUE_EUR,VALUE_EUR,2020,,367,
dataflow,ESTAT:DS-059341(1.0),International trade of EU and non-EU countries since 2002 by HS2-4-6,A,Annual,FR,"France (incl. Saint Barthélemy 'BL' -> 2012; incl. French Guiana 'GF', Guadeloupe 'GP', Martinique 'MQ', Réunion 'RE' from 1997; incl. Mayotte 'YT' from 2014)",KR,"Korea, Republic of (South Korea)",850730,Nickel-cadmium accumulators (excl. spent),1,IMPORT,VALUE_EUR,VALUE_EUR,2021,,13201,
dataflow,ESTAT:DS-059341(1.0),International trade of EU and non-EU countries since 2002 by HS2-4-6,A,Annual,FR,"France (incl. Saint Barthélemy 'BL' -> 2012; incl. French Guiana 'GF', Guadeloupe 'GP', Martinique 'MQ', Réunion 'RE' from 1997; incl. Mayotte 'YT' from 2014)",KR,"Korea, Republic of (South Korea)",850730,Nickel-cadmium accumulators (excl. spent),1,IMPORT,VALUE_EUR,VALUE_EUR,2022,,4656,
dataflow,ESTAT:DS-059341(1.0),International trade of EU and non-EU countries since 2002 by HS2-4-6,A,Annual,FR,"France (incl. Saint Barthélemy 'BL' -> 2012; incl. French Guiana 'GF', Guadeloupe 'GP', Martinique 'MQ', Réunion 'RE' from 1997; incl. Mayotte 'YT' from 2014)",KR,"Korea, Republic of (South Korea)",850730,Nickel-cadmium accumulators (excl. spent),1,IMPORT,VALUE_EUR,VALUE_EUR,2023,,35069,
dataflow,ESTAT:DS-059341(1.0),International trade of EU and non-EU countries since 2002 by HS2-4-6,A,Annual,FR,"France (incl. Saint Barthélemy 'BL' -> 2012; incl. French Guiana 'GF', Guadeloupe 'GP', Martinique 'MQ', Réunion 'RE' from 1997; incl. Mayotte 'YT' from 2014)",KR,"Korea, Republic of (South Korea)",850730,Nickel-cadmium accumulators (excl. spent),1,IMPORT,VALUE_EUR,VALUE_EUR,2024,,21801,
dataflow,ESTAT:DS-059341(1.0),International trade of EU and non-EU countries since 2002 by HS2-4-6,A,Annual,FR,"France (incl. Saint Barthélemy 'BL' -> 2012; incl. French Guiana 'GF', Guadeloupe 'GP', Martinique 'MQ', Réunion 'RE' from 1997; incl. Mayotte 'YT' from 2014)",KR,"Korea, Republic of (South Korea)",850730,Nickel-cadmium accumulators (excl. spent),2,EXPORT,VALUE_EUR,VALUE_EUR,2002,,1621815,
dataflow,ESTAT:DS-059341(1.0),International trade of EU and non-EU countries since 2002 by HS2-4-6,A,Annual,FR,"France (incl. Saint Barthélemy 'BL' -> 2012; incl. French Guiana 'GF', Guadeloupe 'GP', Martinique 'MQ', Réunion 'RE' from 1997; incl. Mayotte 'YT' from 2014)",KR,"Korea, Republic of (South Korea)",850730,Nickel-cadmium accumulators (excl. spent),2,EXPORT,VALUE_EUR,VALUE_EUR,2003,,1030340,
dataflow,ESTAT:DS-059341(1.0),International trade of EU and non-EU countries since 2002 by HS2-4-6,A,Annual,FR,"France (incl. Saint Barthélemy 'BL' -> 2012; incl. French Guiana 'GF', Guadeloupe 'GP', Martinique 'MQ', Réunion 'RE' from 1997; incl. Mayotte 'YT' from 2014)",KR,"Korea, Republic of (South Korea)",850730,Nickel-cadmium accumulators (excl. spent),2,EXPORT,VALUE_EUR,VALUE_EUR,2004,,560625,
dataflow,ESTAT:DS-059341(1.0),International trade of EU and non-EU countries since 2002 by HS2-4-6,A,Annual,FR,"France (incl. Saint Barthélemy 'BL' -> 2012; incl. French Guiana 'GF', Guadeloupe 'GP', Martinique 'MQ', Réunion 'RE' from 1997; incl. Mayotte 'YT' from 2014)",KR,"Korea, Republic of (South Korea)",850730,Nickel-cadmium accumulators (excl. spent),2,EXPORT,VALUE_EUR,VALUE_EUR,2005,,676926,
dataflow,ESTAT:DS-059341(1.0),International trade of EU and non-EU countries since 2002 by HS2-4-6,A,Annual,FR,"France (incl. Saint Barthélemy 'BL' -> 2012; incl. French Guiana 'GF', Guadeloupe 'GP', Martinique 'MQ', Réunion 'RE' from 1997; incl. Mayotte 'YT' from 2014)",KR,"Korea, Republic of (South Korea)",850730,Nickel-cadmium accumulators (excl. spent),2,EXPORT,VALUE_EUR,VALUE_EUR,2006,,808872,
dataflow,ESTAT:DS-059341(1.0),International trade of EU and non-EU countries since 2002 by HS2-4-6,A,Annual,FR,"France (incl. Saint Barthélemy 'BL' -> 2012; incl. French Guiana 'GF', Guadeloupe 'GP', Martinique 'MQ', Réunion 'RE' from 1997; incl. Mayotte 'YT' from 2014)",KR,"Korea, Republic of (South Korea)",850730,Nickel-cadmium accumulators (excl. spent),2,EXPORT,VALUE_EUR,VALUE_EUR,2007,,2880903,
dataflow,ESTAT:DS-059341(1.0),International trade of EU and non-EU countries since 2002 by HS2-4-6,A,Annual,FR,"France (incl. Saint Barthélemy 'BL' -> 2012; incl. French Guiana 'GF', Guadeloupe 'GP', Martinique 'MQ', Réunion 'RE' from 1997; incl. Mayotte 'YT' from 2014)",KR,"Korea, Republic of (South Korea)",850730,Nickel-cadmium accumulators (excl. spent),2,EXPORT,VALUE_EUR,VALUE_EUR,2008,,1156443,
dataflow,ESTAT:DS-059341(1.0),International trade of EU and non-EU countries since 2002 by HS2-4-6,A,Annual,FR,"France (incl. Saint Barthélemy 'BL' -> 2012; incl. French Guiana 'GF', Guadeloupe 'GP', Martinique 'MQ', Réunion 'RE' from 1997; incl. Mayotte 'YT' from 2014)",KR,"Korea, Republic of (South Korea)",850730,Nickel-cadmium accumulators (excl. spent),2,EXPORT,VALUE_EUR,VALUE_EUR,2009,,2341720,
dataflow,ESTAT:DS-059341(1.0),International trade of EU and non-EU countries since 2002 by HS2-4-6,A,Annual,FR,"France (incl. Saint Barthélemy 'BL' -> 2012; incl. French Guiana 'GF', Guadeloupe 'GP', Martinique 'MQ', Réunion 'RE' from 1997; incl. Mayotte 'YT' from 2014)",KR,"Korea, Republic of (South Korea)",850730,Nickel-cadmium accumulators (excl. spent),2,EXPORT,VALUE_EUR,VALUE_EUR,2010,,2633543,
dataflow,ESTAT:DS-059341(1.0),International trade of EU and non-EU countries since 2002 by HS2-4-6,A,Annual,FR,"France (incl. Saint Barthélemy 'BL' -> 2012; incl. French Guiana 'GF', Guadeloupe 'GP', Martinique 'MQ', Réunion 'RE' from 1997; incl. Mayotte 'YT' from 2014)",KR,"Korea, Republic of (South Korea)",850730,Nickel-cadmium accumulators (excl. spent),2,EXPORT,VALUE_EUR,VALUE_EUR,2011,,1803405,
dataflow,ESTAT:DS-059341(1.0),International trade of EU and non-EU countries since 2002 by HS2-4-6,A,Annual,FR,"France (incl. Saint Barthélemy 'BL' -> 2012; incl. French Guiana 'GF', Guadeloupe 'GP', Martinique 'MQ', Réunion 'RE' from 1997; incl. Mayotte 'YT' from 2014)",KR,"Korea, Republic of (South Korea)",850730,Nickel-cadmium accumulators (excl. spent),2,EXPORT,VALUE_EUR,VALUE_EUR,2012,,653533,
dataflow,ESTAT:DS-059341(1.0),International trade of EU and non-EU countries since 2002 by HS2-4-6,A,Annual,FR,"France (incl. Saint Barthélemy 'BL' -> 2012; incl. French Guiana 'GF', Guadeloupe 'GP', Martinique 'MQ', Réunion 'RE' from 1997; incl. Mayotte 'YT' from 2014)",KR,"Korea, Republic of (South Korea)",850730,Nickel-cadmium accumulators (excl. spent),2,EXPORT,VALUE_EUR,VALUE_EUR,2013,,2493118,
dataflow,ESTAT:DS-059341(1.0),International trade of EU and non-EU countries since 2002 by HS2-4-6,A,Annual,FR,"France (incl. Saint Barthélemy 'BL' -> 2012; incl. French Guiana 'GF', Guadeloupe 'GP', Martinique 'MQ', Réunion 'RE' from 1997; incl. Mayotte 'YT' from 2014)",KR,"Korea, Republic of (South Korea)",850730,Nickel-cadmium accumulators (excl. spent),2,EXPORT,VALUE_EUR,VALUE_EUR,2014,,2158319,
dataflow,ESTAT:DS-059341(1.0),International trade of EU and non-EU countries since 2002 by HS2-4-6,A,Annual,FR,"France (incl. Saint Barthélemy 'BL' -> 2012; incl. French Guiana 'GF', Guadeloupe 'GP', Martinique 'MQ', Réunion 'RE' from 1997; incl. Mayotte 'YT' from 2014)",KR,"Korea, Republic of (South Korea)",850730,Nickel-cadmium accumulators (excl. spent),2,EXPORT,VALUE_EUR,VALUE_EUR,2015,,1377366,
dataflow,ESTAT:DS-059341(1.0),International trade of EU and non-EU countries since 2002 by HS2-4-6,A,Annual,FR,"France (incl. Saint Barthélemy 'BL' -> 2012; incl. French Guiana 'GF', Guadeloupe 'GP', Martinique 'MQ', Réunion 'RE' from 1997; incl. Mayotte 'YT' from 2014)",KR,"Korea, Republic of (South Korea)",850730,Nickel-cadmium accumulators (excl. spent),2,EXPORT,VALUE_EUR,VALUE_EUR,2016,,461686,
dataflow,ESTAT:DS-059341(1.0),International trade of EU and non-EU countries since 2002 by HS2-4-6,A,Annual,FR,"France (incl. Saint Barthélemy 'BL' -> 2012; incl. French Guiana 'GF', Guadeloupe 'GP', Martinique 'MQ', Réunion 'RE' from 1997; incl. Mayotte 'YT' from 2014)",KR,"Korea, Republic of (South Korea)",850730,Nickel-cadmium accumulators (excl. spent),2,EXPORT,VALUE_EUR,VALUE_EUR,2017,,652129,
dataflow,ESTAT:DS-059341(1.0),International trade of EU and non-EU countries since 2002 by HS2-4-6,A,Annual,FR,"France (incl. Saint Barthélemy 'BL' -> 2012; incl. French Guiana 'GF', Guadeloupe 'GP', Martinique 'MQ', Réunion 'RE' from 1997; incl. Mayotte 'YT' from 2014)",KR,"Korea, Republic of (South Korea)",850730,Nickel-cadmium accumulators (excl. spent),2,EXPORT,VALUE_EUR,VALUE_EUR,2018,,1251502,
dataflow,ESTAT:DS-059341(1.0),International trade of EU and non-EU countries since 2002 by HS2-4-6,A,Annual,FR,"France (incl. Saint Barthélemy 'BL' -> 2012; incl. French Guiana 'GF', Guadeloupe 'GP', Martinique 'MQ', Réunion 'RE' from 1997; incl. Mayotte 'YT' from 2014)",KR,"Korea, Republic of (South Korea)",850730,Nickel-cadmium accumulators (excl. spent),2,EXPORT,VALUE_EUR,VALUE_EUR,2019,,2631445,
dataflow,ESTAT:DS-059341(1.0),International trade of EU and non-EU countries since 2002 by HS2-4-6,A,Annual,FR,"France (incl. Saint Barthélemy 'BL' -> 2012; incl. French Guiana 'GF', Guadeloupe 'GP', Martinique 'MQ', Réunion 'RE' from 1997; incl. Mayotte 'YT' from 2014)",KR,"Korea, Republic of (South Korea)",850730,Nickel-cadmium accumulators (excl. spent),2,EXPORT,VALUE_EUR,VALUE_EUR,2020,,2486206,
dataflow,ESTAT:DS-059341(1.0),International trade of EU and non-EU countries since 2002 by HS2-4-6,A,Annual,FR,"France (incl. Saint Barthélemy 'BL' -> 2012; incl. French Guiana 'GF', Guadeloupe 'GP', Martinique 'MQ', Réunion 'RE' from 1997; incl. Mayotte 'YT' from 2014)",KR,"Korea, Republic of (South Korea)",850730,Nickel-cadmium accumulators (excl. spent),2,EXPORT,VALUE_EUR,VALUE_EUR,2021,,3465239,
dataflow,ESTAT:DS-059341(1.0),International trade of EU and non-EU countries since 2002 by HS2-4-6,A,Annual,FR,"France (incl. Saint Barthélemy 'BL' -> 2012; incl. French Guiana 'GF', Guadeloupe 'GP', Martinique 'MQ', Réunion 'RE' from 1997; incl. Mayotte 'YT' from 2014)",KR,"Korea, Republic of (South Korea)",850730,Nickel-cadmium accumulators (excl. spent),2,EXPORT,VALUE_EUR,VALUE_EUR,2022,,1018360,
dataflow,ESTAT:DS-059341(1.0),International trade of EU and non-EU countries since 2002 by HS2-4-6,A,Annual,FR,"France (incl. Saint Barthélemy 'BL' -> 2012; incl. French Guiana 'GF', Guadeloupe 'GP', Martinique 'MQ', Réunion 'RE' from 1997; incl. Mayotte 'YT' from 2014)",KR,"Korea, Republic of (South Korea)",850730,Nickel-cadmium accumulators (excl. spent),2,EXPORT,VALUE_EUR,VALUE_EUR,2023,,854485,
dataflow,ESTAT:DS-059341(1.0),International trade of EU and non-EU countries since 2002 by HS2-4-6,A,Annual,FR,"France (incl. Saint Barthélemy 'BL' -> 2012; incl. French Guiana 'GF', Guadeloupe 'GP', Martinique 'MQ', Réunion 'RE' from 1997; incl. Mayotte 'YT' from 2014)",KR,"Korea, Republic of (South Korea)",850730,Nickel-cadmium accumulators (excl. spent),2,EXPORT,VALUE_EUR,VALUE_EUR,2024,,1750201,
dataflow,ESTAT:DS-059341(1.0),International trade of EU and non-EU countries since 2002 by HS2-4-6,A,Annual,FR,"France (incl. Saint Barthélemy 'BL' -> 2012; incl. French Guiana 'GF', Guadeloupe 'GP', Martinique 'MQ', Réunion 'RE' from 1997; incl. Mayotte 'YT' from 2014)",KR,"Korea, Republic of (South Korea)",850750,Nickel-metal hydride accumulators (excl. spent),1,IMPORT,VALUE_EUR,VALUE_EUR,2013,,4528,
dataflow,ESTAT:DS-059341(1.0),International trade of EU and non-EU countries since 2002 by HS2-4-6,A,Annual,FR,"France (incl. Saint Barthélemy 'BL' -> 2012; incl. French Guiana 'GF', Guadeloupe 'GP', Martinique 'MQ', Réunion 'RE' from 1997; incl. Mayotte 'YT' from 2014)",KR,"Korea, Republic of (South Korea)",850750,Nickel-metal hydride accumulators (excl. spent),1,IMPORT,VALUE_EUR,VALUE_EUR,2014,,6298,
dataflow,ESTAT:DS-059341(1.0),International trade of EU and non-EU countries since 2002 by HS2-4-6,A,Annual,FR,"France (incl. Saint Barthélemy 'BL' -> 2012; incl. French Guiana 'GF', Guadeloupe 'GP', Martinique 'MQ', Réunion 'RE' from 1997; incl. Mayotte 'YT' from 2014)",KR,"Korea, Republic of (South Korea)",850750,Nickel-metal hydride accumulators (excl. spent),1,IMPORT,VALUE_EUR,VALUE_EUR,2015,,3019,
dataflow,ESTAT:DS-059341(1.0),International trade of EU and non-EU countries since 2002 by HS2-4-6,A,Annual,FR,"France (incl. Saint Barthélemy 'BL' -> 2012; incl. French Guiana 'GF', Guadeloupe 'GP', Martinique 'MQ', Réunion 'RE' from 1997; incl. Mayotte 'YT' from 2014)",KR,"Korea, Republic of (South Korea)",850750,Nickel-metal hydride accumulators (excl. spent),1,IMPORT,VALUE_EUR,VALUE_EUR,2016,,8240,
dataflow,ESTAT:DS-059341(1.0),International trade of EU and non-EU countries since 2002 by HS2-4-6,A,Annual,FR,"France (incl. Saint Barthélemy 'BL' -> 2012; incl. French Guiana 'GF', Guadeloupe 'GP', Martinique 'MQ', Réunion 'RE' from 1997; incl. Mayotte 'YT' from 2014)",KR,"Korea, Republic of (South Korea)",850750,Nickel-metal hydride accumulators (excl. spent),1,IMPORT,VALUE_EUR,VALUE_EUR,2017,,1888,
dataflow,ESTAT:DS-059341(1.0),International trade of EU and non-EU countries since 2002 by HS2-4-6,A,Annual,FR,"France (incl. Saint Barthélemy 'BL' -> 2012; incl. French Guiana 'GF', Guadeloupe 'GP', Martinique 'MQ', Réunion 'RE' from 1997; incl. Mayotte 'YT' from 2014)",KR,"Korea, Republic of (South Korea)",850750,Nickel-metal hydride accumulators (excl. spent),1,IMPORT,VALUE_EUR,VALUE_EUR,2018,,593,
dataflow,ESTAT:DS-059341(1.0),International trade of EU and non-EU countries since 2002 by HS2-4-6,A,Annual,FR,"France (incl. Saint Barthélemy 'BL' -> 2012; incl. French Guiana 'GF', Guadeloupe 'GP', Martinique 'MQ', Réunion 'RE' from 1997; incl. Mayotte 'YT' from 2014)",KR,"Korea, Republic of (South Korea)",850750,Nickel-metal hydride accumulators (excl. spent),1,IMPORT,VALUE_EUR,VALUE_EUR,2019,,269,
dataflow,ESTAT:DS-059341(1.0),International trade of EU and non-EU countries since 2002 by HS2-4-6,A,Annual,FR,"France (incl. Saint Barthélemy 'BL' -> 2012; incl. French Guiana 'GF', Guadeloupe 'GP', Martinique 'MQ', Réunion 'RE' from 1997; incl. Mayotte 'YT' from 2014)",KR,"Korea, Republic of (South Korea)",850750,Nickel-metal hydride accumulators (excl. spent),1,IMPORT,VALUE_EUR,VALUE_EUR,2020,,3155,
dataflow,ESTAT:DS-059341(1.0),International trade of EU and non-EU countries since 2002 by HS2-4-6,A,Annual,FR,"France (incl. Saint Barthélemy 'BL' -> 2012; incl. French Guiana 'GF', Guadeloupe 'GP', Martinique 'MQ', Réunion 'RE' from 1997; incl. Mayotte 'YT' from 2014)",KR,"Korea, Republic of (South Korea)",850750,Nickel-metal hydride accumulators (excl. spent),1,IMPORT,VALUE_EUR,VALUE_EUR,2022,,5870,
dataflow,ESTAT:DS-059341(1.0),International trade of EU and non-EU countries since 2002 by HS2-4-6,A,Annual,FR,"France (incl. Saint Barthélemy 'BL' -> 2012; incl. French Guiana 'GF', Guadeloupe 'GP', Martinique 'MQ', Réunion 'RE' from 1997; incl. Mayotte 'YT' from 2014)",KR,"Korea, Republic of (South Korea)",850750,Nickel-metal hydride accumulators (excl. spent),1,IMPORT,VALUE_EUR,VALUE_EUR,2023,,317,
dataflow,ESTAT:DS-059341(1.0),International trade of EU and non-EU countries since 2002 by HS2-4-6,A,Annual,FR,"France (incl. Saint Barthélemy 'BL' -> 2012; incl. French Guiana 'GF', Guadeloupe 'GP', Martinique 'MQ', Réunion 'RE' from 1997; incl. Mayotte 'YT' from 2014)",KR,"Korea, Republic of (South Korea)",850750,Nickel-metal hydride accumulators (excl. spent),2,EXPORT,VALUE_EUR,VALUE_EUR,2017,,1902,
dataflow,ESTAT:DS-059341(1.0),International trade of EU and non-EU countries since 2002 by HS2-4-6,A,Annual,FR,"France (incl. Saint Barthélemy 'BL' -> 2012; incl. French Guiana 'GF', Guadeloupe 'GP', Martinique 'MQ', Réunion 'RE' from 1997; incl. Mayotte 'YT' from 2014)",KR,"Korea, Republic of (South Korea)",850750,Nickel-metal hydride accumulators (excl. spent),2,EXPORT,VALUE_EUR,VALUE_EUR,2018,,2578,
dataflow,ESTAT:DS-059341(1.0),International trade of EU and non-EU countries since 2002 by HS2-4-6,A,Annual,FR,"France (incl. Saint Barthélemy 'BL' -> 2012; incl. French Guiana 'GF', Guadeloupe 'GP', Martinique 'MQ', Réunion 'RE' from 1997; incl. Mayotte 'YT' from 2014)",KR,"Korea, Republic of (South Korea)",850750,Nickel-metal hydride accumulators (excl. spent),2,EXPORT,VALUE_EUR,VALUE_EUR,2019,,5741,
dataflow,ESTAT:DS-059341(1.0),International trade of EU and non-EU countries since 2002 by HS2-4-6,A,Annual,FR,"France (incl. Saint Barthélemy 'BL' -> 2012; incl. French Guiana 'GF', Guadeloupe 'GP', Martinique 'MQ', Réunion 'RE' from 1997; incl. Mayotte 'YT' from 2014)",KR,"Korea, Republic of (South Korea)",850750,Nickel-metal hydride accumulators (excl. spent),2,EXPORT,VALUE_EUR,VALUE_EUR,2020,,3043,
dataflow,ESTAT:DS-059341(1.0),International trade of EU and non-EU countries since 2002 by HS2-4-6,A,Annual,FR,"France (incl. Saint Barthélemy 'BL' -> 2012; incl. French Guiana 'GF', Guadeloupe 'GP', Martinique 'MQ', Réunion 'RE' from 1997; incl. Mayotte 'YT' from 2014)",KR,"Korea, Republic of (South Korea)",850750,Nickel-metal hydride accumulators (excl. spent),2,EXPORT,VALUE_EUR,VALUE_EUR,2021,,7486,
dataflow,ESTAT:DS-059341(1.0),International trade of EU and non-EU countries since 2002 by HS2-4-6,A,Annual,FR,"France (incl. Saint Barthélemy 'BL' -> 2012; incl. French Guiana 'GF', Guadeloupe 'GP', Martinique 'MQ', Réunion 'RE' from 1997; incl. Mayotte 'YT' from 2014)",KR,"Korea, Republic of (South Korea)",850750,Nickel-metal hydride accumulators (excl. spent),2,EXPORT,VALUE_EUR,VALUE_EUR,2022,,5906,
dataflow,ESTAT:DS-059341(1.0),International trade of EU and non-EU countries since 2002 by HS2-4-6,A,Annual,FR,"France (incl. Saint Barthélemy 'BL' -> 2012; incl. French Guiana 'GF', Guadeloupe 'GP', Martinique 'MQ', Réunion 'RE' from 1997; incl. Mayotte 'YT' from 2014)",KR,"Korea, Republic of (South Korea)",850750,Nickel-metal hydride accumulators (excl. spent),2,EXPORT,VALUE_EUR,VALUE_EUR,2023,,8062,
dataflow,ESTAT:DS-059341(1.0),International trade of EU and non-EU countries since 2002 by HS2-4-6,A,Annual,FR,"France (incl. Saint Barthélemy 'BL' -> 2012; incl. French Guiana 'GF', Guadeloupe 'GP', Martinique 'MQ', Réunion 'RE' from 1997; incl. Mayotte 'YT' from 2014)",KR,"Korea, Republic of (South Korea)",850750,Nickel-metal hydride accumulators (excl. spent),2,EXPORT,VALUE_EUR,VALUE_EUR,2024,,3949,
dataflow,ESTAT:DS-059341(1.0),International trade of EU and non-EU countries since 2002 by HS2-4-6,A,Annual,FR,"France (incl. Saint Barthélemy 'BL' -> 2012; incl. French Guiana 'GF', Guadeloupe 'GP', Martinique 'MQ', Réunion 'RE' from 1997; incl. Mayotte 'YT' from 2014)",KR,"Korea, Republic of (South Korea)",850760,Lithium-ion accumulators (excl. spent),1,IMPORT,VALUE_EUR,VALUE_EUR,2012,,3196761,
dataflow,ESTAT:DS-059341(1.0),International trade of EU and non-EU countries since 2002 by HS2-4-6,A,Annual,FR,"France (incl. Saint Barthélemy 'BL' -> 2012; incl. French Guiana 'GF', Guadeloupe 'GP', Martinique 'MQ', Réunion 'RE' from 1997; incl. Mayotte 'YT' from 2014)",KR,"Korea, Republic of (South Korea)",850760,Lithium-ion accumulators (excl. spent),1,IMPORT,VALUE_EUR,VALUE_EUR,2013,,52694507,
dataflow,ESTAT:DS-059341(1.0),International trade of EU and non-EU countries since 2002 by HS2-4-6,A,Annual,FR,"France (incl. Saint Barthélemy 'BL' -> 2012; incl. French Guiana 'GF', Guadeloupe 'GP', Martinique 'MQ', Réunion 'RE' from 1997; incl. Mayotte 'YT' from 2014)",KR,"Korea, Republic of (South Korea)",850760,Lithium-ion accumulators (excl. spent),1,IMPORT,VALUE_EUR,VALUE_EUR,2014,,68097792,
dataflow,ESTAT:DS-059341(1.0),International trade of EU and non-EU countries since 2002 by HS2-4-6,A,Annual,FR,"France (incl. Saint Barthélemy 'BL' -> 2012; incl. French Guiana 'GF', Guadeloupe 'GP', Martinique 'MQ', Réunion 'RE' from 1997; incl. Mayotte 'YT' from 2014)",KR,"Korea, Republic of (South Korea)",850760,Lithium-ion accumulators (excl. spent),1,IMPORT,VALUE_EUR,VALUE_EUR,2015,,106854788,
dataflow,ESTAT:DS-059341(1.0),International trade of EU and non-EU countries since 2002 by HS2-4-6,A,Annual,FR,"France (incl. Saint Barthélemy 'BL' -> 2012; incl. French Guiana 'GF', Guadeloupe 'GP', Martinique 'MQ', Réunion 'RE' from 1997; incl. Mayotte 'YT' from 2014)",KR,"Korea, Republic of (South Korea)",850760,Lithium-ion accumulators (excl. spent),1,IMPORT,VALUE_EUR,VALUE_EUR,2016,,149667344,
dataflow,ESTAT:DS-059341(1.0),International trade of EU and non-EU countries since 2002 by HS2-4-6,A,Annual,FR,"France (incl. Saint Barthélemy 'BL' -> 2012; incl. French Guiana 'GF', Guadeloupe 'GP', Martinique 'MQ', Réunion 'RE' from 1997; incl. Mayotte 'YT' from 2014)",KR,"Korea, Republic of (South Korea)",850760,Lithium-ion accumulators (excl. spent),1,IMPORT,VALUE_EUR,VALUE_EUR,2017,,215138806,
dataflow,ESTAT:DS-059341(1.0),International trade of EU and non-EU countries since 2002 by HS2-4-6,A,Annual,FR,"France (incl. Saint Barthélemy 'BL' -> 2012; incl. French Guiana 'GF', Guadeloupe 'GP', Martinique 'MQ', Réunion 'RE' from 1997; incl. Mayotte 'YT' from 2014)",KR,"Korea, Republic of (South Korea)",850760,Lithium-ion accumulators (excl. spent),1,IMPORT,VALUE_EUR,VALUE_EUR,2018,,305166895,
dataflow,ESTAT:DS-059341(1.0),International trade of EU and non-EU countries since 2002 by HS2-4-6,A,Annual,FR,"France (incl. Saint Barthélemy 'BL' -> 2012; incl. French Guiana 'GF', Guadeloupe 'GP', Martinique 'MQ', Réunion 'RE' from 1997; incl. Mayotte 'YT' from 2014)",KR,"Korea, Republic of (South Korea)",850760,Lithium-ion accumulators (excl. spent),1,IMPORT,VALUE_EUR,VALUE_EUR,2019,,151166793,
dataflow,ESTAT:DS-059341(1.0),International trade of EU and non-EU countries since 2002 by HS2-4-6,A,Annual,FR,"France (incl. Saint Barthélemy 'BL' -> 2012; incl. French Guiana 'GF', Guadeloupe 'GP', Martinique 'MQ', Réunion 'RE' from 1997; incl. Mayotte 'YT' from 2014)",KR,"Korea, Republic of (South Korea)",850760,Lithium-ion accumulators (excl. spent),1,IMPORT,VALUE_EUR,VALUE_EUR,2020,,58905257,
dataflow,ESTAT:DS-059341(1.0),International trade of EU and non-EU countries since 2002 by HS2-4-6,A,Annual,FR,"France (incl. Saint Barthélemy 'BL' -> 2012; incl. French Guiana 'GF', Guadeloupe 'GP', Martinique 'MQ', Réunion 'RE' from 1997; incl. Mayotte 'YT' from 2014)",KR,"Korea, Republic of (South Korea)",850760,Lithium-ion accumulators (excl. spent),1,IMPORT,VALUE_EUR,VALUE_EUR,2021,,118932738,
dataflow,ESTAT:DS-059341(1.0),International trade of EU and non-EU countries since 2002 by HS2-4-6,A,Annual,FR,"France (incl. Saint Barthélemy 'BL' -> 2012; incl. French Guiana 'GF', Guadeloupe 'GP', Martinique 'MQ', Réunion 'RE' from 1997; incl. Mayotte 'YT' from 2014)",KR,"Korea, Republic of (South Korea)",850760,Lithium-ion accumulators (excl. spent),1,IMPORT,VALUE_EUR,VALUE_EUR,2022,,105136355,
dataflow,ESTAT:DS-059341(1.0),International trade of EU and non-EU countries since 2002 by HS2-4-6,A,Annual,FR,"France (incl. Saint Barthélemy 'BL' -> 2012; incl. French Guiana 'GF', Guadeloupe 'GP', Martinique 'MQ', Réunion 'RE' from 1997; incl. Mayotte 'YT' from 2014)",KR,"Korea, Republic of (South Korea)",850760,Lithium-ion accumulators (excl. spent),1,IMPORT,VALUE_EUR,VALUE_EUR,2023,,56119433,
dataflow,ESTAT:DS-059341(1.0),International trade of EU and non-EU countries since 2002 by HS2-4-6,A,Annual,FR,"France (incl. Saint Barthélemy 'BL' -> 2012; incl. French Guiana 'GF', Guadeloupe 'GP', Martinique 'MQ', Réunion 'RE' from 1997; incl. Mayotte 'YT' from 2014)",KR,"Korea, Republic of (South Korea)",850760,Lithium-ion accumulators (excl. spent),1,IMPORT,VALUE_EUR,VALUE_EUR,2024,,52165506,
dataflow,ESTAT:DS-059341(1.0),International trade of EU and non-EU countries since 2002 by HS2-4-6,A,Annual,FR,"France (incl. Saint Barthélemy 'BL' -> 2012; incl. French Guiana 'GF', Guadeloupe 'GP', Martinique 'MQ', Réunion 'RE' from 1997; incl. Mayotte 'YT' from 2014)",KR,"Korea, Republic of (South Korea)",850760,Lithium-ion accumulators (excl. spent),2,EXPORT,VALUE_EUR,VALUE_EUR,2012,,272147,
dataflow,ESTAT:DS-059341(1.0),International trade of EU and non-EU countries since 2002 by HS2-4-6,A,Annual,FR,"France (incl. Saint Barthélemy 'BL' -> 2012; incl. French Guiana 'GF', Guadeloupe 'GP', Martinique 'MQ', Réunion 'RE' from 1997; incl. Mayotte 'YT' from 2014)",KR,"Korea, Republic of (South Korea)",850760,Lithium-ion accumulators (excl. spent),2,EXPORT,VALUE_EUR,VALUE_EUR,2013,,144005,
dataflow,ESTAT:DS-059341(1.0),International trade of EU and non-EU countries since 2002 by HS2-4-6,A,Annual,FR,"France (incl. Saint Barthélemy 'BL' -> 2012; incl. French Guiana 'GF', Guadeloupe 'GP', Martinique 'MQ', Réunion 'RE' from 1997; incl. Mayotte 'YT' from 2014)",KR,"Korea, Republic of (South Korea)",850760,Lithium-ion accumulators (excl. spent),2,EXPORT,VALUE_EUR,VALUE_EUR,2014,,204115,
dataflow,ESTAT:DS-059341(1.0),International trade of EU and non-EU countries since 2002 by HS2-4-6,A,Annual,FR,"France (incl. Saint Barthélemy 'BL' -> 2012; incl. French Guiana 'GF', Guadeloupe 'GP', Martinique 'MQ', Réunion 'RE' from 1997; incl. Mayotte 'YT' from 2014)",KR,"Korea, Republic of (South Korea)",850760,Lithium-ion accumulators (excl. spent),2,EXPORT,VALUE_EUR,VALUE_EUR,2015,,933841,
dataflow,ESTAT:DS-059341(1.0),International trade of EU and non-EU countries since 2002 by HS2-4-6,A,Annual,FR,"France (incl. Saint Barthélemy 'BL' -> 2012; incl. French Guiana 'GF', Guadeloupe 'GP', Martinique 'MQ', Réunion 'RE' from 1997; incl. Mayotte 'YT' from 2014)",KR,"Korea, Republic of (South Korea)",850760,Lithium-ion accumulators (excl. spent),2,EXPORT,VALUE_EUR,VALUE_EUR,2016,,1065340,
dataflow,ESTAT:DS-059341(1.0),International trade of EU and non-EU countries since 2002 by HS2-4-6,A,Annual,FR,"France (incl. Saint Barthélemy 'BL' -> 2012; incl. French Guiana 'GF', Guadeloupe 'GP', Martinique 'MQ', Réunion 'RE' from 1997; incl. Mayotte 'YT' from 2014)",KR,"Korea, Republic of (South Korea)",850760,Lithium-ion accumulators (excl. spent),2,EXPORT,VALUE_EUR,VALUE_EUR,2017,,5931048,
dataflow,ESTAT:DS-059341(1.0),International trade of EU and non-EU countries since 2002 by HS2-4-6,A,Annual,FR,"France (incl. Saint Barthélemy 'BL' -> 2012; incl. French Guiana 'GF', Guadeloupe 'GP', Martinique 'MQ', Réunion 'RE' from 1997; incl. Mayotte 'YT' from 2014)",KR,"Korea, Republic of (South Korea)",850760,Lithium-ion accumulators (excl. spent),2,EXPORT,VALUE_EUR,VALUE_EUR,2018,,735493,
dataflow,ESTAT:DS-059341(1.0),International trade of EU and non-EU countries since 2002 by HS2-4-6,A,Annual,FR,"France (incl. Saint Barthélemy 'BL' -> 2012; incl. French Guiana 'GF', Guadeloupe 'GP', Martinique 'MQ', Réunion 'RE' from 1997; incl. Mayotte 'YT' from 2014)",KR,"Korea, Republic of (South Korea)",850760,Lithium-ion accumulators (excl. spent),2,EXPORT,VALUE_EUR,VALUE_EUR,2019,,2703552,
dataflow,ESTAT:DS-059341(1.0),International trade of EU and non-EU countries since 2002 by HS2-4-6,A,Annual,FR,"France (incl. Saint Barthélemy 'BL' -> 2012; incl. French Guiana 'GF', Guadeloupe 'GP', Martinique 'MQ', Réunion 'RE' from 1997; incl. Mayotte 'YT' from 2014)",KR,"Korea, Republic of (South Korea)",850760,Lithium-ion accumulators (excl. spent),2,EXPORT,VALUE_EUR,VALUE_EUR,2020,,4830636,
dataflow,ESTAT:DS-059341(1.0),International trade of EU and non-EU countries since 2002 by HS2-4-6,A,Annual,FR,"France (incl. Saint Barthélemy 'BL' -> 2012; incl. French Guiana 'GF', Guadeloupe 'GP', Martinique 'MQ', Réunion 'RE' from 1997; incl. Mayotte 'YT' from 2014)",KR,"Korea, Republic of (South Korea)",850760,Lithium-ion accumulators (excl. spent),2,EXPORT,VALUE_EUR,VALUE_EUR,2021,,1190146,
dataflow,ESTAT:DS-059341(1.0),International trade of EU and non-EU countries since 2002 by HS2-4-6,A,Annual,FR,"France (incl. Saint Barthélemy 'BL' -> 2012; incl. French Guiana 'GF', Guadeloupe 'GP', Martinique 'MQ', Réunion 'RE' from 1997; incl. Mayotte 'YT' from 2014)",KR,"Korea, Republic of (South Korea)",850760,Lithium-ion accumulators (excl. spent),2,EXPORT,VALUE_EUR,VALUE_EUR,2022,,2665548,
dataflow,ESTAT:DS-059341(1.0),International trade of EU and non-EU countries since 2002 by HS2-4-6,A,Annual,FR,"France (incl. Saint Barthélemy 'BL' -> 2012; incl. French Guiana 'GF', Guadeloupe 'GP', Martinique 'MQ', Réunion 'RE' from 1997; incl. Mayotte 'YT' from 2014)",KR,"Korea, Republic of (South Korea)",850760,Lithium-ion accumulators (excl. spent),2,EXPORT,VALUE_EUR,VALUE_EUR,2023,,1896790,
dataflow,ESTAT:DS-059341(1.0),International trade of EU and non-EU countries since 2002 by HS2-4-6,A,Annual,FR,"France (incl. Saint Barthélemy 'BL' -> 2012; incl. French Guiana 'GF', Guadeloupe 'GP', Martinique 'MQ', Réunion 'RE' from 1997; incl. Mayotte 'YT' from 2014)",KR,"Korea, Republic of (South Korea)",850760,Lithium-ion accumulators (excl. spent),2,EXPORT,VALUE_EUR,VALUE_EUR,2024,,2725292,
dataflow,ESTAT:DS-059341(1.0),International trade of EU and non-EU countries since 2002 by HS2-4-6,A,Annual,FR,"France (incl. Saint Barthélemy 'BL' -> 2012; incl. French Guiana 'GF', Guadeloupe 'GP', Martinique 'MQ', Réunion 'RE' from 1997; incl. Mayotte 'YT' from 2014)",KR,"Korea, Republic of (South Korea)",850780,"Electric accumulators (excl. spent and lead-acid, nickel-cadmium, nickel-iron, nickel-metal hydride and lithium-ion accumulators)",1,IMPORT,VALUE_EUR,VALUE_EUR,2002,,212672,
dataflow,ESTAT:DS-059341(1.0),International trade of EU and non-EU countries since 2002 by HS2-4-6,A,Annual,FR,"France (incl. Saint Barthélemy 'BL' -> 2012; incl. French Guiana 'GF', Guadeloupe 'GP', Martinique 'MQ', Réunion 'RE' from 1997; incl. Mayotte 'YT' from 2014)",KR,"Korea, Republic of (South Korea)",850780,"Electric accumulators (excl. spent and lead-acid, nickel-cadmium, nickel-iron, nickel-metal hydride and lithium-ion accumulators)",1,IMPORT,VALUE_EUR,VALUE_EUR,2003,,2315374,
dataflow,ESTAT:DS-059341(1.0),International trade of EU and non-EU countries since 2002 by HS2-4-6,A,Annual,FR,"France (incl. Saint Barthélemy 'BL' -> 2012; incl. French Guiana 'GF', Guadeloupe 'GP', Martinique 'MQ', Réunion 'RE' from 1997; incl. Mayotte 'YT' from 2014)",KR,"Korea, Republic of (South Korea)",850780,"Electric accumulators (excl. spent and lead-acid, nickel-cadmium, nickel-iron, nickel-metal hydride and lithium-ion accumulators)",1,IMPORT,VALUE_EUR,VALUE_EUR,2004,,883480,
dataflow,ESTAT:DS-059341(1.0),International trade of EU and non-EU countries since 2002 by HS2-4-6,A,Annual,FR,"France (incl. Saint Barthélemy 'BL' -> 2012; incl. French Guiana 'GF', Guadeloupe 'GP', Martinique 'MQ', Réunion 'RE' from 1997; incl. Mayotte 'YT' from 2014)",KR,"Korea, Republic of (South Korea)",850780,"Electric accumulators (excl. spent and lead-acid, nickel-cadmium, nickel-iron, nickel-metal hydride and lithium-ion accumulators)",1,IMPORT,VALUE_EUR,VALUE_EUR,2005,,681341,
dataflow,ESTAT:DS-059341(1.0),International trade of EU and non-EU countries since 2002 by HS2-4-6,A,Annual,FR,"France (incl. Saint Barthélemy 'BL' -> 2012; incl. French Guiana 'GF', Guadeloupe 'GP', Martinique 'MQ', Réunion 'RE' from 1997; incl. Mayotte 'YT' from 2014)",KR,"Korea, Republic of (South Korea)",850780,"Electric accumulators (excl. spent and lead-acid, nickel-cadmium, nickel-iron, nickel-metal hydride and lithium-ion accumulators)",1,IMPORT,VALUE_EUR,VALUE_EUR,2006,,990706,
dataflow,ESTAT:DS-059341(1.0),International trade of EU and non-EU countries since 2002 by HS2-4-6,A,Annual,FR,"France (incl. Saint Barthélemy 'BL' -> 2012; incl. French Guiana 'GF', Guadeloupe 'GP', Martinique 'MQ', Réunion 'RE' from 1997; incl. Mayotte 'YT' from 2014)",KR,"Korea, Republic of (South Korea)",850780,"Electric accumulators (excl. spent and lead-acid, nickel-cadmium, nickel-iron, nickel-metal hydride and lithium-ion accumulators)",1,IMPORT,VALUE_EUR,VALUE_EUR,2007,,2393005,
dataflow,ESTAT:DS-059341(1.0),International trade of EU and non-EU countries since 2002 by HS2-4-6,A,Annual,FR,"France (incl. Saint Barthélemy 'BL' -> 2012; incl. French Guiana 'GF', Guadeloupe 'GP', Martinique 'MQ', Réunion 'RE' from 1997; incl. Mayotte 'YT' from 2014)",KR,"Korea, Republic of (South Korea)",850780,"Electric accumulators (excl. spent and lead-acid, nickel-cadmium, nickel-iron, nickel-metal hydride and lithium-ion accumulators)",1,IMPORT,VALUE_EUR,VALUE_EUR,2008,,1647990,
dataflow,ESTAT:DS-059341(1.0),International trade of EU and non-EU countries since 2002 by HS2-4-6,A,Annual,FR,"France (incl. Saint Barthélemy 'BL' -> 2012; incl. French Guiana 'GF', Guadeloupe 'GP', Martinique 'MQ', Réunion 'RE' from 1997; incl. Mayotte 'YT' from 2014)",KR,"Korea, Republic of (South Korea)",850780,"Electric accumulators (excl. spent and lead-acid, nickel-cadmium, nickel-iron, nickel-metal hydride and lithium-ion accumulators)",1,IMPORT,VALUE_EUR,VALUE_EUR,2009,,2361484,
dataflow,ESTAT:DS-059341(1.0),International trade of EU and non-EU countries since 2002 by HS2-4-6,A,Annual,FR,"France (incl. Saint Barthélemy 'BL' -> 2012; incl. French Guiana 'GF', Guadeloupe 'GP', Martinique 'MQ', Réunion 'RE' from 1997; incl. Mayotte 'YT' from 2014)",KR,"Korea, Republic of (South Korea)",850780,"Electric accumulators (excl. spent and lead-acid, nickel-cadmium, nickel-iron, nickel-metal hydride and lithium-ion accumulators)",1,IMPORT,VALUE_EUR,VALUE_EUR,2010,,4315863,
dataflow,ESTAT:DS-059341(1.0),International trade of EU and non-EU countries since 2002 by HS2-4-6,A,Annual,FR,"France (incl. Saint Barthélemy 'BL' -> 2012; incl. French Guiana 'GF', Guadeloupe 'GP', Martinique 'MQ', Réunion 'RE' from 1997; incl. Mayotte 'YT' from 2014)",KR,"Korea, Republic of (South Korea)",850780,"Electric accumulators (excl. spent and lead-acid, nickel-cadmium, nickel-iron, nickel-metal hydride and lithium-ion accumulators)",1,IMPORT,VALUE_EUR,VALUE_EUR,2011,,8085697,
dataflow,ESTAT:DS-059341(1.0),International trade of EU and non-EU countries since 2002 by HS2-4-6,A,Annual,FR,"France (incl. Saint Barthélemy 'BL' -> 2012; incl. French Guiana 'GF', Guadeloupe 'GP', Martinique 'MQ', Réunion 'RE' from 1997; incl. Mayotte 'YT' from 2014)",KR,"Korea, Republic of (South Korea)",850780,"Electric accumulators (excl. spent and lead-acid, nickel-cadmium, nickel-iron, nickel-metal hydride and lithium-ion accumulators)",1,IMPORT,VALUE_EUR,VALUE_EUR,2012,,419095,
dataflow,ESTAT:DS-059341(1.0),International trade of EU and non-EU countries since 2002 by HS2-4-6,A,Annual,FR,"France (incl. Saint Barthélemy 'BL' -> 2012; incl. French Guiana 'GF', Guadeloupe 'GP', Martinique 'MQ', Réunion 'RE' from 1997; incl. Mayotte 'YT' from 2014)",KR,"Korea, Republic of (South Korea)",850780,"Electric accumulators (excl. spent and lead-acid, nickel-cadmium, nickel-iron, nickel-metal hydride and lithium-ion accumulators)",1,IMPORT,VALUE_EUR,VALUE_EUR,2013,,529871,
dataflow,ESTAT:DS-059341(1.0),International trade of EU and non-EU countries since 2002 by HS2-4-6,A,Annual,FR,"France (incl. Saint Barthélemy 'BL' -> 2012; incl. French Guiana 'GF', Guadeloupe 'GP', Martinique 'MQ', Réunion 'RE' from 1997; incl. Mayotte 'YT' from 2014)",KR,"Korea, Republic of (South Korea)",850780,"Electric accumulators (excl. spent and lead-acid, nickel-cadmium, nickel-iron, nickel-metal hydride and lithium-ion accumulators)",1,IMPORT,VALUE_EUR,VALUE_EUR,2014,,1735024,
dataflow,ESTAT:DS-059341(1.0),International trade of EU and non-EU countries since 2002 by HS2-4-6,A,Annual,FR,"France (incl. Saint Barthélemy 'BL' -> 2012; incl. French Guiana 'GF', Guadeloupe 'GP', Martinique 'MQ', Réunion 'RE' from 1997; incl. Mayotte 'YT' from 2014)",KR,"Korea, Republic of (South Korea)",850780,"Electric accumulators (excl. spent and lead-acid, nickel-cadmium, nickel-iron, nickel-metal hydride and lithium-ion accumulators)",1,IMPORT,VALUE_EUR,VALUE_EUR,2015,,4318147,
dataflow,ESTAT:DS-059341(1.0),International trade of EU and non-EU countries since 2002 by HS2-4-6,A,Annual,FR,"France (incl. Saint Barthélemy 'BL' -> 2012; incl. French Guiana 'GF', Guadeloupe 'GP', Martinique 'MQ', Réunion 'RE' from 1997; incl. Mayotte 'YT' from 2014)",KR,"Korea, Republic of (South Korea)",850780,"Electric accumulators (excl. spent and lead-acid, nickel-cadmium, nickel-iron, nickel-metal hydride and lithium-ion accumulators)",1,IMPORT,VALUE_EUR,VALUE_EUR,2016,,2205701,
dataflow,ESTAT:DS-059341(1.0),International trade of EU and non-EU countries since 2002 by HS2-4-6,A,Annual,FR,"France (incl. Saint Barthélemy 'BL' -> 2012; incl. French Guiana 'GF', Guadeloupe 'GP', Martinique 'MQ', Réunion 'RE' from 1997; incl. Mayotte 'YT' from 2014)",KR,"Korea, Republic of (South Korea)",850780,"Electric accumulators (excl. spent and lead-acid, nickel-cadmium, nickel-iron, nickel-metal hydride and lithium-ion accumulators)",1,IMPORT,VALUE_EUR,VALUE_EUR,2017,,19502777,
dataflow,ESTAT:DS-059341(1.0),International trade of EU and non-EU countries since 2002 by HS2-4-6,A,Annual,FR,"France (incl. Saint Barthélemy 'BL' -> 2012; incl. French Guiana 'GF', Guadeloupe 'GP', Martinique 'MQ', Réunion 'RE' from 1997; incl. Mayotte 'YT' from 2014)",KR,"Korea, Republic of (South Korea)",850780,"Electric accumulators (excl. spent and lead-acid, nickel-cadmium, nickel-iron, nickel-metal hydride and lithium-ion accumulators)",1,IMPORT,VALUE_EUR,VALUE_EUR,2018,,71231580,
dataflow,ESTAT:DS-059341(1.0),International trade of EU and non-EU countries since 2002 by HS2-4-6,A,Annual,FR,"France (incl. Saint Barthélemy 'BL' -> 2012; incl. French Guiana 'GF', Guadeloupe 'GP', Martinique 'MQ', Réunion 'RE' from 1997; incl. Mayotte 'YT' from 2014)",KR,"Korea, Republic of (South Korea)",850780,"Electric accumulators (excl. spent and lead-acid, nickel-cadmium, nickel-iron, nickel-metal hydride and lithium-ion accumulators)",1,IMPORT,VALUE_EUR,VALUE_EUR,2019,,104341519,
dataflow,ESTAT:DS-059341(1.0),International trade of EU and non-EU countries since 2002 by HS2-4-6,A,Annual,FR,"France (incl. Saint Barthélemy 'BL' -> 2012; incl. French Guiana 'GF', Guadeloupe 'GP', Martinique 'MQ', Réunion 'RE' from 1997; incl. Mayotte 'YT' from 2014)",KR,"Korea, Republic of (South Korea)",850780,"Electric accumulators (excl. spent and lead-acid, nickel-cadmium, nickel-iron, nickel-metal hydride and lithium-ion accumulators)",1,IMPORT,VALUE_EUR,VALUE_EUR,2020,,70110069,
dataflow,ESTAT:DS-059341(1.0),International trade of EU and non-EU countries since 2002 by HS2-4-6,A,Annual,FR,"France (incl. Saint Barthélemy 'BL' -> 2012; incl. French Guiana 'GF', Guadeloupe 'GP', Martinique 'MQ', Réunion 'RE' from 1997; incl. Mayotte 'YT' from 2014)",KR,"Korea, Republic of (South Korea)",850780,"Electric accumulators (excl. spent and lead-acid, nickel-cadmium, nickel-iron, nickel-metal hydride and lithium-ion accumulators)",1,IMPORT,VALUE_EUR,VALUE_EUR,2021,,34673,
dataflow,ESTAT:DS-059341(1.0),International trade of EU and non-EU countries since 2002 by HS2-4-6,A,Annual,FR,"France (incl. Saint Barthélemy 'BL' -> 2012; incl. French Guiana 'GF', Guadeloupe 'GP', Martinique 'MQ', Réunion 'RE' from 1997; incl. Mayotte 'YT' from 2014)",KR,"Korea, Republic of (South Korea)",850780,"Electric accumulators (excl. spent and lead-acid, nickel-cadmium, nickel-iron, nickel-metal hydride and lithium-ion accumulators)",1,IMPORT,VALUE_EUR,VALUE_EUR,2022,,893039,
dataflow,ESTAT:DS-059341(1.0),International trade of EU and non-EU countries since 2002 by HS2-4-6,A,Annual,FR,"France (incl. Saint Barthélemy 'BL' -> 2012; incl. French Guiana 'GF', Guadeloupe 'GP', Martinique 'MQ', Réunion 'RE' from 1997; incl. Mayotte 'YT' from 2014)",KR,"Korea, Republic of (South Korea)",850780,"Electric accumulators (excl. spent and lead-acid, nickel-cadmium, nickel-iron, nickel-metal hydride and lithium-ion accumulators)",1,IMPORT,VALUE_EUR,VALUE_EUR,2023,,721568,
dataflow,ESTAT:DS-059341(1.0),International trade of EU and non-EU countries since 2002 by HS2-4-6,A,Annual,FR,"France (incl. Saint Barthélemy 'BL' -> 2012; incl. French Guiana 'GF', Guadeloupe 'GP', Martinique 'MQ', Réunion 'RE' from 1997; incl. Mayotte 'YT' from 2014)",KR,"Korea, Republic of (South Korea)",850780,"Electric accumulators (excl. spent and lead-acid, nickel-cadmium, nickel-iron, nickel-metal hydride and lithium-ion accumulators)",1,IMPORT,VALUE_EUR,VALUE_EUR,2024,,10622,
dataflow,ESTAT:DS-059341(1.0),International trade of EU and non-EU countries since 2002 by HS2-4-6,A,Annual,FR,"France (incl. Saint Barthélemy 'BL' -> 2012; incl. French Guiana 'GF', Guadeloupe 'GP', Martinique 'MQ', Réunion 'RE' from 1997; incl. Mayotte 'YT' from 2014)",KR,"Korea, Republic of (South Korea)",850780,"Electric accumulators (excl. spent and lead-acid, nickel-cadmium, nickel-iron, nickel-metal hydride and lithium-ion accumulators)",2,EXPORT,VALUE_EUR,VALUE_EUR,2002,,2479138,
dataflow,ESTAT:DS-059341(1.0),International trade of EU and non-EU countries since 2002 by HS2-4-6,A,Annual,FR,"France (incl. Saint Barthélemy 'BL' -> 2012; incl. French Guiana 'GF', Guadeloupe 'GP', Martinique 'MQ', Réunion 'RE' from 1997; incl. Mayotte 'YT' from 2014)",KR,"Korea, Republic of (South Korea)",850780,"Electric accumulators (excl. spent and lead-acid, nickel-cadmium, nickel-iron, nickel-metal hydride and lithium-ion accumulators)",2,EXPORT,VALUE_EUR,VALUE_EUR,2003,,1111947,
dataflow,ESTAT:DS-059341(1.0),International trade of EU and non-EU countries since 2002 by HS2-4-6,A,Annual,FR,"France (incl. Saint Barthélemy 'BL' -> 2012; incl. French Guiana 'GF', Guadeloupe 'GP', Martinique 'MQ', Réunion 'RE' from 1997; incl. Mayotte 'YT' from 2014)",KR,"Korea, Republic of (South Korea)",850780,"Electric accumulators (excl. spent and lead-acid, nickel-cadmium, nickel-iron, nickel-metal hydride and lithium-ion accumulators)",2,EXPORT,VALUE_EUR,VALUE_EUR,2004,,839968,
dataflow,ESTAT:DS-059341(1.0),International trade of EU and non-EU countries since 2002 by HS2-4-6,A,Annual,FR,"France (incl. Saint Barthélemy 'BL' -> 2012; incl. French Guiana 'GF', Guadeloupe 'GP', Martinique 'MQ', Réunion 'RE' from 1997; incl. Mayotte 'YT' from 2014)",KR,"Korea, Republic of (South Korea)",850780,"Electric accumulators (excl. spent and lead-acid, nickel-cadmium, nickel-iron, nickel-metal hydride and lithium-ion accumulators)",2,EXPORT,VALUE_EUR,VALUE_EUR,2005,,14606,
dataflow,ESTAT:DS-059341(1.0),International trade of EU and non-EU countries since 2002 by HS2-4-6,A,Annual,FR,"France (incl. Saint Barthélemy 'BL' -> 2012; incl. French Guiana 'GF', Guadeloupe 'GP', Martinique 'MQ', Réunion 'RE' from 1997; incl. Mayotte 'YT' from 2014)",KR,"Korea, Republic of (South Korea)",850780,"Electric accumulators (excl. spent and lead-acid, nickel-cadmium, nickel-iron, nickel-metal hydride and lithium-ion accumulators)",2,EXPORT,VALUE_EUR,VALUE_EUR,2006,,346454,
dataflow,ESTAT:DS-059341(1.0),International trade of EU and non-EU countries since 2002 by HS2-4-6,A,Annual,FR,"France (incl. Saint Barthélemy 'BL' -> 2012; incl. French Guiana 'GF', Guadeloupe 'GP', Martinique 'MQ', Réunion 'RE' from 1997; incl. Mayotte 'YT' from 2014)",KR,"Korea, Republic of (South Korea)",850780,"Electric accumulators (excl. spent and lead-acid, nickel-cadmium, nickel-iron, nickel-metal hydride and lithium-ion accumulators)",2,EXPORT,VALUE_EUR,VALUE_EUR,2007,,1483252,
dataflow,ESTAT:DS-059341(1.0),International trade of EU and non-EU countries since 2002 by HS2-4-6,A,Annual,FR,"France (incl. Saint Barthélemy 'BL' -> 2012; incl. French Guiana 'GF', Guadeloupe 'GP', Martinique 'MQ', Réunion 'RE' from 1997; incl. Mayotte 'YT' from 2014)",KR,"Korea, Republic of (South Korea)",850780,"Electric accumulators (excl. spent and lead-acid, nickel-cadmium, nickel-iron, nickel-metal hydride and lithium-ion accumulators)",2,EXPORT,VALUE_EUR,VALUE_EUR,2008,,855949,
dataflow,ESTAT:DS-059341(1.0),International trade of EU and non-EU countries since 2002 by HS2-4-6,A,Annual,FR,"France (incl. Saint Barthélemy 'BL' -> 2012; incl. French Guiana 'GF', Guadeloupe 'GP', Martinique 'MQ', Réunion 'RE' from 1997; incl. Mayotte 'YT' from 2014)",KR,"Korea, Republic of (South Korea)",850780,"Electric accumulators (excl. spent and lead-acid, nickel-cadmium, nickel-iron, nickel-metal hydride and lithium-ion accumulators)",2,EXPORT,VALUE_EUR,VALUE_EUR,2009,,985575,
dataflow,ESTAT:DS-059341(1.0),International trade of EU and non-EU countries since 2002 by HS2-4-6,A,Annual,FR,"France (incl. Saint Barthélemy 'BL' -> 2012; incl. French Guiana 'GF', Guadeloupe 'GP', Martinique 'MQ', Réunion 'RE' from 1997; incl. Mayotte 'YT' from 2014)",KR,"Korea, Republic of (South Korea)",850780,"Electric accumulators (excl. spent and lead-acid, nickel-cadmium, nickel-iron, nickel-metal hydride and lithium-ion accumulators)",2,EXPORT,VALUE_EUR,VALUE_EUR,2010,,847129,
dataflow,ESTAT:DS-059341(1.0),International trade of EU and non-EU countries since 2002 by HS2-4-6,A,Annual,FR,"France (incl. Saint Barthélemy 'BL' -> 2012; incl. French Guiana 'GF', Guadeloupe 'GP', Martinique 'MQ', Réunion 'RE' from 1997; incl. Mayotte 'YT' from 2014)",KR,"Korea, Republic of (South Korea)",850780,"Electric accumulators (excl. spent and lead-acid, nickel-cadmium, nickel-iron, nickel-metal hydride and lithium-ion accumulators)",2,EXPORT,VALUE_EUR,VALUE_EUR,2011,,757364,
dataflow,ESTAT:DS-059341(1.0),International trade of EU and non-EU countries since 2002 by HS2-4-6,A,Annual,FR,"France (incl. Saint Barthélemy 'BL' -> 2012; incl. French Guiana 'GF', Guadeloupe 'GP', Martinique 'MQ', Réunion 'RE' from 1997; incl. Mayotte 'YT' from 2014)",KR,"Korea, Republic of (South Korea)",850780,"Electric accumulators (excl. spent and lead-acid, nickel-cadmium, nickel-iron, nickel-metal hydride and lithium-ion accumulators)",2,EXPORT,VALUE_EUR,VALUE_EUR,2012,,130956,
dataflow,ESTAT:DS-059341(1.0),International trade of EU and non-EU countries since 2002 by HS2-4-6,A,Annual,FR,"France (incl. Saint Barthélemy 'BL' -> 2012; incl. French Guiana 'GF', Guadeloupe 'GP', Martinique 'MQ', Réunion 'RE' from 1997; incl. Mayotte 'YT' from 2014)",KR,"Korea, Republic of (South Korea)",850780,"Electric accumulators (excl. spent and lead-acid, nickel-cadmium, nickel-iron, nickel-metal hydride and lithium-ion accumulators)",2,EXPORT,VALUE_EUR,VALUE_EUR,2013,,187566,
dataflow,ESTAT:DS-059341(1.0),International trade of EU and non-EU countries since 2002 by HS2-4-6,A,Annual,FR,"France (incl. Saint Barthélemy 'BL' -> 2012; incl. French Guiana 'GF', Guadeloupe 'GP', Martinique 'MQ', Réunion 'RE' from 1997; incl. Mayotte 'YT' from 2014)",KR,"Korea, Republic of (South Korea)",850780,"Electric accumulators (excl. spent and lead-acid, nickel-cadmium, nickel-iron, nickel-metal hydride and lithium-ion accumulators)",2,EXPORT,VALUE_EUR,VALUE_EUR,2014,,134868,
dataflow,ESTAT:DS-059341(1.0),International trade of EU and non-EU countries since 2002 by HS2-4-6,A,Annual,FR,"France (incl. Saint Barthélemy 'BL' -> 2012; incl. French Guiana 'GF', Guadeloupe 'GP', Martinique 'MQ', Réunion 'RE' from 1997; incl. Mayotte 'YT' from 2014)",KR,"Korea, Republic of (South Korea)",850780,"Electric accumulators (excl. spent and lead-acid, nickel-cadmium, nickel-iron, nickel-metal hydride and lithium-ion accumulators)",2,EXPORT,VALUE_EUR,VALUE_EUR,2015,,210590,
dataflow,ESTAT:DS-059341(1.0),International trade of EU and non-EU countries since 2002 by HS2-4-6,A,Annual,FR,"France (incl. Saint Barthélemy 'BL' -> 2012; incl. French Guiana 'GF', Guadeloupe 'GP', Martinique 'MQ', Réunion 'RE' from 1997; incl. Mayotte 'YT' from 2014)",KR,"Korea, Republic of (South Korea)",850780,"Electric accumulators (excl. spent and lead-acid, nickel-cadmium, nickel-iron, nickel-metal hydride and lithium-ion accumulators)",2,EXPORT,VALUE_EUR,VALUE_EUR,2016,,1362392,
dataflow,ESTAT:DS-059341(1.0),International trade of EU and non-EU countries since 2002 by HS2-4-6,A,Annual,FR,"France (incl. Saint Barthélemy 'BL' -> 2012; incl. French Guiana 'GF', Guadeloupe 'GP', Martinique 'MQ', Réunion 'RE' from 1997; incl. Mayotte 'YT' from 2014)",KR,"Korea, Republic of (South Korea)",850780,"Electric accumulators (excl. spent and lead-acid, nickel-cadmium, nickel-iron, nickel-metal hydride and lithium-ion accumulators)",2,EXPORT,VALUE_EUR,VALUE_EUR,2017,,1155060,
dataflow,ESTAT:DS-059341(1.0),International trade of EU and non-EU countries since 2002 by HS2-4-6,A,Annual,FR,"France (incl. Saint Barthélemy 'BL' -> 2012; incl. French Guiana 'GF', Guadeloupe 'GP', Martinique 'MQ', Réunion 'RE' from 1997; incl. Mayotte 'YT' from 2014)",KR,"Korea, Republic of (South Korea)",850780,"Electric accumulators (excl. spent and lead-acid, nickel-cadmium, nickel-iron, nickel-metal hydride and lithium-ion accumulators)",2,EXPORT,VALUE_EUR,VALUE_EUR,2018,,132522,
dataflow,ESTAT:DS-059341(1.0),International trade of EU and non-EU countries since 2002 by HS2-4-6,A,Annual,FR,"France (incl. Saint Barthélemy 'BL' -> 2012; incl. French Guiana 'GF', Guadeloupe 'GP', Martinique 'MQ', Réunion 'RE' from 1997; incl. Mayotte 'YT' from 2014)",KR,"Korea, Republic of (South Korea)",850780,"Electric accumulators (excl. spent and lead-acid, nickel-cadmium, nickel-iron, nickel-metal hydride and lithium-ion accumulators)",2,EXPORT,VALUE_EUR,VALUE_EUR,2019,,111324,
dataflow,ESTAT:DS-059341(1.0),International trade of EU and non-EU countries since 2002 by HS2-4-6,A,Annual,FR,"France (incl. Saint Barthélemy 'BL' -> 2012; incl. French Guiana 'GF', Guadeloupe 'GP', Martinique 'MQ', Réunion 'RE' from 1997; incl. Mayotte 'YT' from 2014)",KR,"Korea, Republic of (South Korea)",850780,"Electric accumulators (excl. spent and lead-acid, nickel-cadmium, nickel-iron, nickel-metal hydride and lithium-ion accumulators)",2,EXPORT,VALUE_EUR,VALUE_EUR,2020,,41270,
dataflow,ESTAT:DS-059341(1.0),International trade of EU and non-EU countries since 2002 by HS2-4-6,A,Annual,FR,"France (incl. Saint Barthélemy 'BL' -> 2012; incl. French Guiana 'GF', Guadeloupe 'GP', Martinique 'MQ', Réunion 'RE' from 1997; incl. Mayotte 'YT' from 2014)",KR,"Korea, Republic of (South Korea)",850780,"Electric accumulators (excl. spent and lead-acid, nickel-cadmium, nickel-iron, nickel-metal hydride and lithium-ion accumulators)",2,EXPORT,VALUE_EUR,VALUE_EUR,2021,,54994,
dataflow,ESTAT:DS-059341(1.0),International trade of EU and non-EU countries since 2002 by HS2-4-6,A,Annual,FR,"France (incl. Saint Barthélemy 'BL' -> 2012; incl. French Guiana 'GF', Guadeloupe 'GP', Martinique 'MQ', Réunion 'RE' from 1997; incl. Mayotte 'YT' from 2014)",KR,"Korea, Republic of (South Korea)",850780,"Electric accumulators (excl. spent and lead-acid, nickel-cadmium, nickel-iron, nickel-metal hydride and lithium-ion accumulators)",2,EXPORT,VALUE_EUR,VALUE_EUR,2022,,44702,
dataflow,ESTAT:DS-059341(1.0),International trade of EU and non-EU countries since 2002 by HS2-4-6,A,Annual,FR,"France (incl. Saint Barthélemy 'BL' -> 2012; incl. French Guiana 'GF', Guadeloupe 'GP', Martinique 'MQ', Réunion 'RE' from 1997; incl. Mayotte 'YT' from 2014)",KR,"Korea, Republic of (South Korea)",850780,"Electric accumulators (excl. spent and lead-acid, nickel-cadmium, nickel-iron, nickel-metal hydride and lithium-ion accumulators)",2,EXPORT,VALUE_EUR,VALUE_EUR,2023,,17303,
dataflow,ESTAT:DS-059341(1.0),International trade of EU and non-EU countries since 2002 by HS2-4-6,A,Annual,FR,"France (incl. Saint Barthélemy 'BL' -> 2012; incl. French Guiana 'GF', Guadeloupe 'GP', Martinique 'MQ', Réunion 'RE' from 1997; incl. Mayotte 'YT' from 2014)",KR,"Korea, Republic of (South Korea)",850780,"Electric accumulators (excl. spent and lead-acid, nickel-cadmium, nickel-iron, nickel-metal hydride and lithium-ion accumulators)",2,EXPORT,VALUE_EUR,VALUE_EUR,2024,,89319,
dataflow,ESTAT:DS-059341(1.0),International trade of EU and non-EU countries since 2002 by HS2-4-6,A,Annual,FR,"France (incl. Saint Barthélemy 'BL' -> 2012; incl. French Guiana 'GF', Guadeloupe 'GP', Martinique 'MQ', Réunion 'RE' from 1997; incl. Mayotte 'YT' from 2014)",KR,"Korea, Republic of (South Korea)",TOTAL,Total,1,IMPORT,VALUE_EUR,VALUE_EUR,2002,,1873699698,
dataflow,ESTAT:DS-059341(1.0),International trade of EU and non-EU countries since 2002 by HS2-4-6,A,Annual,FR,"France (incl. Saint Barthélemy 'BL' -> 2012; incl. French Guiana 'GF', Guadeloupe 'GP', Martinique 'MQ', Réunion 'RE' from 1997; incl. Mayotte 'YT' from 2014)",KR,"Korea, Republic of (South Korea)",TOTAL,Total,1,IMPORT,VALUE_EUR,VALUE_EUR,2003,,1746020560,
dataflow,ESTAT:DS-059341(1.0),International trade of EU and non-EU countries since 2002 by HS2-4-6,A,Annual,FR,"France (incl. Saint Barthélemy 'BL' -> 2012; incl. French Guiana 'GF', Guadeloupe 'GP', Martinique 'MQ', Réunion 'RE' from 1997; incl. Mayotte 'YT' from 2014)",KR,"Korea, Republic of (South Korea)",TOTAL,Total,1,IMPORT,VALUE_EUR,VALUE_EUR,2004,,2301356747,
dataflow,ESTAT:DS-059341(1.0),International trade of EU and non-EU countries since 2002 by HS2-4-6,A,Annual,FR,"France (incl. Saint Barthélemy 'BL' -> 2012; incl. French Guiana 'GF', Guadeloupe 'GP', Martinique 'MQ', Réunion 'RE' from 1997; incl. Mayotte 'YT' from 2014)",KR,"Korea, Republic of (South Korea)",TOTAL,Total,1,IMPORT,VALUE_EUR,VALUE_EUR,2005,,2768083963,
dataflow,ESTAT:DS-059341(1.0),International trade of EU and non-EU countries since 2002 by HS2-4-6,A,Annual,FR,"France (incl. Saint Barthélemy 'BL' -> 2012; incl. French Guiana 'GF', Guadeloupe 'GP', Martinique 'MQ', Réunion 'RE' from 1997; incl. Mayotte 'YT' from 2014)",KR,"Korea, Republic of (South Korea)",TOTAL,Total,1,IMPORT,VALUE_EUR,VALUE_EUR,2006,,3073015044,
dataflow,ESTAT:DS-059341(1.0),International trade of EU and non-EU countries since 2002 by HS2-4-6,A,Annual,FR,"France (incl. Saint Barthélemy 'BL' -> 2012; incl. French Guiana 'GF', Guadeloupe 'GP', Martinique 'MQ', Réunion 'RE' from 1997; incl. Mayotte 'YT' from 2014)",KR,"Korea, Republic of (South Korea)",TOTAL,Total,1,IMPORT,VALUE_EUR,VALUE_EUR,2007,,2710244291,
dataflow,ESTAT:DS-059341(1.0),International trade of EU and non-EU countries since 2002 by HS2-4-6,A,Annual,FR,"France (incl. Saint Barthélemy 'BL' -> 2012; incl. French Guiana 'GF', Guadeloupe 'GP', Martinique 'MQ', Réunion 'RE' from 1997; incl. Mayotte 'YT' from 2014)",KR,"Korea, Republic of (South Korea)",TOTAL,Total,1,IMPORT,VALUE_EUR,VALUE_EUR,2008,,2517341934,
dataflow,ESTAT:DS-059341(1.0),International trade of EU and non-EU countries since 2002 by HS2-4-6,A,Annual,FR,"France (incl. Saint Barthélemy 'BL' -> 2012; incl. French Guiana 'GF', Guadeloupe 'GP', Martinique 'MQ', Réunion 'RE' from 1997; incl. Mayotte 'YT' from 2014)",KR,"Korea, Republic of (South Korea)",TOTAL,Total,1,IMPORT,VALUE_EUR,VALUE_EUR,2009,,2193919618,
dataflow,ESTAT:DS-059341(1.0),International trade of EU and non-EU countries since 2002 by HS2-4-6,A,Annual,FR,"France (incl. Saint Barthélemy 'BL' -> 2012; incl. French Guiana 'GF', Guadeloupe 'GP', Martinique 'MQ', Réunion 'RE' from 1997; incl. Mayotte 'YT' from 2014)",KR,"Korea, Republic of (South Korea)",TOTAL,Total,1,IMPORT,VALUE_EUR,VALUE_EUR,2010,,2137577254,
dataflow,ESTAT:DS-059341(1.0),International trade of EU and non-EU countries since 2002 by HS2-4-6,A,Annual,FR,"France (incl. Saint Barthélemy 'BL' -> 2012; incl. French Guiana 'GF', Guadeloupe 'GP', Martinique 'MQ', Réunion 'RE' from 1997; incl. Mayotte 'YT' from 2014)",KR,"Korea, Republic of (South Korea)",TOTAL,Total,1,IMPORT,VALUE_EUR,VALUE_EUR,2011,,2454537476,
dataflow,ESTAT:DS-059341(1.0),International trade of EU and non-EU countries since 2002 by HS2-4-6,A,Annual,FR,"France (incl. Saint Barthélemy 'BL' -> 2012; incl. French Guiana 'GF', Guadeloupe 'GP', Martinique 'MQ', Réunion 'RE' from 1997; incl. Mayotte 'YT' from 2014)",KR,"Korea, Republic of (South Korea)",TOTAL,Total,1,IMPORT,VALUE_EUR,VALUE_EUR,2012,,3401461325,
dataflow,ESTAT:DS-059341(1.0),International trade of EU and non-EU countries since 2002 by HS2-4-6,A,Annual,FR,"France (incl. Saint Barthélemy 'BL' -> 2012; incl. French Guiana 'GF', Guadeloupe 'GP', Martinique 'MQ', Réunion 'RE' from 1997; incl. Mayotte 'YT' from 2014)",KR,"Korea, Republic of (South Korea)",TOTAL,Total,1,IMPORT,VALUE_EUR,VALUE_EUR,2013,,2829246281,
dataflow,ESTAT:DS-059341(1.0),International trade of EU and non-EU countries since 2002 by HS2-4-6,A,Annual,FR,"France (incl. Saint Barthélemy 'BL' -> 2012; incl. French Guiana 'GF', Guadeloupe 'GP', Martinique 'MQ', Réunion 'RE' from 1997; incl. Mayotte 'YT' from 2014)",KR,"Korea, Republic of (South Korea)",TOTAL,Total,1,IMPORT,VALUE_EUR,VALUE_EUR,2014,,2177277811,
dataflow,ESTAT:DS-059341(1.0),International trade of EU and non-EU countries since 2002 by HS2-4-6,A,Annual,FR,"France (incl. Saint Barthélemy 'BL' -> 2012; incl. French Guiana 'GF', Guadeloupe 'GP', Martinique 'MQ', Réunion 'RE' from 1997; incl. Mayotte 'YT' from 2014)",KR,"Korea, Republic of (South Korea)",TOTAL,Total,1,IMPORT,VALUE_EUR,VALUE_EUR,2015,,2349578326,
dataflow,ESTAT:DS-059341(1.0),International trade of EU and non-EU countries since 2002 by HS2-4-6,A,Annual,FR,"France (incl. Saint Barthélemy 'BL' -> 2012; incl. French Guiana 'GF', Guadeloupe 'GP', Martinique 'MQ', Réunion 'RE' from 1997; incl. Mayotte 'YT' from 2014)",KR,"Korea, Republic of (South Korea)",TOTAL,Total,1,IMPORT,VALUE_EUR,VALUE_EUR,2016,,2464708677,
dataflow,ESTAT:DS-059341(1.0),International trade of EU and non-EU countries since 2002 by HS2-4-6,A,Annual,FR,"France (incl. Saint Barthélemy 'BL' -> 2012; incl. French Guiana 'GF', Guadeloupe 'GP', Martinique 'MQ', Réunion 'RE' from 1997; incl. Mayotte 'YT' from 2014)",KR,"Korea, Republic of (South Korea)",TOTAL,Total,1,IMPORT,VALUE_EUR,VALUE_EUR,2017,,2536746451,
dataflow,ESTAT:DS-059341(1.0),International trade of EU and non-EU countries since 2002 by HS2-4-6,A,Annual,FR,"France (incl. Saint Barthélemy 'BL' -> 2012; incl. French Guiana 'GF', Guadeloupe 'GP', Martinique 'MQ', Réunion 'RE' from 1997; incl. Mayotte 'YT' from 2014)",KR,"Korea, Republic of (South Korea)",TOTAL,Total,1,IMPORT,VALUE_EUR,VALUE_EUR,2018,,3098190455,
dataflow,ESTAT:DS-059341(1.0),International trade of EU and non-EU countries since 2002 by HS2-4-6,A,Annual,FR,"France (incl. Saint Barthélemy 'BL' -> 2012; incl. French Guiana 'GF', Guadeloupe 'GP', Martinique 'MQ', Réunion 'RE' from 1997; incl. Mayotte 'YT' from 2014)",KR,"Korea, Republic of (South Korea)",TOTAL,Total,1,IMPORT,VALUE_EUR,VALUE_EUR,2019,,3410327045,
dataflow,ESTAT:DS-059341(1.0),International trade of EU and non-EU countries since 2002 by HS2-4-6,A,Annual,FR,"France (incl. Saint Barthélemy 'BL' -> 2012; incl. French Guiana 'GF', Guadeloupe 'GP', Martinique 'MQ', Réunion 'RE' from 1997; incl. Mayotte 'YT' from 2014)",KR,"Korea, Republic of (South Korea)",TOTAL,Total,1,IMPORT,VALUE_EUR,VALUE_EUR,2020,,3069055125,
dataflow,ESTAT:DS-059341(1.0),International trade of EU and non-EU countries since 2002 by HS2-4-6,A,Annual,FR,"France (incl. Saint Barthélemy 'BL' -> 2012; incl. French Guiana 'GF', Guadeloupe 'GP', Martinique 'MQ', Réunion 'RE' from 1997; incl. Mayotte 'YT' from 2014)",KR,"Korea, Republic of (South Korea)",TOTAL,Total,1,IMPORT,VALUE_EUR,VALUE_EUR,2021,,4601551944,
dataflow,ESTAT:DS-059341(1.0),International trade of EU and non-EU countries since 2002 by HS2-4-6,A,Annual,FR,"France (incl. Saint Barthélemy 'BL' -> 2012; incl. French Guiana 'GF', Guadeloupe 'GP', Martinique 'MQ', Réunion 'RE' from 1997; incl. Mayotte 'YT' from 2014)",KR,"Korea, Republic of (South Korea)",TOTAL,Total,1,IMPORT,VALUE_EUR,VALUE_EUR,2022,,6440096938,
dataflow,ESTAT:DS-059341(1.0),International trade of EU and non-EU countries since 2002 by HS2-4-6,A,Annual,FR,"France (incl. Saint Barthélemy 'BL' -> 2012; incl. French Guiana 'GF', Guadeloupe 'GP', Martinique 'MQ', Réunion 'RE' from 1997; incl. Mayotte 'YT' from 2014)",KR,"Korea, Republic of (South Korea)",TOTAL,Total,1,IMPORT,VALUE_EUR,VALUE_EUR,2023,,8608399442,
dataflow,ESTAT:DS-059341(1.0),International trade of EU and non-EU countries since 2002 by HS2-4-6,A,Annual,FR,"France (incl. Saint Barthélemy 'BL' -> 2012; incl. French Guiana 'GF', Guadeloupe 'GP', Martinique 'MQ', Réunion 'RE' from 1997; incl. Mayotte 'YT' from 2014)",KR,"Korea, Republic of (South Korea)",TOTAL,Total,1,IMPORT,VALUE_EUR,VALUE_EUR,2024,,5970239785,
dataflow,ESTAT:DS-059341(1.0),International trade of EU and non-EU countries since 2002 by HS2-4-6,A,Annual,FR,"France (incl. Saint Barthélemy 'BL' -> 2012; incl. French Guiana 'GF', Guadeloupe 'GP', Martinique 'MQ', Réunion 'RE' from 1997; incl. Mayotte 'YT' from 2014)",KR,"Korea, Republic of (South Korea)",TOTAL,Total,2,EXPORT,VALUE_EUR,VALUE_EUR,2002,,2454688984,
dataflow,ESTAT:DS-059341(1.0),International trade of EU and non-EU countries since 2002 by HS2-4-6,A,Annual,FR,"France (incl. Saint Barthélemy 'BL' -> 2012; incl. French Guiana 'GF', Guadeloupe 'GP', Martinique 'MQ', Réunion 'RE' from 1997; incl. Mayotte 'YT' from 2014)",KR,"Korea, Republic of (South Korea)",TOTAL,Total,2,EXPORT,VALUE_EUR,VALUE_EUR,2003,,2029456174,
dataflow,ESTAT:DS-059341(1.0),International trade of EU and non-EU countries since 2002 by HS2-4-6,A,Annual,FR,"France (incl. Saint Barthélemy 'BL' -> 2012; incl. French Guiana 'GF', Guadeloupe 'GP', Martinique 'MQ', Réunion 'RE' from 1997; incl. Mayotte 'YT' from 2014)",KR,"Korea, Republic of (South Korea)",TOTAL,Total,2,EXPORT,VALUE_EUR,VALUE_EUR,2004,,2123211981,
dataflow,ESTAT:DS-059341(1.0),International trade of EU and non-EU countries since 2002 by HS2-4-6,A,Annual,FR,"France (incl. Saint Barthélemy 'BL' -> 2012; incl. French Guiana 'GF', Guadeloupe 'GP', Martinique 'MQ', Réunion 'RE' from 1997; incl. Mayotte 'YT' from 2014)",KR,"Korea, Republic of (South Korea)",TOTAL,Total,2,EXPORT,VALUE_EUR,VALUE_EUR,2005,,2394702254,
dataflow,ESTAT:DS-059341(1.0),International trade of EU and non-EU countries since 2002 by HS2-4-6,A,Annual,FR,"France (incl. Saint Barthélemy 'BL' -> 2012; incl. French Guiana 'GF', Guadeloupe 'GP', Martinique 'MQ', Réunion 'RE' from 1997; incl. Mayotte 'YT' from 2014)",KR,"Korea, Republic of (South Korea)",TOTAL,Total,2,EXPORT,VALUE_EUR,VALUE_EUR,2006,,2875975330,
dataflow,ESTAT:DS-059341(1.0),International trade of EU and non-EU countries since 2002 by HS2-4-6,A,Annual,FR,"France (incl. Saint Barthélemy 'BL' -> 2012; incl. French Guiana 'GF', Guadeloupe 'GP', Martinique 'MQ', Réunion 'RE' from 1997; incl. Mayotte 'YT' from 2014)",KR,"Korea, Republic of (South Korea)",TOTAL,Total,2,EXPORT,VALUE_EUR,VALUE_EUR,2007,,3004373003,
dataflow,ESTAT:DS-059341(1.0),International trade of EU and non-EU countries since 2002 by HS2-4-6,A,Annual,FR,"France (incl. Saint Barthélemy 'BL' -> 2012; incl. French Guiana 'GF', Guadeloupe 'GP', Martinique 'MQ', Réunion 'RE' from 1997; incl. Mayotte 'YT' from 2014)",KR,"Korea, Republic of (South Korea)",TOTAL,Total,2,EXPORT,VALUE_EUR,VALUE_EUR,2008,,3012724684,
dataflow,ESTAT:DS-059341(1.0),International trade of EU and non-EU countries since 2002 by HS2-4-6,A,Annual,FR,"France (incl. Saint Barthélemy 'BL' -> 2012; incl. French Guiana 'GF', Guadeloupe 'GP', Martinique 'MQ', Réunion 'RE' from 1997; incl. Mayotte 'YT' from 2014)",KR,"Korea, Republic of (South Korea)",TOTAL,Total,2,EXPORT,VALUE_EUR,VALUE_EUR,2009,,2643722825,
dataflow,ESTAT:DS-059341(1.0),International trade of EU and non-EU countries since 2002 by HS2-4-6,A,Annual,FR,"France (incl. Saint Barthélemy 'BL' -> 2012; incl. French Guiana 'GF', Guadeloupe 'GP', Martinique 'MQ', Réunion 'RE' from 1997; incl. Mayotte 'YT' from 2014)",KR,"Korea, Republic of (South Korea)",TOTAL,Total,2,EXPORT,VALUE_EUR,VALUE_EUR,2010,,3227676766,
dataflow,ESTAT:DS-059341(1.0),International trade of EU and non-EU countries since 2002 by HS2-4-6,A,Annual,FR,"France (incl. Saint Barthélemy 'BL' -> 2012; incl. French Guiana 'GF', Guadeloupe 'GP', Martinique 'MQ', Réunion 'RE' from 1997; incl. Mayotte 'YT' from 2014)",KR,"Korea, Republic of (South Korea)",TOTAL,Total,2,EXPORT,VALUE_EUR,VALUE_EUR,2011,,4209402783,
dataflow,ESTAT:DS-059341(1.0),International trade of EU and non-EU countries since 2002 by HS2-4-6,A,Annual,FR,"France (incl. Saint Barthélemy 'BL' -> 2012; incl. French Guiana 'GF', Guadeloupe 'GP', Martinique 'MQ', Réunion 'RE' from 1997; incl. Mayotte 'YT' from 2014)",KR,"Korea, Republic of (South Korea)",TOTAL,Total,2,EXPORT,VALUE_EUR,VALUE_EUR,2012,,3701032794,
dataflow,ESTAT:DS-059341(1.0),International trade of EU and non-EU countries since 2002 by HS2-4-6,A,Annual,FR,"France (incl. Saint Barthélemy 'BL' -> 2012; incl. French Guiana 'GF', Guadeloupe 'GP', Martinique 'MQ', Réunion 'RE' from 1997; incl. Mayotte 'YT' from 2014)",KR,"Korea, Republic of (South Korea)",TOTAL,Total,2,EXPORT,VALUE_EUR,VALUE_EUR,2013,,4260984558,
dataflow,ESTAT:DS-059341(1.0),International trade of EU and non-EU countries since 2002 by HS2-4-6,A,Annual,FR,"France (incl. Saint Barthélemy 'BL' -> 2012; incl. French Guiana 'GF', Guadeloupe 'GP', Martinique 'MQ', Réunion 'RE' from 1997; incl. Mayotte 'YT' from 2014)",KR,"Korea, Republic of (South Korea)",TOTAL,Total,2,EXPORT,VALUE_EUR,VALUE_EUR,2014,,4981403242,
dataflow,ESTAT:DS-059341(1.0),International trade of EU and non-EU countries since 2002 by HS2-4-6,A,Annual,FR,"France (incl. Saint Barthélemy 'BL' -> 2012; incl. French Guiana 'GF', Guadeloupe 'GP', Martinique 'MQ', Réunion 'RE' from 1997; incl. Mayotte 'YT' from 2014)",KR,"Korea, Republic of (South Korea)",TOTAL,Total,2,EXPORT,VALUE_EUR,VALUE_EUR,2015,,4843687755,
dataflow,ESTAT:DS-059341(1.0),International trade of EU and non-EU countries since 2002 by HS2-4-6,A,Annual,FR,"France (incl. Saint Barthélemy 'BL' -> 2012; incl. French Guiana 'GF', Guadeloupe 'GP', Martinique 'MQ', Réunion 'RE' from 1997; incl. Mayotte 'YT' from 2014)",KR,"Korea, Republic of (South Korea)",TOTAL,Total,2,EXPORT,VALUE_EUR,VALUE_EUR,2016,,3895881971,
dataflow,ESTAT:DS-059341(1.0),International trade of EU and non-EU countries since 2002 by HS2-4-6,A,Annual,FR,"France (incl. Saint Barthélemy 'BL' -> 2012; incl. French Guiana 'GF', Guadeloupe 'GP', Martinique 'MQ', Réunion 'RE' from 1997; incl. Mayotte 'YT' from 2014)",KR,"Korea, Republic of (South Korea)",TOTAL,Total,2,EXPORT,VALUE_EUR,VALUE_EUR,2017,,5037876396,
dataflow,ESTAT:DS-059341(1.0),International trade of EU and non-EU countries since 2002 by HS2-4-6,A,Annual,FR,"France (incl. Saint Barthélemy 'BL' -> 2012; incl. French Guiana 'GF', Guadeloupe 'GP', Martinique 'MQ', Réunion 'RE' from 1997; incl. Mayotte 'YT' from 2014)",KR,"Korea, Republic of (South Korea)",TOTAL,Total,2,EXPORT,VALUE_EUR,VALUE_EUR,2018,,4349254329,
dataflow,ESTAT:DS-059341(1.0),International trade of EU and non-EU countries since 2002 by HS2-4-6,A,Annual,FR,"France (incl. Saint Barthélemy 'BL' -> 2012; incl. French Guiana 'GF', Guadeloupe 'GP', Martinique 'MQ', Réunion 'RE' from 1997; incl. Mayotte 'YT' from 2014)",KR,"Korea, Republic of (South Korea)",TOTAL,Total,2,EXPORT,VALUE_EUR,VALUE_EUR,2019,,5207174851,
dataflow,ESTAT:DS-059341(1.0),International trade of EU and non-EU countries since 2002 by HS2-4-6,A,Annual,FR,"France (incl. Saint Barthélemy 'BL' -> 2012; incl. French Guiana 'GF', Guadeloupe 'GP', Martinique 'MQ', Réunion 'RE' from 1997; incl. Mayotte 'YT' from 2014)",KR,"Korea, Republic of (South Korea)",TOTAL,Total,2,EXPORT,VALUE_EUR,VALUE_EUR,2020,,4813780328,
dataflow,ESTAT:DS-059341(1.0),International trade of EU and non-EU countries since 2002 by HS2-4-6,A,Annual,FR,"France (incl. Saint Barthélemy 'BL' -> 2012; incl. French Guiana 'GF', Guadeloupe 'GP', Martinique 'MQ', Réunion 'RE' from 1997; incl. Mayotte 'YT' from 2014)",KR,"Korea, Republic of (South Korea)",TOTAL,Total,2,EXPORT,VALUE_EUR,VALUE_EUR,2021,,4796460053,
dataflow,ESTAT:DS-059341(1.0),International trade of EU and non-EU countries since 2002 by HS2-4-6,A,Annual,FR,"France (incl. Saint Barthélemy 'BL' -> 2012; incl. French Guiana 'GF', Guadeloupe 'GP', Martinique 'MQ', Réunion 'RE' from 1997; incl. Mayotte 'YT' from 2014)",KR,"Korea, Republic of (South Korea)",TOTAL,Total,2,EXPORT,VALUE_EUR,VALUE_EUR,2022,,5875198860,
dataflow,ESTAT:DS-059341(1.0),International trade of EU and non-EU countries since 2002 by HS2-4-6,A,Annual,FR,"France (incl. Saint Barthélemy 'BL' -> 2012; incl. French Guiana 'GF', Guadeloupe 'GP', Martinique 'MQ', Réunion 'RE' from 1997; incl. Mayotte 'YT' from 2014)",KR,"Korea, Republic of (South Korea)",TOTAL,Total,2,EXPORT,VALUE_EUR,VALUE_EUR,2023,,5990208153,
dataflow,ESTAT:DS-059341(1.0),International trade of EU and non-EU countries since 2002 by HS2-4-6,A,Annual,FR,"France (incl. Saint Barthélemy 'BL' -> 2012; incl. French Guiana 'GF', Guadeloupe 'GP', Martinique 'MQ', Réunion 'RE' from 1997; incl. Mayotte 'YT' from 2014)",KR,"Korea, Republic of (South Korea)",TOTAL,Total,2,EXPORT,VALUE_EUR,VALUE_EUR,2024,,6749126213,
dataflow,ESTAT:DS-059341(1.0),International trade of EU and non-EU countries since 2002 by HS2-4-6,A,Annual,FR,"France (incl. Saint Barthélemy 'BL' -> 2012; incl. French Guiana 'GF', Guadeloupe 'GP', Martinique 'MQ', Réunion 'RE' from 1997; incl. Mayotte 'YT' from 2014)",SG,Singapore,850710,"Lead-acid accumulators of a kind used for starting piston engine ""starter batteries"" (excl. spent)",1,IMPORT,VALUE_EUR,VALUE_EUR,2004,,41165,
dataflow,ESTAT:DS-059341(1.0),International trade of EU and non-EU countries since 2002 by HS2-4-6,A,Annual,FR,"France (incl. Saint Barthélemy 'BL' -> 2012; incl. French Guiana 'GF', Guadeloupe 'GP', Martinique 'MQ', Réunion 'RE' from 1997; incl. Mayotte 'YT' from 2014)",SG,Singapore,850710,"Lead-acid accumulators of a kind used for starting piston engine ""starter batteries"" (excl. spent)",1,IMPORT,VALUE_EUR,VALUE_EUR,2005,,32105,
dataflow,ESTAT:DS-059341(1.0),International trade of EU and non-EU countries since 2002 by HS2-4-6,A,Annual,FR,"France (incl. Saint Barthélemy 'BL' -> 2012; incl. French Guiana 'GF', Guadeloupe 'GP', Martinique 'MQ', Réunion 'RE' from 1997; incl. Mayotte 'YT' from 2014)",SG,Singapore,850710,"Lead-acid accumulators of a kind used for starting piston engine ""starter batteries"" (excl. spent)",1,IMPORT,VALUE_EUR,VALUE_EUR,2009,,173600,
dataflow,ESTAT:DS-059341(1.0),International trade of EU and non-EU countries since 2002 by HS2-4-6,A,Annual,FR,"France (incl. Saint Barthélemy 'BL' -> 2012; incl. French Guiana 'GF', Guadeloupe 'GP', Martinique 'MQ', Réunion 'RE' from 1997; incl. Mayotte 'YT' from 2014)",SG,Singapore,850710,"Lead-acid accumulators of a kind used for starting piston engine ""starter batteries"" (excl. spent)",1,IMPORT,VALUE_EUR,VALUE_EUR,2010,,46036,
dataflow,ESTAT:DS-059341(1.0),International trade of EU and non-EU countries since 2002 by HS2-4-6,A,Annual,FR,"France (incl. Saint Barthélemy 'BL' -> 2012; incl. French Guiana 'GF', Guadeloupe 'GP', Martinique 'MQ', Réunion 'RE' from 1997; incl. Mayotte 'YT' from 2014)",SG,Singapore,850710,"Lead-acid accumulators of a kind used for starting piston engine ""starter batteries"" (excl. spent)",1,IMPORT,VALUE_EUR,VALUE_EUR,2011,,666,
dataflow,ESTAT:DS-059341(1.0),International trade of EU and non-EU countries since 2002 by HS2-4-6,A,Annual,FR,"France (incl. Saint Barthélemy 'BL' -> 2012; incl. French Guiana 'GF', Guadeloupe 'GP', Martinique 'MQ', Réunion 'RE' from 1997; incl. Mayotte 'YT' from 2014)",SG,Singapore,850710,"Lead-acid accumulators of a kind used for starting piston engine ""starter batteries"" (excl. spent)",1,IMPORT,VALUE_EUR,VALUE_EUR,2012,,270,
dataflow,ESTAT:DS-059341(1.0),International trade of EU and non-EU countries since 2002 by HS2-4-6,A,Annual,FR,"France (incl. Saint Barthélemy 'BL' -> 2012; incl. French Guiana 'GF', Guadeloupe 'GP', Martinique 'MQ', Réunion 'RE' from 1997; incl. Mayotte 'YT' from 2014)",SG,Singapore,850710,"Lead-acid accumulators of a kind used for starting piston engine ""starter batteries"" (excl. spent)",1,IMPORT,VALUE_EUR,VALUE_EUR,2013,,798,
dataflow,ESTAT:DS-059341(1.0),International trade of EU and non-EU countries since 2002 by HS2-4-6,A,Annual,FR,"France (incl. Saint Barthélemy 'BL' -> 2012; incl. French Guiana 'GF', Guadeloupe 'GP', Martinique 'MQ', Réunion 'RE' from 1997; incl. Mayotte 'YT' from 2014)",SG,Singapore,850710,"Lead-acid accumulators of a kind used for starting piston engine ""starter batteries"" (excl. spent)",1,IMPORT,VALUE_EUR,VALUE_EUR,2014,,403,
dataflow,ESTAT:DS-059341(1.0),International trade of EU and non-EU countries since 2002 by HS2-4-6,A,Annual,FR,"France (incl. Saint Barthélemy 'BL' -> 2012; incl. French Guiana 'GF', Guadeloupe 'GP', Martinique 'MQ', Réunion 'RE' from 1997; incl. Mayotte 'YT' from 2014)",SG,Singapore,850710,"Lead-acid accumulators of a kind used for starting piston engine ""starter batteries"" (excl. spent)",1,IMPORT,VALUE_EUR,VALUE_EUR,2018,,2877,
dataflow,ESTAT:DS-059341(1.0),International trade of EU and non-EU countries since 2002 by HS2-4-6,A,Annual,FR,"France (incl. Saint Barthélemy 'BL' -> 2012; incl. French Guiana 'GF', Guadeloupe 'GP', Martinique 'MQ', Réunion 'RE' from 1997; incl. Mayotte 'YT' from 2014)",SG,Singapore,850710,"Lead-acid accumulators of a kind used for starting piston engine ""starter batteries"" (excl. spent)",1,IMPORT,VALUE_EUR,VALUE_EUR,2019,,15057,
dataflow,ESTAT:DS-059341(1.0),International trade of EU and non-EU countries since 2002 by HS2-4-6,A,Annual,FR,"France (incl. Saint Barthélemy 'BL' -> 2012; incl. French Guiana 'GF', Guadeloupe 'GP', Martinique 'MQ', Réunion 'RE' from 1997; incl. Mayotte 'YT' from 2014)",SG,Singapore,850710,"Lead-acid accumulators of a kind used for starting piston engine ""starter batteries"" (excl. spent)",1,IMPORT,VALUE_EUR,VALUE_EUR,2020,,103,
dataflow,ESTAT:DS-059341(1.0),International trade of EU and non-EU countries since 2002 by HS2-4-6,A,Annual,FR,"France (incl. Saint Barthélemy 'BL' -> 2012; incl. French Guiana 'GF', Guadeloupe 'GP', Martinique 'MQ', Réunion 'RE' from 1997; incl. Mayotte 'YT' from 2014)",SG,Singapore,850710,"Lead-acid accumulators of a kind used for starting piston engine ""starter batteries"" (excl. spent)",1,IMPORT,VALUE_EUR,VALUE_EUR,2021,,60243,
dataflow,ESTAT:DS-059341(1.0),International trade of EU and non-EU countries since 2002 by HS2-4-6,A,Annual,FR,"France (incl. Saint Barthélemy 'BL' -> 2012; incl. French Guiana 'GF', Guadeloupe 'GP', Martinique 'MQ', Réunion 'RE' from 1997; incl. Mayotte 'YT' from 2014)",SG,Singapore,850710,"Lead-acid accumulators of a kind used for starting piston engine ""starter batteries"" (excl. spent)",1,IMPORT,VALUE_EUR,VALUE_EUR,2022,,68,
dataflow,ESTAT:DS-059341(1.0),International trade of EU and non-EU countries since 2002 by HS2-4-6,A,Annual,FR,"France (incl. Saint Barthélemy 'BL' -> 2012; incl. French Guiana 'GF', Guadeloupe 'GP', Martinique 'MQ', Réunion 'RE' from 1997; incl. Mayotte 'YT' from 2014)",SG,Singapore,850710,"Lead-acid accumulators of a kind used for starting piston engine ""starter batteries"" (excl. spent)",1,IMPORT,VALUE_EUR,VALUE_EUR,2024,,418,
dataflow,ESTAT:DS-059341(1.0),International trade of EU and non-EU countries since 2002 by HS2-4-6,A,Annual,FR,"France (incl. Saint Barthélemy 'BL' -> 2012; incl. French Guiana 'GF', Guadeloupe 'GP', Martinique 'MQ', Réunion 'RE' from 1997; incl. Mayotte 'YT' from 2014)",SG,Singapore,850710,"Lead-acid accumulators of a kind used for starting piston engine ""starter batteries"" (excl. spent)",2,EXPORT,VALUE_EUR,VALUE_EUR,2002,,180236,
dataflow,ESTAT:DS-059341(1.0),International trade of EU and non-EU countries since 2002 by HS2-4-6,A,Annual,FR,"France (incl. Saint Barthélemy 'BL' -> 2012; incl. French Guiana 'GF', Guadeloupe 'GP', Martinique 'MQ', Réunion 'RE' from 1997; incl. Mayotte 'YT' from 2014)",SG,Singapore,850710,"Lead-acid accumulators of a kind used for starting piston engine ""starter batteries"" (excl. spent)",2,EXPORT,VALUE_EUR,VALUE_EUR,2003,,182187,
dataflow,ESTAT:DS-059341(1.0),International trade of EU and non-EU countries since 2002 by HS2-4-6,A,Annual,FR,"France (incl. Saint Barthélemy 'BL' -> 2012; incl. French Guiana 'GF', Guadeloupe 'GP', Martinique 'MQ', Réunion 'RE' from 1997; incl. Mayotte 'YT' from 2014)",SG,Singapore,850710,"Lead-acid accumulators of a kind used for starting piston engine ""starter batteries"" (excl. spent)",2,EXPORT,VALUE_EUR,VALUE_EUR,2004,,11884,
dataflow,ESTAT:DS-059341(1.0),International trade of EU and non-EU countries since 2002 by HS2-4-6,A,Annual,FR,"France (incl. Saint Barthélemy 'BL' -> 2012; incl. French Guiana 'GF', Guadeloupe 'GP', Martinique 'MQ', Réunion 'RE' from 1997; incl. Mayotte 'YT' from 2014)",SG,Singapore,850710,"Lead-acid accumulators of a kind used for starting piston engine ""starter batteries"" (excl. spent)",2,EXPORT,VALUE_EUR,VALUE_EUR,2005,,146588,
dataflow,ESTAT:DS-059341(1.0),International trade of EU and non-EU countries since 2002 by HS2-4-6,A,Annual,FR,"France (incl. Saint Barthélemy 'BL' -> 2012; incl. French Guiana 'GF', Guadeloupe 'GP', Martinique 'MQ', Réunion 'RE' from 1997; incl. Mayotte 'YT' from 2014)",SG,Singapore,850710,"Lead-acid accumulators of a kind used for starting piston engine ""starter batteries"" (excl. spent)",2,EXPORT,VALUE_EUR,VALUE_EUR,2006,,75301,
dataflow,ESTAT:DS-059341(1.0),International trade of EU and non-EU countries since 2002 by HS2-4-6,A,Annual,FR,"France (incl. Saint Barthélemy 'BL' -> 2012; incl. French Guiana 'GF', Guadeloupe 'GP', Martinique 'MQ', Réunion 'RE' from 1997; incl. Mayotte 'YT' from 2014)",SG,Singapore,850710,"Lead-acid accumulators of a kind used for starting piston engine ""starter batteries"" (excl. spent)",2,EXPORT,VALUE_EUR,VALUE_EUR,2007,,136156,
dataflow,ESTAT:DS-059341(1.0),International trade of EU and non-EU countries since 2002 by HS2-4-6,A,Annual,FR,"France (incl. Saint Barthélemy 'BL' -> 2012; incl. French Guiana 'GF', Guadeloupe 'GP', Martinique 'MQ', Réunion 'RE' from 1997; incl. Mayotte 'YT' from 2014)",SG,Singapore,850710,"Lead-acid accumulators of a kind used for starting piston engine ""starter batteries"" (excl. spent)",2,EXPORT,VALUE_EUR,VALUE_EUR,2008,,233323,
dataflow,ESTAT:DS-059341(1.0),International trade of EU and non-EU countries since 2002 by HS2-4-6,A,Annual,FR,"France (incl. Saint Barthélemy 'BL' -> 2012; incl. French Guiana 'GF', Guadeloupe 'GP', Martinique 'MQ', Réunion 'RE' from 1997; incl. Mayotte 'YT' from 2014)",SG,Singapore,850710,"Lead-acid accumulators of a kind used for starting piston engine ""starter batteries"" (excl. spent)",2,EXPORT,VALUE_EUR,VALUE_EUR,2009,,173117,
dataflow,ESTAT:DS-059341(1.0),International trade of EU and non-EU countries since 2002 by HS2-4-6,A,Annual,FR,"France (incl. Saint Barthélemy 'BL' -> 2012; incl. French Guiana 'GF', Guadeloupe 'GP', Martinique 'MQ', Réunion 'RE' from 1997; incl. Mayotte 'YT' from 2014)",SG,Singapore,850710,"Lead-acid accumulators of a kind used for starting piston engine ""starter batteries"" (excl. spent)",2,EXPORT,VALUE_EUR,VALUE_EUR,2010,,317031,
dataflow,ESTAT:DS-059341(1.0),International trade of EU and non-EU countries since 2002 by HS2-4-6,A,Annual,FR,"France (incl. Saint Barthélemy 'BL' -> 2012; incl. French Guiana 'GF', Guadeloupe 'GP', Martinique 'MQ', Réunion 'RE' from 1997; incl. Mayotte 'YT' from 2014)",SG,Singapore,850710,"Lead-acid accumulators of a kind used for starting piston engine ""starter batteries"" (excl. spent)",2,EXPORT,VALUE_EUR,VALUE_EUR,2011,,246613,
dataflow,ESTAT:DS-059341(1.0),International trade of EU and non-EU countries since 2002 by HS2-4-6,A,Annual,FR,"France (incl. Saint Barthélemy 'BL' -> 2012; incl. French Guiana 'GF', Guadeloupe 'GP', Martinique 'MQ', Réunion 'RE' from 1997; incl. Mayotte 'YT' from 2014)",SG,Singapore,850710,"Lead-acid accumulators of a kind used for starting piston engine ""starter batteries"" (excl. spent)",2,EXPORT,VALUE_EUR,VALUE_EUR,2012,,133407,
dataflow,ESTAT:DS-059341(1.0),International trade of EU and non-EU countries since 2002 by HS2-4-6,A,Annual,FR,"France (incl. Saint Barthélemy 'BL' -> 2012; incl. French Guiana 'GF', Guadeloupe 'GP', Martinique 'MQ', Réunion 'RE' from 1997; incl. Mayotte 'YT' from 2014)",SG,Singapore,850710,"Lead-acid accumulators of a kind used for starting piston engine ""starter batteries"" (excl. spent)",2,EXPORT,VALUE_EUR,VALUE_EUR,2013,,210285,
dataflow,ESTAT:DS-059341(1.0),International trade of EU and non-EU countries since 2002 by HS2-4-6,A,Annual,FR,"France (incl. Saint Barthélemy 'BL' -> 2012; incl. French Guiana 'GF', Guadeloupe 'GP', Martinique 'MQ', Réunion 'RE' from 1997; incl. Mayotte 'YT' from 2014)",SG,Singapore,850710,"Lead-acid accumulators of a kind used for starting piston engine ""starter batteries"" (excl. spent)",2,EXPORT,VALUE_EUR,VALUE_EUR,2014,,385874,
dataflow,ESTAT:DS-059341(1.0),International trade of EU and non-EU countries since 2002 by HS2-4-6,A,Annual,FR,"France (incl. Saint Barthélemy 'BL' -> 2012; incl. French Guiana 'GF', Guadeloupe 'GP', Martinique 'MQ', Réunion 'RE' from 1997; incl. Mayotte 'YT' from 2014)",SG,Singapore,850710,"Lead-acid accumulators of a kind used for starting piston engine ""starter batteries"" (excl. spent)",2,EXPORT,VALUE_EUR,VALUE_EUR,2015,,1468976,
dataflow,ESTAT:DS-059341(1.0),International trade of EU and non-EU countries since 2002 by HS2-4-6,A,Annual,FR,"France (incl. Saint Barthélemy 'BL' -> 2012; incl. French Guiana 'GF', Guadeloupe 'GP', Martinique 'MQ', Réunion 'RE' from 1997; incl. Mayotte 'YT' from 2014)",SG,Singapore,850710,"Lead-acid accumulators of a kind used for starting piston engine ""starter batteries"" (excl. spent)",2,EXPORT,VALUE_EUR,VALUE_EUR,2016,,237587,
dataflow,ESTAT:DS-059341(1.0),International trade of EU and non-EU countries since 2002 by HS2-4-6,A,Annual,FR,"France (incl. Saint Barthélemy 'BL' -> 2012; incl. French Guiana 'GF', Guadeloupe 'GP', Martinique 'MQ', Réunion 'RE' from 1997; incl. Mayotte 'YT' from 2014)",SG,Singapore,850710,"Lead-acid accumulators of a kind used for starting piston engine ""starter batteries"" (excl. spent)",2,EXPORT,VALUE_EUR,VALUE_EUR,2017,,301424,
dataflow,ESTAT:DS-059341(1.0),International trade of EU and non-EU countries since 2002 by HS2-4-6,A,Annual,FR,"France (incl. Saint Barthélemy 'BL' -> 2012; incl. French Guiana 'GF', Guadeloupe 'GP', Martinique 'MQ', Réunion 'RE' from 1997; incl. Mayotte 'YT' from 2014)",SG,Singapore,850710,"Lead-acid accumulators of a kind used for starting piston engine ""starter batteries"" (excl. spent)",2,EXPORT,VALUE_EUR,VALUE_EUR,2018,,339227,
dataflow,ESTAT:DS-059341(1.0),International trade of EU and non-EU countries since 2002 by HS2-4-6,A,Annual,FR,"France (incl. Saint Barthélemy 'BL' -> 2012; incl. French Guiana 'GF', Guadeloupe 'GP', Martinique 'MQ', Réunion 'RE' from 1997; incl. Mayotte 'YT' from 2014)",SG,Singapore,850710,"Lead-acid accumulators of a kind used for starting piston engine ""starter batteries"" (excl. spent)",2,EXPORT,VALUE_EUR,VALUE_EUR,2019,,361236,
dataflow,ESTAT:DS-059341(1.0),International trade of EU and non-EU countries since 2002 by HS2-4-6,A,Annual,FR,"France (incl. Saint Barthélemy 'BL' -> 2012; incl. French Guiana 'GF', Guadeloupe 'GP', Martinique 'MQ', Réunion 'RE' from 1997; incl. Mayotte 'YT' from 2014)",SG,Singapore,850710,"Lead-acid accumulators of a kind used for starting piston engine ""starter batteries"" (excl. spent)",2,EXPORT,VALUE_EUR,VALUE_EUR,2020,,286178,
dataflow,ESTAT:DS-059341(1.0),International trade of EU and non-EU countries since 2002 by HS2-4-6,A,Annual,FR,"France (incl. Saint Barthélemy 'BL' -> 2012; incl. French Guiana 'GF', Guadeloupe 'GP', Martinique 'MQ', Réunion 'RE' from 1997; incl. Mayotte 'YT' from 2014)",SG,Singapore,850710,"Lead-acid accumulators of a kind used for starting piston engine ""starter batteries"" (excl. spent)",2,EXPORT,VALUE_EUR,VALUE_EUR,2021,,303221,
dataflow,ESTAT:DS-059341(1.0),International trade of EU and non-EU countries since 2002 by HS2-4-6,A,Annual,FR,"France (incl. Saint Barthélemy 'BL' -> 2012; incl. French Guiana 'GF', Guadeloupe 'GP', Martinique 'MQ', Réunion 'RE' from 1997; incl. Mayotte 'YT' from 2014)",SG,Singapore,850710,"Lead-acid accumulators of a kind used for starting piston engine ""starter batteries"" (excl. spent)",2,EXPORT,VALUE_EUR,VALUE_EUR,2022,,293721,
dataflow,ESTAT:DS-059341(1.0),International trade of EU and non-EU countries since 2002 by HS2-4-6,A,Annual,FR,"France (incl. Saint Barthélemy 'BL' -> 2012; incl. French Guiana 'GF', Guadeloupe 'GP', Martinique 'MQ', Réunion 'RE' from 1997; incl. Mayotte 'YT' from 2014)",SG,Singapore,850710,"Lead-acid accumulators of a kind used for starting piston engine ""starter batteries"" (excl. spent)",2,EXPORT,VALUE_EUR,VALUE_EUR,2023,,647968,
dataflow,ESTAT:DS-059341(1.0),International trade of EU and non-EU countries since 2002 by HS2-4-6,A,Annual,FR,"France (incl. Saint Barthélemy 'BL' -> 2012; incl. French Guiana 'GF', Guadeloupe 'GP', Martinique 'MQ', Réunion 'RE' from 1997; incl. Mayotte 'YT' from 2014)",SG,Singapore,850710,"Lead-acid accumulators of a kind used for starting piston engine ""starter batteries"" (excl. spent)",2,EXPORT,VALUE_EUR,VALUE_EUR,2024,,2826580,
dataflow,ESTAT:DS-059341(1.0),International trade of EU and non-EU countries since 2002 by HS2-4-6,A,Annual,FR,"France (incl. Saint Barthélemy 'BL' -> 2012; incl. French Guiana 'GF', Guadeloupe 'GP', Martinique 'MQ', Réunion 'RE' from 1997; incl. Mayotte 'YT' from 2014)",SG,Singapore,850720,Lead acid accumulators (excl. spent and starter batteries),1,IMPORT,VALUE_EUR,VALUE_EUR,2002,,4109,
dataflow,ESTAT:DS-059341(1.0),International trade of EU and non-EU countries since 2002 by HS2-4-6,A,Annual,FR,"France (incl. Saint Barthélemy 'BL' -> 2012; incl. French Guiana 'GF', Guadeloupe 'GP', Martinique 'MQ', Réunion 'RE' from 1997; incl. Mayotte 'YT' from 2014)",SG,Singapore,850720,Lead acid accumulators (excl. spent and starter batteries),1,IMPORT,VALUE_EUR,VALUE_EUR,2003,,3521,
dataflow,ESTAT:DS-059341(1.0),International trade of EU and non-EU countries since 2002 by HS2-4-6,A,Annual,FR,"France (incl. Saint Barthélemy 'BL' -> 2012; incl. French Guiana 'GF', Guadeloupe 'GP', Martinique 'MQ', Réunion 'RE' from 1997; incl. Mayotte 'YT' from 2014)",SG,Singapore,850720,Lead acid accumulators (excl. spent and starter batteries),1,IMPORT,VALUE_EUR,VALUE_EUR,2004,,62451,
dataflow,ESTAT:DS-059341(1.0),International trade of EU and non-EU countries since 2002 by HS2-4-6,A,Annual,FR,"France (incl. Saint Barthélemy 'BL' -> 2012; incl. French Guiana 'GF', Guadeloupe 'GP', Martinique 'MQ', Réunion 'RE' from 1997; incl. Mayotte 'YT' from 2014)",SG,Singapore,850720,Lead acid accumulators (excl. spent and starter batteries),1,IMPORT,VALUE_EUR,VALUE_EUR,2006,,1254,
dataflow,ESTAT:DS-059341(1.0),International trade of EU and non-EU countries since 2002 by HS2-4-6,A,Annual,FR,"France (incl. Saint Barthélemy 'BL' -> 2012; incl. French Guiana 'GF', Guadeloupe 'GP', Martinique 'MQ', Réunion 'RE' from 1997; incl. Mayotte 'YT' from 2014)",SG,Singapore,850720,Lead acid accumulators (excl. spent and starter batteries),1,IMPORT,VALUE_EUR,VALUE_EUR,2008,,1467,
dataflow,ESTAT:DS-059341(1.0),International trade of EU and non-EU countries since 2002 by HS2-4-6,A,Annual,FR,"France (incl. Saint Barthélemy 'BL' -> 2012; incl. French Guiana 'GF', Guadeloupe 'GP', Martinique 'MQ', Réunion 'RE' from 1997; incl. Mayotte 'YT' from 2014)",SG,Singapore,850720,Lead acid accumulators (excl. spent and starter batteries),1,IMPORT,VALUE_EUR,VALUE_EUR,2009,,1000,
dataflow,ESTAT:DS-059341(1.0),International trade of EU and non-EU countries since 2002 by HS2-4-6,A,Annual,FR,"France (incl. Saint Barthélemy 'BL' -> 2012; incl. French Guiana 'GF', Guadeloupe 'GP', Martinique 'MQ', Réunion 'RE' from 1997; incl. Mayotte 'YT' from 2014)",SG,Singapore,850720,Lead acid accumulators (excl. spent and starter batteries),1,IMPORT,VALUE_EUR,VALUE_EUR,2010,,23142,
dataflow,ESTAT:DS-059341(1.0),International trade of EU and non-EU countries since 2002 by HS2-4-6,A,Annual,FR,"France (incl. Saint Barthélemy 'BL' -> 2012; incl. French Guiana 'GF', Guadeloupe 'GP', Martinique 'MQ', Réunion 'RE' from 1997; incl. Mayotte 'YT' from 2014)",SG,Singapore,850720,Lead acid accumulators (excl. spent and starter batteries),1,IMPORT,VALUE_EUR,VALUE_EUR,2011,,313043,
dataflow,ESTAT:DS-059341(1.0),International trade of EU and non-EU countries since 2002 by HS2-4-6,A,Annual,FR,"France (incl. Saint Barthélemy 'BL' -> 2012; incl. French Guiana 'GF', Guadeloupe 'GP', Martinique 'MQ', Réunion 'RE' from 1997; incl. Mayotte 'YT' from 2014)",SG,Singapore,850720,Lead acid accumulators (excl. spent and starter batteries),1,IMPORT,VALUE_EUR,VALUE_EUR,2012,,52743,
dataflow,ESTAT:DS-059341(1.0),International trade of EU and non-EU countries since 2002 by HS2-4-6,A,Annual,FR,"France (incl. Saint Barthélemy 'BL' -> 2012; incl. French Guiana 'GF', Guadeloupe 'GP', Martinique 'MQ', Réunion 'RE' from 1997; incl. Mayotte 'YT' from 2014)",SG,Singapore,850720,Lead acid accumulators (excl. spent and starter batteries),1,IMPORT,VALUE_EUR,VALUE_EUR,2013,,133073,
dataflow,ESTAT:DS-059341(1.0),International trade of EU and non-EU countries since 2002 by HS2-4-6,A,Annual,FR,"France (incl. Saint Barthélemy 'BL' -> 2012; incl. French Guiana 'GF', Guadeloupe 'GP', Martinique 'MQ', Réunion 'RE' from 1997; incl. Mayotte 'YT' from 2014)",SG,Singapore,850720,Lead acid accumulators (excl. spent and starter batteries),1,IMPORT,VALUE_EUR,VALUE_EUR,2014,,36187,
dataflow,ESTAT:DS-059341(1.0),International trade of EU and non-EU countries since 2002 by HS2-4-6,A,Annual,FR,"France (incl. Saint Barthélemy 'BL' -> 2012; incl. French Guiana 'GF', Guadeloupe 'GP', Martinique 'MQ', Réunion 'RE' from 1997; incl. Mayotte 'YT' from 2014)",SG,Singapore,850720,Lead acid accumulators (excl. spent and starter batteries),1,IMPORT,VALUE_EUR,VALUE_EUR,2015,,176051,
dataflow,ESTAT:DS-059341(1.0),International trade of EU and non-EU countries since 2002 by HS2-4-6,A,Annual,FR,"France (incl. Saint Barthélemy 'BL' -> 2012; incl. French Guiana 'GF', Guadeloupe 'GP', Martinique 'MQ', Réunion 'RE' from 1997; incl. Mayotte 'YT' from 2014)",SG,Singapore,850720,Lead acid accumulators (excl. spent and starter batteries),1,IMPORT,VALUE_EUR,VALUE_EUR,2016,,168312,
dataflow,ESTAT:DS-059341(1.0),International trade of EU and non-EU countries since 2002 by HS2-4-6,A,Annual,FR,"France (incl. Saint Barthélemy 'BL' -> 2012; incl. French Guiana 'GF', Guadeloupe 'GP', Martinique 'MQ', Réunion 'RE' from 1997; incl. Mayotte 'YT' from 2014)",SG,Singapore,850720,Lead acid accumulators (excl. spent and starter batteries),1,IMPORT,VALUE_EUR,VALUE_EUR,2017,,232134,
dataflow,ESTAT:DS-059341(1.0),International trade of EU and non-EU countries since 2002 by HS2-4-6,A,Annual,FR,"France (incl. Saint Barthélemy 'BL' -> 2012; incl. French Guiana 'GF', Guadeloupe 'GP', Martinique 'MQ', Réunion 'RE' from 1997; incl. Mayotte 'YT' from 2014)",SG,Singapore,850720,Lead acid accumulators (excl. spent and starter batteries),1,IMPORT,VALUE_EUR,VALUE_EUR,2018,,5964,
dataflow,ESTAT:DS-059341(1.0),International trade of EU and non-EU countries since 2002 by HS2-4-6,A,Annual,FR,"France (incl. Saint Barthélemy 'BL' -> 2012; incl. French Guiana 'GF', Guadeloupe 'GP', Martinique 'MQ', Réunion 'RE' from 1997; incl. Mayotte 'YT' from 2014)",SG,Singapore,850720,Lead acid accumulators (excl. spent and starter batteries),1,IMPORT,VALUE_EUR,VALUE_EUR,2019,,8248,
dataflow,ESTAT:DS-059341(1.0),International trade of EU and non-EU countries since 2002 by HS2-4-6,A,Annual,FR,"France (incl. Saint Barthélemy 'BL' -> 2012; incl. French Guiana 'GF', Guadeloupe 'GP', Martinique 'MQ', Réunion 'RE' from 1997; incl. Mayotte 'YT' from 2014)",SG,Singapore,850720,Lead acid accumulators (excl. spent and starter batteries),1,IMPORT,VALUE_EUR,VALUE_EUR,2020,,39193,
dataflow,ESTAT:DS-059341(1.0),International trade of EU and non-EU countries since 2002 by HS2-4-6,A,Annual,FR,"France (incl. Saint Barthélemy 'BL' -> 2012; incl. French Guiana 'GF', Guadeloupe 'GP', Martinique 'MQ', Réunion 'RE' from 1997; incl. Mayotte 'YT' from 2014)",SG,Singapore,850720,Lead acid accumulators (excl. spent and starter batteries),1,IMPORT,VALUE_EUR,VALUE_EUR,2021,,119428,
dataflow,ESTAT:DS-059341(1.0),International trade of EU and non-EU countries since 2002 by HS2-4-6,A,Annual,FR,"France (incl. Saint Barthélemy 'BL' -> 2012; incl. French Guiana 'GF', Guadeloupe 'GP', Martinique 'MQ', Réunion 'RE' from 1997; incl. Mayotte 'YT' from 2014)",SG,Singapore,850720,Lead acid accumulators (excl. spent and starter batteries),1,IMPORT,VALUE_EUR,VALUE_EUR,2022,,156238,
dataflow,ESTAT:DS-059341(1.0),International trade of EU and non-EU countries since 2002 by HS2-4-6,A,Annual,FR,"France (incl. Saint Barthélemy 'BL' -> 2012; incl. French Guiana 'GF', Guadeloupe 'GP', Martinique 'MQ', Réunion 'RE' from 1997; incl. Mayotte 'YT' from 2014)",SG,Singapore,850720,Lead acid accumulators (excl. spent and starter batteries),1,IMPORT,VALUE_EUR,VALUE_EUR,2023,,106747,
dataflow,ESTAT:DS-059341(1.0),International trade of EU and non-EU countries since 2002 by HS2-4-6,A,Annual,FR,"France (incl. Saint Barthélemy 'BL' -> 2012; incl. French Guiana 'GF', Guadeloupe 'GP', Martinique 'MQ', Réunion 'RE' from 1997; incl. Mayotte 'YT' from 2014)",SG,Singapore,850720,Lead acid accumulators (excl. spent and starter batteries),1,IMPORT,VALUE_EUR,VALUE_EUR,2024,,8471,
dataflow,ESTAT:DS-059341(1.0),International trade of EU and non-EU countries since 2002 by HS2-4-6,A,Annual,FR,"France (incl. Saint Barthélemy 'BL' -> 2012; incl. French Guiana 'GF', Guadeloupe 'GP', Martinique 'MQ', Réunion 'RE' from 1997; incl. Mayotte 'YT' from 2014)",SG,Singapore,850720,Lead acid accumulators (excl. spent and starter batteries),2,EXPORT,VALUE_EUR,VALUE_EUR,2002,,967408,
dataflow,ESTAT:DS-059341(1.0),International trade of EU and non-EU countries since 2002 by HS2-4-6,A,Annual,FR,"France (incl. Saint Barthélemy 'BL' -> 2012; incl. French Guiana 'GF', Guadeloupe 'GP', Martinique 'MQ', Réunion 'RE' from 1997; incl. Mayotte 'YT' from 2014)",SG,Singapore,850720,Lead acid accumulators (excl. spent and starter batteries),2,EXPORT,VALUE_EUR,VALUE_EUR,2003,,1455329,
dataflow,ESTAT:DS-059341(1.0),International trade of EU and non-EU countries since 2002 by HS2-4-6,A,Annual,FR,"France (incl. Saint Barthélemy 'BL' -> 2012; incl. French Guiana 'GF', Guadeloupe 'GP', Martinique 'MQ', Réunion 'RE' from 1997; incl. Mayotte 'YT' from 2014)",SG,Singapore,850720,Lead acid accumulators (excl. spent and starter batteries),2,EXPORT,VALUE_EUR,VALUE_EUR,2004,,678066,
dataflow,ESTAT:DS-059341(1.0),International trade of EU and non-EU countries since 2002 by HS2-4-6,A,Annual,FR,"France (incl. Saint Barthélemy 'BL' -> 2012; incl. French Guiana 'GF', Guadeloupe 'GP', Martinique 'MQ', Réunion 'RE' from 1997; incl. Mayotte 'YT' from 2014)",SG,Singapore,850720,Lead acid accumulators (excl. spent and starter batteries),2,EXPORT,VALUE_EUR,VALUE_EUR,2005,,860804,
dataflow,ESTAT:DS-059341(1.0),International trade of EU and non-EU countries since 2002 by HS2-4-6,A,Annual,FR,"France (incl. Saint Barthélemy 'BL' -> 2012; incl. French Guiana 'GF', Guadeloupe 'GP', Martinique 'MQ', Réunion 'RE' from 1997; incl. Mayotte 'YT' from 2014)",SG,Singapore,850720,Lead acid accumulators (excl. spent and starter batteries),2,EXPORT,VALUE_EUR,VALUE_EUR,2006,,452548,
dataflow,ESTAT:DS-059341(1.0),International trade of EU and non-EU countries since 2002 by HS2-4-6,A,Annual,FR,"France (incl. Saint Barthélemy 'BL' -> 2012; incl. French Guiana 'GF', Guadeloupe 'GP', Martinique 'MQ', Réunion 'RE' from 1997; incl. Mayotte 'YT' from 2014)",SG,Singapore,850720,Lead acid accumulators (excl. spent and starter batteries),2,EXPORT,VALUE_EUR,VALUE_EUR,2007,,497097,
dataflow,ESTAT:DS-059341(1.0),International trade of EU and non-EU countries since 2002 by HS2-4-6,A,Annual,FR,"France (incl. Saint Barthélemy 'BL' -> 2012; incl. French Guiana 'GF', Guadeloupe 'GP', Martinique 'MQ', Réunion 'RE' from 1997; incl. Mayotte 'YT' from 2014)",SG,Singapore,850720,Lead acid accumulators (excl. spent and starter batteries),2,EXPORT,VALUE_EUR,VALUE_EUR,2008,,704316,
dataflow,ESTAT:DS-059341(1.0),International trade of EU and non-EU countries since 2002 by HS2-4-6,A,Annual,FR,"France (incl. Saint Barthélemy 'BL' -> 2012; incl. French Guiana 'GF', Guadeloupe 'GP', Martinique 'MQ', Réunion 'RE' from 1997; incl. Mayotte 'YT' from 2014)",SG,Singapore,850720,Lead acid accumulators (excl. spent and starter batteries),2,EXPORT,VALUE_EUR,VALUE_EUR,2009,,297487,
dataflow,ESTAT:DS-059341(1.0),International trade of EU and non-EU countries since 2002 by HS2-4-6,A,Annual,FR,"France (incl. Saint Barthélemy 'BL' -> 2012; incl. French Guiana 'GF', Guadeloupe 'GP', Martinique 'MQ', Réunion 'RE' from 1997; incl. Mayotte 'YT' from 2014)",SG,Singapore,850720,Lead acid accumulators (excl. spent and starter batteries),2,EXPORT,VALUE_EUR,VALUE_EUR,2010,,489952,
dataflow,ESTAT:DS-059341(1.0),International trade of EU and non-EU countries since 2002 by HS2-4-6,A,Annual,FR,"France (incl. Saint Barthélemy 'BL' -> 2012; incl. French Guiana 'GF', Guadeloupe 'GP', Martinique 'MQ', Réunion 'RE' from 1997; incl. Mayotte 'YT' from 2014)",SG,Singapore,850720,Lead acid accumulators (excl. spent and starter batteries),2,EXPORT,VALUE_EUR,VALUE_EUR,2011,,487025,
dataflow,ESTAT:DS-059341(1.0),International trade of EU and non-EU countries since 2002 by HS2-4-6,A,Annual,FR,"France (incl. Saint Barthélemy 'BL' -> 2012; incl. French Guiana 'GF', Guadeloupe 'GP', Martinique 'MQ', Réunion 'RE' from 1997; incl. Mayotte 'YT' from 2014)",SG,Singapore,850720,Lead acid accumulators (excl. spent and starter batteries),2,EXPORT,VALUE_EUR,VALUE_EUR,2012,,843421,
dataflow,ESTAT:DS-059341(1.0),International trade of EU and non-EU countries since 2002 by HS2-4-6,A,Annual,FR,"France (incl. Saint Barthélemy 'BL' -> 2012; incl. French Guiana 'GF', Guadeloupe 'GP', Martinique 'MQ', Réunion 'RE' from 1997; incl. Mayotte 'YT' from 2014)",SG,Singapore,850720,Lead acid accumulators (excl. spent and starter batteries),2,EXPORT,VALUE_EUR,VALUE_EUR,2013,,665199,
dataflow,ESTAT:DS-059341(1.0),International trade of EU and non-EU countries since 2002 by HS2-4-6,A,Annual,FR,"France (incl. Saint Barthélemy 'BL' -> 2012; incl. French Guiana 'GF', Guadeloupe 'GP', Martinique 'MQ', Réunion 'RE' from 1997; incl. Mayotte 'YT' from 2014)",SG,Singapore,850720,Lead acid accumulators (excl. spent and starter batteries),2,EXPORT,VALUE_EUR,VALUE_EUR,2014,,483588,
dataflow,ESTAT:DS-059341(1.0),International trade of EU and non-EU countries since 2002 by HS2-4-6,A,Annual,FR,"France (incl. Saint Barthélemy 'BL' -> 2012; incl. French Guiana 'GF', Guadeloupe 'GP', Martinique 'MQ', Réunion 'RE' from 1997; incl. Mayotte 'YT' from 2014)",SG,Singapore,850720,Lead acid accumulators (excl. spent and starter batteries),2,EXPORT,VALUE_EUR,VALUE_EUR,2015,,1083363,
dataflow,ESTAT:DS-059341(1.0),International trade of EU and non-EU countries since 2002 by HS2-4-6,A,Annual,FR,"France (incl. Saint Barthélemy 'BL' -> 2012; incl. French Guiana 'GF', Guadeloupe 'GP', Martinique 'MQ', Réunion 'RE' from 1997; incl. Mayotte 'YT' from 2014)",SG,Singapore,850720,Lead acid accumulators (excl. spent and starter batteries),2,EXPORT,VALUE_EUR,VALUE_EUR,2016,,1481003,
dataflow,ESTAT:DS-059341(1.0),International trade of EU and non-EU countries since 2002 by HS2-4-6,A,Annual,FR,"France (incl. Saint Barthélemy 'BL' -> 2012; incl. French Guiana 'GF', Guadeloupe 'GP', Martinique 'MQ', Réunion 'RE' from 1997; incl. Mayotte 'YT' from 2014)",SG,Singapore,850720,Lead acid accumulators (excl. spent and starter batteries),2,EXPORT,VALUE_EUR,VALUE_EUR,2017,,2432345,
dataflow,ESTAT:DS-059341(1.0),International trade of EU and non-EU countries since 2002 by HS2-4-6,A,Annual,FR,"France (incl. Saint Barthélemy 'BL' -> 2012; incl. French Guiana 'GF', Guadeloupe 'GP', Martinique 'MQ', Réunion 'RE' from 1997; incl. Mayotte 'YT' from 2014)",SG,Singapore,850720,Lead acid accumulators (excl. spent and starter batteries),2,EXPORT,VALUE_EUR,VALUE_EUR,2018,,1599762,
dataflow,ESTAT:DS-059341(1.0),International trade of EU and non-EU countries since 2002 by HS2-4-6,A,Annual,FR,"France (incl. Saint Barthélemy 'BL' -> 2012; incl. French Guiana 'GF', Guadeloupe 'GP', Martinique 'MQ', Réunion 'RE' from 1997; incl. Mayotte 'YT' from 2014)",SG,Singapore,850720,Lead acid accumulators (excl. spent and starter batteries),2,EXPORT,VALUE_EUR,VALUE_EUR,2019,,1878043,
dataflow,ESTAT:DS-059341(1.0),International trade of EU and non-EU countries since 2002 by HS2-4-6,A,Annual,FR,"France (incl. Saint Barthélemy 'BL' -> 2012; incl. French Guiana 'GF', Guadeloupe 'GP', Martinique 'MQ', Réunion 'RE' from 1997; incl. Mayotte 'YT' from 2014)",SG,Singapore,850720,Lead acid accumulators (excl. spent and starter batteries),2,EXPORT,VALUE_EUR,VALUE_EUR,2020,,1013957,
dataflow,ESTAT:DS-059341(1.0),International trade of EU and non-EU countries since 2002 by HS2-4-6,A,Annual,FR,"France (incl. Saint Barthélemy 'BL' -> 2012; incl. French Guiana 'GF', Guadeloupe 'GP', Martinique 'MQ', Réunion 'RE' from 1997; incl. Mayotte 'YT' from 2014)",SG,Singapore,850720,Lead acid accumulators (excl. spent and starter batteries),2,EXPORT,VALUE_EUR,VALUE_EUR,2021,,1180906,
dataflow,ESTAT:DS-059341(1.0),International trade of EU and non-EU countries since 2002 by HS2-4-6,A,Annual,FR,"France (incl. Saint Barthélemy 'BL' -> 2012; incl. French Guiana 'GF', Guadeloupe 'GP', Martinique 'MQ', Réunion 'RE' from 1997; incl. Mayotte 'YT' from 2014)",SG,Singapore,850720,Lead acid accumulators (excl. spent and starter batteries),2,EXPORT,VALUE_EUR,VALUE_EUR,2022,,1054041,
dataflow,ESTAT:DS-059341(1.0),International trade of EU and non-EU countries since 2002 by HS2-4-6,A,Annual,FR,"France (incl. Saint Barthélemy 'BL' -> 2012; incl. French Guiana 'GF', Guadeloupe 'GP', Martinique 'MQ', Réunion 'RE' from 1997; incl. Mayotte 'YT' from 2014)",SG,Singapore,850720,Lead acid accumulators (excl. spent and starter batteries),2,EXPORT,VALUE_EUR,VALUE_EUR,2023,,2222206,
dataflow,ESTAT:DS-059341(1.0),International trade of EU and non-EU countries since 2002 by HS2-4-6,A,Annual,FR,"France (incl. Saint Barthélemy 'BL' -> 2012; incl. French Guiana 'GF', Guadeloupe 'GP', Martinique 'MQ', Réunion 'RE' from 1997; incl. Mayotte 'YT' from 2014)",SG,Singapore,850720,Lead acid accumulators (excl. spent and starter batteries),2,EXPORT,VALUE_EUR,VALUE_EUR,2024,,2241462,
dataflow,ESTAT:DS-059341(1.0),International trade of EU and non-EU countries since 2002 by HS2-4-6,A,Annual,FR,"France (incl. Saint Barthélemy 'BL' -> 2012; incl. French Guiana 'GF', Guadeloupe 'GP', Martinique 'MQ', Réunion 'RE' from 1997; incl. Mayotte 'YT' from 2014)",SG,Singapore,850730,Nickel-cadmium accumulators (excl. spent),1,IMPORT,VALUE_EUR,VALUE_EUR,2002,,117047,
dataflow,ESTAT:DS-059341(1.0),International trade of EU and non-EU countries since 2002 by HS2-4-6,A,Annual,FR,"France (incl. Saint Barthélemy 'BL' -> 2012; incl. French Guiana 'GF', Guadeloupe 'GP', Martinique 'MQ', Réunion 'RE' from 1997; incl. Mayotte 'YT' from 2014)",SG,Singapore,850730,Nickel-cadmium accumulators (excl. spent),1,IMPORT,VALUE_EUR,VALUE_EUR,2004,,83077,
dataflow,ESTAT:DS-059341(1.0),International trade of EU and non-EU countries since 2002 by HS2-4-6,A,Annual,FR,"France (incl. Saint Barthélemy 'BL' -> 2012; incl. French Guiana 'GF', Guadeloupe 'GP', Martinique 'MQ', Réunion 'RE' from 1997; incl. Mayotte 'YT' from 2014)",SG,Singapore,850730,Nickel-cadmium accumulators (excl. spent),1,IMPORT,VALUE_EUR,VALUE_EUR,2005,,3459,
dataflow,ESTAT:DS-059341(1.0),International trade of EU and non-EU countries since 2002 by HS2-4-6,A,Annual,FR,"France (incl. Saint Barthélemy 'BL' -> 2012; incl. French Guiana 'GF', Guadeloupe 'GP', Martinique 'MQ', Réunion 'RE' from 1997; incl. Mayotte 'YT' from 2014)",SG,Singapore,850730,Nickel-cadmium accumulators (excl. spent),1,IMPORT,VALUE_EUR,VALUE_EUR,2008,,6909,
dataflow,ESTAT:DS-059341(1.0),International trade of EU and non-EU countries since 2002 by HS2-4-6,A,Annual,FR,"France (incl. Saint Barthélemy 'BL' -> 2012; incl. French Guiana 'GF', Guadeloupe 'GP', Martinique 'MQ', Réunion 'RE' from 1997; incl. Mayotte 'YT' from 2014)",SG,Singapore,850730,Nickel-cadmium accumulators (excl. spent),1,IMPORT,VALUE_EUR,VALUE_EUR,2010,,201690,
dataflow,ESTAT:DS-059341(1.0),International trade of EU and non-EU countries since 2002 by HS2-4-6,A,Annual,FR,"France (incl. Saint Barthélemy 'BL' -> 2012; incl. French Guiana 'GF', Guadeloupe 'GP', Martinique 'MQ', Réunion 'RE' from 1997; incl. Mayotte 'YT' from 2014)",SG,Singapore,850730,Nickel-cadmium accumulators (excl. spent),1,IMPORT,VALUE_EUR,VALUE_EUR,2011,,189,
dataflow,ESTAT:DS-059341(1.0),International trade of EU and non-EU countries since 2002 by HS2-4-6,A,Annual,FR,"France (incl. Saint Barthélemy 'BL' -> 2012; incl. French Guiana 'GF', Guadeloupe 'GP', Martinique 'MQ', Réunion 'RE' from 1997; incl. Mayotte 'YT' from 2014)",SG,Singapore,850730,Nickel-cadmium accumulators (excl. spent),1,IMPORT,VALUE_EUR,VALUE_EUR,2012,,53,
dataflow,ESTAT:DS-059341(1.0),International trade of EU and non-EU countries since 2002 by HS2-4-6,A,Annual,FR,"France (incl. Saint Barthélemy 'BL' -> 2012; incl. French Guiana 'GF', Guadeloupe 'GP', Martinique 'MQ', Réunion 'RE' from 1997; incl. Mayotte 'YT' from 2014)",SG,Singapore,850730,Nickel-cadmium accumulators (excl. spent),1,IMPORT,VALUE_EUR,VALUE_EUR,2013,,8722,
dataflow,ESTAT:DS-059341(1.0),International trade of EU and non-EU countries since 2002 by HS2-4-6,A,Annual,FR,"France (incl. Saint Barthélemy 'BL' -> 2012; incl. French Guiana 'GF', Guadeloupe 'GP', Martinique 'MQ', Réunion 'RE' from 1997; incl. Mayotte 'YT' from 2014)",SG,Singapore,850730,Nickel-cadmium accumulators (excl. spent),1,IMPORT,VALUE_EUR,VALUE_EUR,2014,,16032,
dataflow,ESTAT:DS-059341(1.0),International trade of EU and non-EU countries since 2002 by HS2-4-6,A,Annual,FR,"France (incl. Saint Barthélemy 'BL' -> 2012; incl. French Guiana 'GF', Guadeloupe 'GP', Martinique 'MQ', Réunion 'RE' from 1997; incl. Mayotte 'YT' from 2014)",SG,Singapore,850730,Nickel-cadmium accumulators (excl. spent),1,IMPORT,VALUE_EUR,VALUE_EUR,2015,,31682,
dataflow,ESTAT:DS-059341(1.0),International trade of EU and non-EU countries since 2002 by HS2-4-6,A,Annual,FR,"France (incl. Saint Barthélemy 'BL' -> 2012; incl. French Guiana 'GF', Guadeloupe 'GP', Martinique 'MQ', Réunion 'RE' from 1997; incl. Mayotte 'YT' from 2014)",SG,Singapore,850730,Nickel-cadmium accumulators (excl. spent),1,IMPORT,VALUE_EUR,VALUE_EUR,2016,,961,
dataflow,ESTAT:DS-059341(1.0),International trade of EU and non-EU countries since 2002 by HS2-4-6,A,Annual,FR,"France (incl. Saint Barthélemy 'BL' -> 2012; incl. French Guiana 'GF', Guadeloupe 'GP', Martinique 'MQ', Réunion 'RE' from 1997; incl. Mayotte 'YT' from 2014)",SG,Singapore,850730,Nickel-cadmium accumulators (excl. spent),1,IMPORT,VALUE_EUR,VALUE_EUR,2017,,83092,
dataflow,ESTAT:DS-059341(1.0),International trade of EU and non-EU countries since 2002 by HS2-4-6,A,Annual,FR,"France (incl. Saint Barthélemy 'BL' -> 2012; incl. French Guiana 'GF', Guadeloupe 'GP', Martinique 'MQ', Réunion 'RE' from 1997; incl. Mayotte 'YT' from 2014)",SG,Singapore,850730,Nickel-cadmium accumulators (excl. spent),1,IMPORT,VALUE_EUR,VALUE_EUR,2018,,16556,
dataflow,ESTAT:DS-059341(1.0),International trade of EU and non-EU countries since 2002 by HS2-4-6,A,Annual,FR,"France (incl. Saint Barthélemy 'BL' -> 2012; incl. French Guiana 'GF', Guadeloupe 'GP', Martinique 'MQ', Réunion 'RE' from 1997; incl. Mayotte 'YT' from 2014)",SG,Singapore,850730,Nickel-cadmium accumulators (excl. spent),1,IMPORT,VALUE_EUR,VALUE_EUR,2019,,72816,
dataflow,ESTAT:DS-059341(1.0),International trade of EU and non-EU countries since 2002 by HS2-4-6,A,Annual,FR,"France (incl. Saint Barthélemy 'BL' -> 2012; incl. French Guiana 'GF', Guadeloupe 'GP', Martinique 'MQ', Réunion 'RE' from 1997; incl. Mayotte 'YT' from 2014)",SG,Singapore,850730,Nickel-cadmium accumulators (excl. spent),1,IMPORT,VALUE_EUR,VALUE_EUR,2020,,21788,
dataflow,ESTAT:DS-059341(1.0),International trade of EU and non-EU countries since 2002 by HS2-4-6,A,Annual,FR,"France (incl. Saint Barthélemy 'BL' -> 2012; incl. French Guiana 'GF', Guadeloupe 'GP', Martinique 'MQ', Réunion 'RE' from 1997; incl. Mayotte 'YT' from 2014)",SG,Singapore,850730,Nickel-cadmium accumulators (excl. spent),1,IMPORT,VALUE_EUR,VALUE_EUR,2021,,51410,
dataflow,ESTAT:DS-059341(1.0),International trade of EU and non-EU countries since 2002 by HS2-4-6,A,Annual,FR,"France (incl. Saint Barthélemy 'BL' -> 2012; incl. French Guiana 'GF', Guadeloupe 'GP', Martinique 'MQ', Réunion 'RE' from 1997; incl. Mayotte 'YT' from 2014)",SG,Singapore,850730,Nickel-cadmium accumulators (excl. spent),1,IMPORT,VALUE_EUR,VALUE_EUR,2022,,23055,
dataflow,ESTAT:DS-059341(1.0),International trade of EU and non-EU countries since 2002 by HS2-4-6,A,Annual,FR,"France (incl. Saint Barthélemy 'BL' -> 2012; incl. French Guiana 'GF', Guadeloupe 'GP', Martinique 'MQ', Réunion 'RE' from 1997; incl. Mayotte 'YT' from 2014)",SG,Singapore,850730,Nickel-cadmium accumulators (excl. spent),1,IMPORT,VALUE_EUR,VALUE_EUR,2023,,169668,
dataflow,ESTAT:DS-059341(1.0),International trade of EU and non-EU countries since 2002 by HS2-4-6,A,Annual,FR,"France (incl. Saint Barthélemy 'BL' -> 2012; incl. French Guiana 'GF', Guadeloupe 'GP', Martinique 'MQ', Réunion 'RE' from 1997; incl. Mayotte 'YT' from 2014)",SG,Singapore,850730,Nickel-cadmium accumulators (excl. spent),1,IMPORT,VALUE_EUR,VALUE_EUR,2024,,240636,
dataflow,ESTAT:DS-059341(1.0),International trade of EU and non-EU countries since 2002 by HS2-4-6,A,Annual,FR,"France (incl. Saint Barthélemy 'BL' -> 2012; incl. French Guiana 'GF', Guadeloupe 'GP', Martinique 'MQ', Réunion 'RE' from 1997; incl. Mayotte 'YT' from 2014)",SG,Singapore,850730,Nickel-cadmium accumulators (excl. spent),2,EXPORT,VALUE_EUR,VALUE_EUR,2002,,1145640,
dataflow,ESTAT:DS-059341(1.0),International trade of EU and non-EU countries since 2002 by HS2-4-6,A,Annual,FR,"France (incl. Saint Barthélemy 'BL' -> 2012; incl. French Guiana 'GF', Guadeloupe 'GP', Martinique 'MQ', Réunion 'RE' from 1997; incl. Mayotte 'YT' from 2014)",SG,Singapore,850730,Nickel-cadmium accumulators (excl. spent),2,EXPORT,VALUE_EUR,VALUE_EUR,2003,,383751,
dataflow,ESTAT:DS-059341(1.0),International trade of EU and non-EU countries since 2002 by HS2-4-6,A,Annual,FR,"France (incl. Saint Barthélemy 'BL' -> 2012; incl. French Guiana 'GF', Guadeloupe 'GP', Martinique 'MQ', Réunion 'RE' from 1997; incl. Mayotte 'YT' from 2014)",SG,Singapore,850730,Nickel-cadmium accumulators (excl. spent),2,EXPORT,VALUE_EUR,VALUE_EUR,2004,,602143,
dataflow,ESTAT:DS-059341(1.0),International trade of EU and non-EU countries since 2002 by HS2-4-6,A,Annual,FR,"France (incl. Saint Barthélemy 'BL' -> 2012; incl. French Guiana 'GF', Guadeloupe 'GP', Martinique 'MQ', Réunion 'RE' from 1997; incl. Mayotte 'YT' from 2014)",SG,Singapore,850730,Nickel-cadmium accumulators (excl. spent),2,EXPORT,VALUE_EUR,VALUE_EUR,2005,,659319,
dataflow,ESTAT:DS-059341(1.0),International trade of EU and non-EU countries since 2002 by HS2-4-6,A,Annual,FR,"France (incl. Saint Barthélemy 'BL' -> 2012; incl. French Guiana 'GF', Guadeloupe 'GP', Martinique 'MQ', Réunion 'RE' from 1997; incl. Mayotte 'YT' from 2014)",SG,Singapore,850730,Nickel-cadmium accumulators (excl. spent),2,EXPORT,VALUE_EUR,VALUE_EUR,2006,,533044,
dataflow,ESTAT:DS-059341(1.0),International trade of EU and non-EU countries since 2002 by HS2-4-6,A,Annual,FR,"France (incl. Saint Barthélemy 'BL' -> 2012; incl. French Guiana 'GF', Guadeloupe 'GP', Martinique 'MQ', Réunion 'RE' from 1997; incl. Mayotte 'YT' from 2014)",SG,Singapore,850730,Nickel-cadmium accumulators (excl. spent),2,EXPORT,VALUE_EUR,VALUE_EUR,2007,,652137,
dataflow,ESTAT:DS-059341(1.0),International trade of EU and non-EU countries since 2002 by HS2-4-6,A,Annual,FR,"France (incl. Saint Barthélemy 'BL' -> 2012; incl. French Guiana 'GF', Guadeloupe 'GP', Martinique 'MQ', Réunion 'RE' from 1997; incl. Mayotte 'YT' from 2014)",SG,Singapore,850730,Nickel-cadmium accumulators (excl. spent),2,EXPORT,VALUE_EUR,VALUE_EUR,2008,,414051,
dataflow,ESTAT:DS-059341(1.0),International trade of EU and non-EU countries since 2002 by HS2-4-6,A,Annual,FR,"France (incl. Saint Barthélemy 'BL' -> 2012; incl. French Guiana 'GF', Guadeloupe 'GP', Martinique 'MQ', Réunion 'RE' from 1997; incl. Mayotte 'YT' from 2014)",SG,Singapore,850730,Nickel-cadmium accumulators (excl. spent),2,EXPORT,VALUE_EUR,VALUE_EUR,2009,,275813,
dataflow,ESTAT:DS-059341(1.0),International trade of EU and non-EU countries since 2002 by HS2-4-6,A,Annual,FR,"France (incl. Saint Barthélemy 'BL' -> 2012; incl. French Guiana 'GF', Guadeloupe 'GP', Martinique 'MQ', Réunion 'RE' from 1997; incl. Mayotte 'YT' from 2014)",SG,Singapore,850730,Nickel-cadmium accumulators (excl. spent),2,EXPORT,VALUE_EUR,VALUE_EUR,2010,,1115269,
dataflow,ESTAT:DS-059341(1.0),International trade of EU and non-EU countries since 2002 by HS2-4-6,A,Annual,FR,"France (incl. Saint Barthélemy 'BL' -> 2012; incl. French Guiana 'GF', Guadeloupe 'GP', Martinique 'MQ', Réunion 'RE' from 1997; incl. Mayotte 'YT' from 2014)",SG,Singapore,850730,Nickel-cadmium accumulators (excl. spent),2,EXPORT,VALUE_EUR,VALUE_EUR,2011,,580475,
dataflow,ESTAT:DS-059341(1.0),International trade of EU and non-EU countries since 2002 by HS2-4-6,A,Annual,FR,"France (incl. Saint Barthélemy 'BL' -> 2012; incl. French Guiana 'GF', Guadeloupe 'GP', Martinique 'MQ', Réunion 'RE' from 1997; incl. Mayotte 'YT' from 2014)",SG,Singapore,850730,Nickel-cadmium accumulators (excl. spent),2,EXPORT,VALUE_EUR,VALUE_EUR,2012,,2020572,
dataflow,ESTAT:DS-059341(1.0),International trade of EU and non-EU countries since 2002 by HS2-4-6,A,Annual,FR,"France (incl. Saint Barthélemy 'BL' -> 2012; incl. French Guiana 'GF', Guadeloupe 'GP', Martinique 'MQ', Réunion 'RE' from 1997; incl. Mayotte 'YT' from 2014)",SG,Singapore,850730,Nickel-cadmium accumulators (excl. spent),2,EXPORT,VALUE_EUR,VALUE_EUR,2013,,1211132,
dataflow,ESTAT:DS-059341(1.0),International trade of EU and non-EU countries since 2002 by HS2-4-6,A,Annual,FR,"France (incl. Saint Barthélemy 'BL' -> 2012; incl. French Guiana 'GF', Guadeloupe 'GP', Martinique 'MQ', Réunion 'RE' from 1997; incl. Mayotte 'YT' from 2014)",SG,Singapore,850730,Nickel-cadmium accumulators (excl. spent),2,EXPORT,VALUE_EUR,VALUE_EUR,2014,,1683628,
dataflow,ESTAT:DS-059341(1.0),International trade of EU and non-EU countries since 2002 by HS2-4-6,A,Annual,FR,"France (incl. Saint Barthélemy 'BL' -> 2012; incl. French Guiana 'GF', Guadeloupe 'GP', Martinique 'MQ', Réunion 'RE' from 1997; incl. Mayotte 'YT' from 2014)",SG,Singapore,850730,Nickel-cadmium accumulators (excl. spent),2,EXPORT,VALUE_EUR,VALUE_EUR,2015,,4208822,
dataflow,ESTAT:DS-059341(1.0),International trade of EU and non-EU countries since 2002 by HS2-4-6,A,Annual,FR,"France (incl. Saint Barthélemy 'BL' -> 2012; incl. French Guiana 'GF', Guadeloupe 'GP', Martinique 'MQ', Réunion 'RE' from 1997; incl. Mayotte 'YT' from 2014)",SG,Singapore,850730,Nickel-cadmium accumulators (excl. spent),2,EXPORT,VALUE_EUR,VALUE_EUR,2016,,3568274,
dataflow,ESTAT:DS-059341(1.0),International trade of EU and non-EU countries since 2002 by HS2-4-6,A,Annual,FR,"France (incl. Saint Barthélemy 'BL' -> 2012; incl. French Guiana 'GF', Guadeloupe 'GP', Martinique 'MQ', Réunion 'RE' from 1997; incl. Mayotte 'YT' from 2014)",SG,Singapore,850730,Nickel-cadmium accumulators (excl. spent),2,EXPORT,VALUE_EUR,VALUE_EUR,2017,,3206452,
dataflow,ESTAT:DS-059341(1.0),International trade of EU and non-EU countries since 2002 by HS2-4-6,A,Annual,FR,"France (incl. Saint Barthélemy 'BL' -> 2012; incl. French Guiana 'GF', Guadeloupe 'GP', Martinique 'MQ', Réunion 'RE' from 1997; incl. Mayotte 'YT' from 2014)",SG,Singapore,850730,Nickel-cadmium accumulators (excl. spent),2,EXPORT,VALUE_EUR,VALUE_EUR,2018,,3767507,
dataflow,ESTAT:DS-059341(1.0),International trade of EU and non-EU countries since 2002 by HS2-4-6,A,Annual,FR,"France (incl. Saint Barthélemy 'BL' -> 2012; incl. French Guiana 'GF', Guadeloupe 'GP', Martinique 'MQ', Réunion 'RE' from 1997; incl. Mayotte 'YT' from 2014)",SG,Singapore,850730,Nickel-cadmium accumulators (excl. spent),2,EXPORT,VALUE_EUR,VALUE_EUR,2019,,9730445,
dataflow,ESTAT:DS-059341(1.0),International trade of EU and non-EU countries since 2002 by HS2-4-6,A,Annual,FR,"France (incl. Saint Barthélemy 'BL' -> 2012; incl. French Guiana 'GF', Guadeloupe 'GP', Martinique 'MQ', Réunion 'RE' from 1997; incl. Mayotte 'YT' from 2014)",SG,Singapore,850730,Nickel-cadmium accumulators (excl. spent),2,EXPORT,VALUE_EUR,VALUE_EUR,2020,,4283846,
dataflow,ESTAT:DS-059341(1.0),International trade of EU and non-EU countries since 2002 by HS2-4-6,A,Annual,FR,"France (incl. Saint Barthélemy 'BL' -> 2012; incl. French Guiana 'GF', Guadeloupe 'GP', Martinique 'MQ', Réunion 'RE' from 1997; incl. Mayotte 'YT' from 2014)",SG,Singapore,850730,Nickel-cadmium accumulators (excl. spent),2,EXPORT,VALUE_EUR,VALUE_EUR,2021,,8041793,
dataflow,ESTAT:DS-059341(1.0),International trade of EU and non-EU countries since 2002 by HS2-4-6,A,Annual,FR,"France (incl. Saint Barthélemy 'BL' -> 2012; incl. French Guiana 'GF', Guadeloupe 'GP', Martinique 'MQ', Réunion 'RE' from 1997; incl. Mayotte 'YT' from 2014)",SG,Singapore,850730,Nickel-cadmium accumulators (excl. spent),2,EXPORT,VALUE_EUR,VALUE_EUR,2022,,6917758,
dataflow,ESTAT:DS-059341(1.0),International trade of EU and non-EU countries since 2002 by HS2-4-6,A,Annual,FR,"France (incl. Saint Barthélemy 'BL' -> 2012; incl. French Guiana 'GF', Guadeloupe 'GP', Martinique 'MQ', Réunion 'RE' from 1997; incl. Mayotte 'YT' from 2014)",SG,Singapore,850730,Nickel-cadmium accumulators (excl. spent),2,EXPORT,VALUE_EUR,VALUE_EUR,2023,,10209332,
dataflow,ESTAT:DS-059341(1.0),International trade of EU and non-EU countries since 2002 by HS2-4-6,A,Annual,FR,"France (incl. Saint Barthélemy 'BL' -> 2012; incl. French Guiana 'GF', Guadeloupe 'GP', Martinique 'MQ', Réunion 'RE' from 1997; incl. Mayotte 'YT' from 2014)",SG,Singapore,850730,Nickel-cadmium accumulators (excl. spent),2,EXPORT,VALUE_EUR,VALUE_EUR,2024,,10828979,
dataflow,ESTAT:DS-059341(1.0),International trade of EU and non-EU countries since 2002 by HS2-4-6,A,Annual,FR,"France (incl. Saint Barthélemy 'BL' -> 2012; incl. French Guiana 'GF', Guadeloupe 'GP', Martinique 'MQ', Réunion 'RE' from 1997; incl. Mayotte 'YT' from 2014)",SG,Singapore,850740,Nickel-iron accumulators (excl. spent),2,EXPORT,VALUE_EUR,VALUE_EUR,2002,,32700,
dataflow,ESTAT:DS-059341(1.0),International trade of EU and non-EU countries since 2002 by HS2-4-6,A,Annual,FR,"France (incl. Saint Barthélemy 'BL' -> 2012; incl. French Guiana 'GF', Guadeloupe 'GP', Martinique 'MQ', Réunion 'RE' from 1997; incl. Mayotte 'YT' from 2014)",SG,Singapore,850750,Nickel-metal hydride accumulators (excl. spent),1,IMPORT,VALUE_EUR,VALUE_EUR,2012,,278,
dataflow,ESTAT:DS-059341(1.0),International trade of EU and non-EU countries since 2002 by HS2-4-6,A,Annual,FR,"France (incl. Saint Barthélemy 'BL' -> 2012; incl. French Guiana 'GF', Guadeloupe 'GP', Martinique 'MQ', Réunion 'RE' from 1997; incl. Mayotte 'YT' from 2014)",SG,Singapore,850750,Nickel-metal hydride accumulators (excl. spent),1,IMPORT,VALUE_EUR,VALUE_EUR,2013,,98,
dataflow,ESTAT:DS-059341(1.0),International trade of EU and non-EU countries since 2002 by HS2-4-6,A,Annual,FR,"France (incl. Saint Barthélemy 'BL' -> 2012; incl. French Guiana 'GF', Guadeloupe 'GP', Martinique 'MQ', Réunion 'RE' from 1997; incl. Mayotte 'YT' from 2014)",SG,Singapore,850750,Nickel-metal hydride accumulators (excl. spent),1,IMPORT,VALUE_EUR,VALUE_EUR,2014,,566,
dataflow,ESTAT:DS-059341(1.0),International trade of EU and non-EU countries since 2002 by HS2-4-6,A,Annual,FR,"France (incl. Saint Barthélemy 'BL' -> 2012; incl. French Guiana 'GF', Guadeloupe 'GP', Martinique 'MQ', Réunion 'RE' from 1997; incl. Mayotte 'YT' from 2014)",SG,Singapore,850750,Nickel-metal hydride accumulators (excl. spent),1,IMPORT,VALUE_EUR,VALUE_EUR,2015,,841,
dataflow,ESTAT:DS-059341(1.0),International trade of EU and non-EU countries since 2002 by HS2-4-6,A,Annual,FR,"France (incl. Saint Barthélemy 'BL' -> 2012; incl. French Guiana 'GF', Guadeloupe 'GP', Martinique 'MQ', Réunion 'RE' from 1997; incl. Mayotte 'YT' from 2014)",SG,Singapore,850750,Nickel-metal hydride accumulators (excl. spent),1,IMPORT,VALUE_EUR,VALUE_EUR,2017,,109,
dataflow,ESTAT:DS-059341(1.0),International trade of EU and non-EU countries since 2002 by HS2-4-6,A,Annual,FR,"France (incl. Saint Barthélemy 'BL' -> 2012; incl. French Guiana 'GF', Guadeloupe 'GP', Martinique 'MQ', Réunion 'RE' from 1997; incl. Mayotte 'YT' from 2014)",SG,Singapore,850750,Nickel-metal hydride accumulators (excl. spent),1,IMPORT,VALUE_EUR,VALUE_EUR,2019,,1484,
dataflow,ESTAT:DS-059341(1.0),International trade of EU and non-EU countries since 2002 by HS2-4-6,A,Annual,FR,"France (incl. Saint Barthélemy 'BL' -> 2012; incl. French Guiana 'GF', Guadeloupe 'GP', Martinique 'MQ', Réunion 'RE' from 1997; incl. Mayotte 'YT' from 2014)",SG,Singapore,850750,Nickel-metal hydride accumulators (excl. spent),1,IMPORT,VALUE_EUR,VALUE_EUR,2020,,1148,
dataflow,ESTAT:DS-059341(1.0),International trade of EU and non-EU countries since 2002 by HS2-4-6,A,Annual,FR,"France (incl. Saint Barthélemy 'BL' -> 2012; incl. French Guiana 'GF', Guadeloupe 'GP', Martinique 'MQ', Réunion 'RE' from 1997; incl. Mayotte 'YT' from 2014)",SG,Singapore,850750,Nickel-metal hydride accumulators (excl. spent),1,IMPORT,VALUE_EUR,VALUE_EUR,2021,,1135,
dataflow,ESTAT:DS-059341(1.0),International trade of EU and non-EU countries since 2002 by HS2-4-6,A,Annual,FR,"France (incl. Saint Barthélemy 'BL' -> 2012; incl. French Guiana 'GF', Guadeloupe 'GP', Martinique 'MQ', Réunion 'RE' from 1997; incl. Mayotte 'YT' from 2014)",SG,Singapore,850750,Nickel-metal hydride accumulators (excl. spent),1,IMPORT,VALUE_EUR,VALUE_EUR,2022,,1444,
dataflow,ESTAT:DS-059341(1.0),International trade of EU and non-EU countries since 2002 by HS2-4-6,A,Annual,FR,"France (incl. Saint Barthélemy 'BL' -> 2012; incl. French Guiana 'GF', Guadeloupe 'GP', Martinique 'MQ', Réunion 'RE' from 1997; incl. Mayotte 'YT' from 2014)",SG,Singapore,850750,Nickel-metal hydride accumulators (excl. spent),1,IMPORT,VALUE_EUR,VALUE_EUR,2023,,1945,
dataflow,ESTAT:DS-059341(1.0),International trade of EU and non-EU countries since 2002 by HS2-4-6,A,Annual,FR,"France (incl. Saint Barthélemy 'BL' -> 2012; incl. French Guiana 'GF', Guadeloupe 'GP', Martinique 'MQ', Réunion 'RE' from 1997; incl. Mayotte 'YT' from 2014)",SG,Singapore,850750,Nickel-metal hydride accumulators (excl. spent),1,IMPORT,VALUE_EUR,VALUE_EUR,2024,,3920,
dataflow,ESTAT:DS-059341(1.0),International trade of EU and non-EU countries since 2002 by HS2-4-6,A,Annual,FR,"France (incl. Saint Barthélemy 'BL' -> 2012; incl. French Guiana 'GF', Guadeloupe 'GP', Martinique 'MQ', Réunion 'RE' from 1997; incl. Mayotte 'YT' from 2014)",SG,Singapore,850750,Nickel-metal hydride accumulators (excl. spent),2,EXPORT,VALUE_EUR,VALUE_EUR,2012,,2874,
dataflow,ESTAT:DS-059341(1.0),International trade of EU and non-EU countries since 2002 by HS2-4-6,A,Annual,FR,"France (incl. Saint Barthélemy 'BL' -> 2012; incl. French Guiana 'GF', Guadeloupe 'GP', Martinique 'MQ', Réunion 'RE' from 1997; incl. Mayotte 'YT' from 2014)",SG,Singapore,850750,Nickel-metal hydride accumulators (excl. spent),2,EXPORT,VALUE_EUR,VALUE_EUR,2014,,3266,
dataflow,ESTAT:DS-059341(1.0),International trade of EU and non-EU countries since 2002 by HS2-4-6,A,Annual,FR,"France (incl. Saint Barthélemy 'BL' -> 2012; incl. French Guiana 'GF', Guadeloupe 'GP', Martinique 'MQ', Réunion 'RE' from 1997; incl. Mayotte 'YT' from 2014)",SG,Singapore,850750,Nickel-metal hydride accumulators (excl. spent),2,EXPORT,VALUE_EUR,VALUE_EUR,2015,,8946,
dataflow,ESTAT:DS-059341(1.0),International trade of EU and non-EU countries since 2002 by HS2-4-6,A,Annual,FR,"France (incl. Saint Barthélemy 'BL' -> 2012; incl. French Guiana 'GF', Guadeloupe 'GP', Martinique 'MQ', Réunion 'RE' from 1997; incl. Mayotte 'YT' from 2014)",SG,Singapore,850750,Nickel-metal hydride accumulators (excl. spent),2,EXPORT,VALUE_EUR,VALUE_EUR,2016,,20801,
dataflow,ESTAT:DS-059341(1.0),International trade of EU and non-EU countries since 2002 by HS2-4-6,A,Annual,FR,"France (incl. Saint Barthélemy 'BL' -> 2012; incl. French Guiana 'GF', Guadeloupe 'GP', Martinique 'MQ', Réunion 'RE' from 1997; incl. Mayotte 'YT' from 2014)",SG,Singapore,850750,Nickel-metal hydride accumulators (excl. spent),2,EXPORT,VALUE_EUR,VALUE_EUR,2017,,1080,
dataflow,ESTAT:DS-059341(1.0),International trade of EU and non-EU countries since 2002 by HS2-4-6,A,Annual,FR,"France (incl. Saint Barthélemy 'BL' -> 2012; incl. French Guiana 'GF', Guadeloupe 'GP', Martinique 'MQ', Réunion 'RE' from 1997; incl. Mayotte 'YT' from 2014)",SG,Singapore,850750,Nickel-metal hydride accumulators (excl. spent),2,EXPORT,VALUE_EUR,VALUE_EUR,2018,,12111,
dataflow,ESTAT:DS-059341(1.0),International trade of EU and non-EU countries since 2002 by HS2-4-6,A,Annual,FR,"France (incl. Saint Barthélemy 'BL' -> 2012; incl. French Guiana 'GF', Guadeloupe 'GP', Martinique 'MQ', Réunion 'RE' from 1997; incl. Mayotte 'YT' from 2014)",SG,Singapore,850750,Nickel-metal hydride accumulators (excl. spent),2,EXPORT,VALUE_EUR,VALUE_EUR,2019,,3244,
dataflow,ESTAT:DS-059341(1.0),International trade of EU and non-EU countries since 2002 by HS2-4-6,A,Annual,FR,"France (incl. Saint Barthélemy 'BL' -> 2012; incl. French Guiana 'GF', Guadeloupe 'GP', Martinique 'MQ', Réunion 'RE' from 1997; incl. Mayotte 'YT' from 2014)",SG,Singapore,850750,Nickel-metal hydride accumulators (excl. spent),2,EXPORT,VALUE_EUR,VALUE_EUR,2020,,9719,
dataflow,ESTAT:DS-059341(1.0),International trade of EU and non-EU countries since 2002 by HS2-4-6,A,Annual,FR,"France (incl. Saint Barthélemy 'BL' -> 2012; incl. French Guiana 'GF', Guadeloupe 'GP', Martinique 'MQ', Réunion 'RE' from 1997; incl. Mayotte 'YT' from 2014)",SG,Singapore,850750,Nickel-metal hydride accumulators (excl. spent),2,EXPORT,VALUE_EUR,VALUE_EUR,2021,,15621,
dataflow,ESTAT:DS-059341(1.0),International trade of EU and non-EU countries since 2002 by HS2-4-6,A,Annual,FR,"France (incl. Saint Barthélemy 'BL' -> 2012; incl. French Guiana 'GF', Guadeloupe 'GP', Martinique 'MQ', Réunion 'RE' from 1997; incl. Mayotte 'YT' from 2014)",SG,Singapore,850750,Nickel-metal hydride accumulators (excl. spent),2,EXPORT,VALUE_EUR,VALUE_EUR,2022,,50287,
dataflow,ESTAT:DS-059341(1.0),International trade of EU and non-EU countries since 2002 by HS2-4-6,A,Annual,FR,"France (incl. Saint Barthélemy 'BL' -> 2012; incl. French Guiana 'GF', Guadeloupe 'GP', Martinique 'MQ', Réunion 'RE' from 1997; incl. Mayotte 'YT' from 2014)",SG,Singapore,850750,Nickel-metal hydride accumulators (excl. spent),2,EXPORT,VALUE_EUR,VALUE_EUR,2023,,82364,
dataflow,ESTAT:DS-059341(1.0),International trade of EU and non-EU countries since 2002 by HS2-4-6,A,Annual,FR,"France (incl. Saint Barthélemy 'BL' -> 2012; incl. French Guiana 'GF', Guadeloupe 'GP', Martinique 'MQ', Réunion 'RE' from 1997; incl. Mayotte 'YT' from 2014)",SG,Singapore,850750,Nickel-metal hydride accumulators (excl. spent),2,EXPORT,VALUE_EUR,VALUE_EUR,2024,,116325,
dataflow,ESTAT:DS-059341(1.0),International trade of EU and non-EU countries since 2002 by HS2-4-6,A,Annual,FR,"France (incl. Saint Barthélemy 'BL' -> 2012; incl. French Guiana 'GF', Guadeloupe 'GP', Martinique 'MQ', Réunion 'RE' from 1997; incl. Mayotte 'YT' from 2014)",SG,Singapore,850760,Lithium-ion accumulators (excl. spent),1,IMPORT,VALUE_EUR,VALUE_EUR,2012,,56078,
dataflow,ESTAT:DS-059341(1.0),International trade of EU and non-EU countries since 2002 by HS2-4-6,A,Annual,FR,"France (incl. Saint Barthélemy 'BL' -> 2012; incl. French Guiana 'GF', Guadeloupe 'GP', Martinique 'MQ', Réunion 'RE' from 1997; incl. Mayotte 'YT' from 2014)",SG,Singapore,850760,Lithium-ion accumulators (excl. spent),1,IMPORT,VALUE_EUR,VALUE_EUR,2013,,570933,
dataflow,ESTAT:DS-059341(1.0),International trade of EU and non-EU countries since 2002 by HS2-4-6,A,Annual,FR,"France (incl. Saint Barthélemy 'BL' -> 2012; incl. French Guiana 'GF', Guadeloupe 'GP', Martinique 'MQ', Réunion 'RE' from 1997; incl. Mayotte 'YT' from 2014)",SG,Singapore,850760,Lithium-ion accumulators (excl. spent),1,IMPORT,VALUE_EUR,VALUE_EUR,2014,,196817,
dataflow,ESTAT:DS-059341(1.0),International trade of EU and non-EU countries since 2002 by HS2-4-6,A,Annual,FR,"France (incl. Saint Barthélemy 'BL' -> 2012; incl. French Guiana 'GF', Guadeloupe 'GP', Martinique 'MQ', Réunion 'RE' from 1997; incl. Mayotte 'YT' from 2014)",SG,Singapore,850760,Lithium-ion accumulators (excl. spent),1,IMPORT,VALUE_EUR,VALUE_EUR,2015,,193694,
dataflow,ESTAT:DS-059341(1.0),International trade of EU and non-EU countries since 2002 by HS2-4-6,A,Annual,FR,"France (incl. Saint Barthélemy 'BL' -> 2012; incl. French Guiana 'GF', Guadeloupe 'GP', Martinique 'MQ', Réunion 'RE' from 1997; incl. Mayotte 'YT' from 2014)",SG,Singapore,850760,Lithium-ion accumulators (excl. spent),1,IMPORT,VALUE_EUR,VALUE_EUR,2016,,1158946,
dataflow,ESTAT:DS-059341(1.0),International trade of EU and non-EU countries since 2002 by HS2-4-6,A,Annual,FR,"France (incl. Saint Barthélemy 'BL' -> 2012; incl. French Guiana 'GF', Guadeloupe 'GP', Martinique 'MQ', Réunion 'RE' from 1997; incl. Mayotte 'YT' from 2014)",SG,Singapore,850760,Lithium-ion accumulators (excl. spent),1,IMPORT,VALUE_EUR,VALUE_EUR,2017,,1235448,
dataflow,ESTAT:DS-059341(1.0),International trade of EU and non-EU countries since 2002 by HS2-4-6,A,Annual,FR,"France (incl. Saint Barthélemy 'BL' -> 2012; incl. French Guiana 'GF', Guadeloupe 'GP', Martinique 'MQ', Réunion 'RE' from 1997; incl. Mayotte 'YT' from 2014)",SG,Singapore,850760,Lithium-ion accumulators (excl. spent),1,IMPORT,VALUE_EUR,VALUE_EUR,2018,,1426800,
dataflow,ESTAT:DS-059341(1.0),International trade of EU and non-EU countries since 2002 by HS2-4-6,A,Annual,FR,"France (incl. Saint Barthélemy 'BL' -> 2012; incl. French Guiana 'GF', Guadeloupe 'GP', Martinique 'MQ', Réunion 'RE' from 1997; incl. Mayotte 'YT' from 2014)",SG,Singapore,850760,Lithium-ion accumulators (excl. spent),1,IMPORT,VALUE_EUR,VALUE_EUR,2019,,1765239,
dataflow,ESTAT:DS-059341(1.0),International trade of EU and non-EU countries since 2002 by HS2-4-6,A,Annual,FR,"France (incl. Saint Barthélemy 'BL' -> 2012; incl. French Guiana 'GF', Guadeloupe 'GP', Martinique 'MQ', Réunion 'RE' from 1997; incl. Mayotte 'YT' from 2014)",SG,Singapore,850760,Lithium-ion accumulators (excl. spent),1,IMPORT,VALUE_EUR,VALUE_EUR,2020,,1415496,
dataflow,ESTAT:DS-059341(1.0),International trade of EU and non-EU countries since 2002 by HS2-4-6,A,Annual,FR,"France (incl. Saint Barthélemy 'BL' -> 2012; incl. French Guiana 'GF', Guadeloupe 'GP', Martinique 'MQ', Réunion 'RE' from 1997; incl. Mayotte 'YT' from 2014)",SG,Singapore,850760,Lithium-ion accumulators (excl. spent),1,IMPORT,VALUE_EUR,VALUE_EUR,2021,,2656865,
dataflow,ESTAT:DS-059341(1.0),International trade of EU and non-EU countries since 2002 by HS2-4-6,A,Annual,FR,"France (incl. Saint Barthélemy 'BL' -> 2012; incl. French Guiana 'GF', Guadeloupe 'GP', Martinique 'MQ', Réunion 'RE' from 1997; incl. Mayotte 'YT' from 2014)",SG,Singapore,850760,Lithium-ion accumulators (excl. spent),1,IMPORT,VALUE_EUR,VALUE_EUR,2022,,3162953,
dataflow,ESTAT:DS-059341(1.0),International trade of EU and non-EU countries since 2002 by HS2-4-6,A,Annual,FR,"France (incl. Saint Barthélemy 'BL' -> 2012; incl. French Guiana 'GF', Guadeloupe 'GP', Martinique 'MQ', Réunion 'RE' from 1997; incl. Mayotte 'YT' from 2014)",SG,Singapore,850760,Lithium-ion accumulators (excl. spent),1,IMPORT,VALUE_EUR,VALUE_EUR,2023,,561528,
dataflow,ESTAT:DS-059341(1.0),International trade of EU and non-EU countries since 2002 by HS2-4-6,A,Annual,FR,"France (incl. Saint Barthélemy 'BL' -> 2012; incl. French Guiana 'GF', Guadeloupe 'GP', Martinique 'MQ', Réunion 'RE' from 1997; incl. Mayotte 'YT' from 2014)",SG,Singapore,850760,Lithium-ion accumulators (excl. spent),1,IMPORT,VALUE_EUR,VALUE_EUR,2024,,575849,
dataflow,ESTAT:DS-059341(1.0),International trade of EU and non-EU countries since 2002 by HS2-4-6,A,Annual,FR,"France (incl. Saint Barthélemy 'BL' -> 2012; incl. French Guiana 'GF', Guadeloupe 'GP', Martinique 'MQ', Réunion 'RE' from 1997; incl. Mayotte 'YT' from 2014)",SG,Singapore,850760,Lithium-ion accumulators (excl. spent),2,EXPORT,VALUE_EUR,VALUE_EUR,2012,,249172,
dataflow,ESTAT:DS-059341(1.0),International trade of EU and non-EU countries since 2002 by HS2-4-6,A,Annual,FR,"France (incl. Saint Barthélemy 'BL' -> 2012; incl. French Guiana 'GF', Guadeloupe 'GP', Martinique 'MQ', Réunion 'RE' from 1997; incl. Mayotte 'YT' from 2014)",SG,Singapore,850760,Lithium-ion accumulators (excl. spent),2,EXPORT,VALUE_EUR,VALUE_EUR,2013,,505867,
dataflow,ESTAT:DS-059341(1.0),International trade of EU and non-EU countries since 2002 by HS2-4-6,A,Annual,FR,"France (incl. Saint Barthélemy 'BL' -> 2012; incl. French Guiana 'GF', Guadeloupe 'GP', Martinique 'MQ', Réunion 'RE' from 1997; incl. Mayotte 'YT' from 2014)",SG,Singapore,850760,Lithium-ion accumulators (excl. spent),2,EXPORT,VALUE_EUR,VALUE_EUR,2014,,1582156,
dataflow,ESTAT:DS-059341(1.0),International trade of EU and non-EU countries since 2002 by HS2-4-6,A,Annual,FR,"France (incl. Saint Barthélemy 'BL' -> 2012; incl. French Guiana 'GF', Guadeloupe 'GP', Martinique 'MQ', Réunion 'RE' from 1997; incl. Mayotte 'YT' from 2014)",SG,Singapore,850760,Lithium-ion accumulators (excl. spent),2,EXPORT,VALUE_EUR,VALUE_EUR,2015,,1586502,
dataflow,ESTAT:DS-059341(1.0),International trade of EU and non-EU countries since 2002 by HS2-4-6,A,Annual,FR,"France (incl. Saint Barthélemy 'BL' -> 2012; incl. French Guiana 'GF', Guadeloupe 'GP', Martinique 'MQ', Réunion 'RE' from 1997; incl. Mayotte 'YT' from 2014)",SG,Singapore,850760,Lithium-ion accumulators (excl. spent),2,EXPORT,VALUE_EUR,VALUE_EUR,2016,,1118581,
dataflow,ESTAT:DS-059341(1.0),International trade of EU and non-EU countries since 2002 by HS2-4-6,A,Annual,FR,"France (incl. Saint Barthélemy 'BL' -> 2012; incl. French Guiana 'GF', Guadeloupe 'GP', Martinique 'MQ', Réunion 'RE' from 1997; incl. Mayotte 'YT' from 2014)",SG,Singapore,850760,Lithium-ion accumulators (excl. spent),2,EXPORT,VALUE_EUR,VALUE_EUR,2017,,873142,
dataflow,ESTAT:DS-059341(1.0),International trade of EU and non-EU countries since 2002 by HS2-4-6,A,Annual,FR,"France (incl. Saint Barthélemy 'BL' -> 2012; incl. French Guiana 'GF', Guadeloupe 'GP', Martinique 'MQ', Réunion 'RE' from 1997; incl. Mayotte 'YT' from 2014)",SG,Singapore,850760,Lithium-ion accumulators (excl. spent),2,EXPORT,VALUE_EUR,VALUE_EUR,2018,,1269804,
dataflow,ESTAT:DS-059341(1.0),International trade of EU and non-EU countries since 2002 by HS2-4-6,A,Annual,FR,"France (incl. Saint Barthélemy 'BL' -> 2012; incl. French Guiana 'GF', Guadeloupe 'GP', Martinique 'MQ', Réunion 'RE' from 1997; incl. Mayotte 'YT' from 2014)",SG,Singapore,850760,Lithium-ion accumulators (excl. spent),2,EXPORT,VALUE_EUR,VALUE_EUR,2019,,1874067,
dataflow,ESTAT:DS-059341(1.0),International trade of EU and non-EU countries since 2002 by HS2-4-6,A,Annual,FR,"France (incl. Saint Barthélemy 'BL' -> 2012; incl. French Guiana 'GF', Guadeloupe 'GP', Martinique 'MQ', Réunion 'RE' from 1997; incl. Mayotte 'YT' from 2014)",SG,Singapore,850760,Lithium-ion accumulators (excl. spent),2,EXPORT,VALUE_EUR,VALUE_EUR,2020,,2226485,
dataflow,ESTAT:DS-059341(1.0),International trade of EU and non-EU countries since 2002 by HS2-4-6,A,Annual,FR,"France (incl. Saint Barthélemy 'BL' -> 2012; incl. French Guiana 'GF', Guadeloupe 'GP', Martinique 'MQ', Réunion 'RE' from 1997; incl. Mayotte 'YT' from 2014)",SG,Singapore,850760,Lithium-ion accumulators (excl. spent),2,EXPORT,VALUE_EUR,VALUE_EUR,2021,,2480119,
dataflow,ESTAT:DS-059341(1.0),International trade of EU and non-EU countries since 2002 by HS2-4-6,A,Annual,FR,"France (incl. Saint Barthélemy 'BL' -> 2012; incl. French Guiana 'GF', Guadeloupe 'GP', Martinique 'MQ', Réunion 'RE' from 1997; incl. Mayotte 'YT' from 2014)",SG,Singapore,850760,Lithium-ion accumulators (excl. spent),2,EXPORT,VALUE_EUR,VALUE_EUR,2022,,3028943,
dataflow,ESTAT:DS-059341(1.0),International trade of EU and non-EU countries since 2002 by HS2-4-6,A,Annual,FR,"France (incl. Saint Barthélemy 'BL' -> 2012; incl. French Guiana 'GF', Guadeloupe 'GP', Martinique 'MQ', Réunion 'RE' from 1997; incl. Mayotte 'YT' from 2014)",SG,Singapore,850760,Lithium-ion accumulators (excl. spent),2,EXPORT,VALUE_EUR,VALUE_EUR,2023,,4480902,
dataflow,ESTAT:DS-059341(1.0),International trade of EU and non-EU countries since 2002 by HS2-4-6,A,Annual,FR,"France (incl. Saint Barthélemy 'BL' -> 2012; incl. French Guiana 'GF', Guadeloupe 'GP', Martinique 'MQ', Réunion 'RE' from 1997; incl. Mayotte 'YT' from 2014)",SG,Singapore,850760,Lithium-ion accumulators (excl. spent),2,EXPORT,VALUE_EUR,VALUE_EUR,2024,,2185386,
dataflow,ESTAT:DS-059341(1.0),International trade of EU and non-EU countries since 2002 by HS2-4-6,A,Annual,FR,"France (incl. Saint Barthélemy 'BL' -> 2012; incl. French Guiana 'GF', Guadeloupe 'GP', Martinique 'MQ', Réunion 'RE' from 1997; incl. Mayotte 'YT' from 2014)",SG,Singapore,850780,"Electric accumulators (excl. spent and lead-acid, nickel-cadmium, nickel-iron, nickel-metal hydride and lithium-ion accumulators)",1,IMPORT,VALUE_EUR,VALUE_EUR,2002,,71506,
dataflow,ESTAT:DS-059341(1.0),International trade of EU and non-EU countries since 2002 by HS2-4-6,A,Annual,FR,"France (incl. Saint Barthélemy 'BL' -> 2012; incl. French Guiana 'GF', Guadeloupe 'GP', Martinique 'MQ', Réunion 'RE' from 1997; incl. Mayotte 'YT' from 2014)",SG,Singapore,850780,"Electric accumulators (excl. spent and lead-acid, nickel-cadmium, nickel-iron, nickel-metal hydride and lithium-ion accumulators)",1,IMPORT,VALUE_EUR,VALUE_EUR,2003,,164383,
dataflow,ESTAT:DS-059341(1.0),International trade of EU and non-EU countries since 2002 by HS2-4-6,A,Annual,FR,"France (incl. Saint Barthélemy 'BL' -> 2012; incl. French Guiana 'GF', Guadeloupe 'GP', Martinique 'MQ', Réunion 'RE' from 1997; incl. Mayotte 'YT' from 2014)",SG,Singapore,850780,"Electric accumulators (excl. spent and lead-acid, nickel-cadmium, nickel-iron, nickel-metal hydride and lithium-ion accumulators)",1,IMPORT,VALUE_EUR,VALUE_EUR,2004,,68016,
dataflow,ESTAT:DS-059341(1.0),International trade of EU and non-EU countries since 2002 by HS2-4-6,A,Annual,FR,"France (incl. Saint Barthélemy 'BL' -> 2012; incl. French Guiana 'GF', Guadeloupe 'GP', Martinique 'MQ', Réunion 'RE' from 1997; incl. Mayotte 'YT' from 2014)",SG,Singapore,850780,"Electric accumulators (excl. spent and lead-acid, nickel-cadmium, nickel-iron, nickel-metal hydride and lithium-ion accumulators)",1,IMPORT,VALUE_EUR,VALUE_EUR,2005,,49944,
dataflow,ESTAT:DS-059341(1.0),International trade of EU and non-EU countries since 2002 by HS2-4-6,A,Annual,FR,"France (incl. Saint Barthélemy 'BL' -> 2012; incl. French Guiana 'GF', Guadeloupe 'GP', Martinique 'MQ', Réunion 'RE' from 1997; incl. Mayotte 'YT' from 2014)",SG,Singapore,850780,"Electric accumulators (excl. spent and lead-acid, nickel-cadmium, nickel-iron, nickel-metal hydride and lithium-ion accumulators)",1,IMPORT,VALUE_EUR,VALUE_EUR,2006,,406113,
dataflow,ESTAT:DS-059341(1.0),International trade of EU and non-EU countries since 2002 by HS2-4-6,A,Annual,FR,"France (incl. Saint Barthélemy 'BL' -> 2012; incl. French Guiana 'GF', Guadeloupe 'GP', Martinique 'MQ', Réunion 'RE' from 1997; incl. Mayotte 'YT' from 2014)",SG,Singapore,850780,"Electric accumulators (excl. spent and lead-acid, nickel-cadmium, nickel-iron, nickel-metal hydride and lithium-ion accumulators)",1,IMPORT,VALUE_EUR,VALUE_EUR,2007,,217295,
dataflow,ESTAT:DS-059341(1.0),International trade of EU and non-EU countries since 2002 by HS2-4-6,A,Annual,FR,"France (incl. Saint Barthélemy 'BL' -> 2012; incl. French Guiana 'GF', Guadeloupe 'GP', Martinique 'MQ', Réunion 'RE' from 1997; incl. Mayotte 'YT' from 2014)",SG,Singapore,850780,"Electric accumulators (excl. spent and lead-acid, nickel-cadmium, nickel-iron, nickel-metal hydride and lithium-ion accumulators)",1,IMPORT,VALUE_EUR,VALUE_EUR,2008,,251274,
dataflow,ESTAT:DS-059341(1.0),International trade of EU and non-EU countries since 2002 by HS2-4-6,A,Annual,FR,"France (incl. Saint Barthélemy 'BL' -> 2012; incl. French Guiana 'GF', Guadeloupe 'GP', Martinique 'MQ', Réunion 'RE' from 1997; incl. Mayotte 'YT' from 2014)",SG,Singapore,850780,"Electric accumulators (excl. spent and lead-acid, nickel-cadmium, nickel-iron, nickel-metal hydride and lithium-ion accumulators)",1,IMPORT,VALUE_EUR,VALUE_EUR,2009,,112765,
dataflow,ESTAT:DS-059341(1.0),International trade of EU and non-EU countries since 2002 by HS2-4-6,A,Annual,FR,"France (incl. Saint Barthélemy 'BL' -> 2012; incl. French Guiana 'GF', Guadeloupe 'GP', Martinique 'MQ', Réunion 'RE' from 1997; incl. Mayotte 'YT' from 2014)",SG,Singapore,850780,"Electric accumulators (excl. spent and lead-acid, nickel-cadmium, nickel-iron, nickel-metal hydride and lithium-ion accumulators)",1,IMPORT,VALUE_EUR,VALUE_EUR,2010,,82360,
dataflow,ESTAT:DS-059341(1.0),International trade of EU and non-EU countries since 2002 by HS2-4-6,A,Annual,FR,"France (incl. Saint Barthélemy 'BL' -> 2012; incl. French Guiana 'GF', Guadeloupe 'GP', Martinique 'MQ', Réunion 'RE' from 1997; incl. Mayotte 'YT' from 2014)",SG,Singapore,850780,"Electric accumulators (excl. spent and lead-acid, nickel-cadmium, nickel-iron, nickel-metal hydride and lithium-ion accumulators)",1,IMPORT,VALUE_EUR,VALUE_EUR,2011,,84403,
dataflow,ESTAT:DS-059341(1.0),International trade of EU and non-EU countries since 2002 by HS2-4-6,A,Annual,FR,"France (incl. Saint Barthélemy 'BL' -> 2012; incl. French Guiana 'GF', Guadeloupe 'GP', Martinique 'MQ', Réunion 'RE' from 1997; incl. Mayotte 'YT' from 2014)",SG,Singapore,850780,"Electric accumulators (excl. spent and lead-acid, nickel-cadmium, nickel-iron, nickel-metal hydride and lithium-ion accumulators)",1,IMPORT,VALUE_EUR,VALUE_EUR,2012,,124173,
dataflow,ESTAT:DS-059341(1.0),International trade of EU and non-EU countries since 2002 by HS2-4-6,A,Annual,FR,"France (incl. Saint Barthélemy 'BL' -> 2012; incl. French Guiana 'GF', Guadeloupe 'GP', Martinique 'MQ', Réunion 'RE' from 1997; incl. Mayotte 'YT' from 2014)",SG,Singapore,850780,"Electric accumulators (excl. spent and lead-acid, nickel-cadmium, nickel-iron, nickel-metal hydride and lithium-ion accumulators)",1,IMPORT,VALUE_EUR,VALUE_EUR,2013,,54368,
dataflow,ESTAT:DS-059341(1.0),International trade of EU and non-EU countries since 2002 by HS2-4-6,A,Annual,FR,"France (incl. Saint Barthélemy 'BL' -> 2012; incl. French Guiana 'GF', Guadeloupe 'GP', Martinique 'MQ', Réunion 'RE' from 1997; incl. Mayotte 'YT' from 2014)",SG,Singapore,850780,"Electric accumulators (excl. spent and lead-acid, nickel-cadmium, nickel-iron, nickel-metal hydride and lithium-ion accumulators)",1,IMPORT,VALUE_EUR,VALUE_EUR,2014,,17657,
dataflow,ESTAT:DS-059341(1.0),International trade of EU and non-EU countries since 2002 by HS2-4-6,A,Annual,FR,"France (incl. Saint Barthélemy 'BL' -> 2012; incl. French Guiana 'GF', Guadeloupe 'GP', Martinique 'MQ', Réunion 'RE' from 1997; incl. Mayotte 'YT' from 2014)",SG,Singapore,850780,"Electric accumulators (excl. spent and lead-acid, nickel-cadmium, nickel-iron, nickel-metal hydride and lithium-ion accumulators)",1,IMPORT,VALUE_EUR,VALUE_EUR,2015,,62035,
dataflow,ESTAT:DS-059341(1.0),International trade of EU and non-EU countries since 2002 by HS2-4-6,A,Annual,FR,"France (incl. Saint Barthélemy 'BL' -> 2012; incl. French Guiana 'GF', Guadeloupe 'GP', Martinique 'MQ', Réunion 'RE' from 1997; incl. Mayotte 'YT' from 2014)",SG,Singapore,850780,"Electric accumulators (excl. spent and lead-acid, nickel-cadmium, nickel-iron, nickel-metal hydride and lithium-ion accumulators)",1,IMPORT,VALUE_EUR,VALUE_EUR,2016,,72193,
dataflow,ESTAT:DS-059341(1.0),International trade of EU and non-EU countries since 2002 by HS2-4-6,A,Annual,FR,"France (incl. Saint Barthélemy 'BL' -> 2012; incl. French Guiana 'GF', Guadeloupe 'GP', Martinique 'MQ', Réunion 'RE' from 1997; incl. Mayotte 'YT' from 2014)",SG,Singapore,850780,"Electric accumulators (excl. spent and lead-acid, nickel-cadmium, nickel-iron, nickel-metal hydride and lithium-ion accumulators)",1,IMPORT,VALUE_EUR,VALUE_EUR,2017,,77936,
dataflow,ESTAT:DS-059341(1.0),International trade of EU and non-EU countries since 2002 by HS2-4-6,A,Annual,FR,"France (incl. Saint Barthélemy 'BL' -> 2012; incl. French Guiana 'GF', Guadeloupe 'GP', Martinique 'MQ', Réunion 'RE' from 1997; incl. Mayotte 'YT' from 2014)",SG,Singapore,850780,"Electric accumulators (excl. spent and lead-acid, nickel-cadmium, nickel-iron, nickel-metal hydride and lithium-ion accumulators)",1,IMPORT,VALUE_EUR,VALUE_EUR,2018,,125148,
dataflow,ESTAT:DS-059341(1.0),International trade of EU and non-EU countries since 2002 by HS2-4-6,A,Annual,FR,"France (incl. Saint Barthélemy 'BL' -> 2012; incl. French Guiana 'GF', Guadeloupe 'GP', Martinique 'MQ', Réunion 'RE' from 1997; incl. Mayotte 'YT' from 2014)",SG,Singapore,850780,"Electric accumulators (excl. spent and lead-acid, nickel-cadmium, nickel-iron, nickel-metal hydride and lithium-ion accumulators)",1,IMPORT,VALUE_EUR,VALUE_EUR,2019,,151809,
dataflow,ESTAT:DS-059341(1.0),International trade of EU and non-EU countries since 2002 by HS2-4-6,A,Annual,FR,"France (incl. Saint Barthélemy 'BL' -> 2012; incl. French Guiana 'GF', Guadeloupe 'GP', Martinique 'MQ', Réunion 'RE' from 1997; incl. Mayotte 'YT' from 2014)",SG,Singapore,850780,"Electric accumulators (excl. spent and lead-acid, nickel-cadmium, nickel-iron, nickel-metal hydride and lithium-ion accumulators)",1,IMPORT,VALUE_EUR,VALUE_EUR,2020,,82024,
dataflow,ESTAT:DS-059341(1.0),International trade of EU and non-EU countries since 2002 by HS2-4-6,A,Annual,FR,"France (incl. Saint Barthélemy 'BL' -> 2012; incl. French Guiana 'GF', Guadeloupe 'GP', Martinique 'MQ', Réunion 'RE' from 1997; incl. Mayotte 'YT' from 2014)",SG,Singapore,850780,"Electric accumulators (excl. spent and lead-acid, nickel-cadmium, nickel-iron, nickel-metal hydride and lithium-ion accumulators)",1,IMPORT,VALUE_EUR,VALUE_EUR,2021,,165275,
dataflow,ESTAT:DS-059341(1.0),International trade of EU and non-EU countries since 2002 by HS2-4-6,A,Annual,FR,"France (incl. Saint Barthélemy 'BL' -> 2012; incl. French Guiana 'GF', Guadeloupe 'GP', Martinique 'MQ', Réunion 'RE' from 1997; incl. Mayotte 'YT' from 2014)",SG,Singapore,850780,"Electric accumulators (excl. spent and lead-acid, nickel-cadmium, nickel-iron, nickel-metal hydride and lithium-ion accumulators)",1,IMPORT,VALUE_EUR,VALUE_EUR,2022,,260916,
dataflow,ESTAT:DS-059341(1.0),International trade of EU and non-EU countries since 2002 by HS2-4-6,A,Annual,FR,"France (incl. Saint Barthélemy 'BL' -> 2012; incl. French Guiana 'GF', Guadeloupe 'GP', Martinique 'MQ', Réunion 'RE' from 1997; incl. Mayotte 'YT' from 2014)",SG,Singapore,850780,"Electric accumulators (excl. spent and lead-acid, nickel-cadmium, nickel-iron, nickel-metal hydride and lithium-ion accumulators)",1,IMPORT,VALUE_EUR,VALUE_EUR,2023,,388029,
dataflow,ESTAT:DS-059341(1.0),International trade of EU and non-EU countries since 2002 by HS2-4-6,A,Annual,FR,"France (incl. Saint Barthélemy 'BL' -> 2012; incl. French Guiana 'GF', Guadeloupe 'GP', Martinique 'MQ', Réunion 'RE' from 1997; incl. Mayotte 'YT' from 2014)",SG,Singapore,850780,"Electric accumulators (excl. spent and lead-acid, nickel-cadmium, nickel-iron, nickel-metal hydride and lithium-ion accumulators)",1,IMPORT,VALUE_EUR,VALUE_EUR,2024,,85440,
dataflow,ESTAT:DS-059341(1.0),International trade of EU and non-EU countries since 2002 by HS2-4-6,A,Annual,FR,"France (incl. Saint Barthélemy 'BL' -> 2012; incl. French Guiana 'GF', Guadeloupe 'GP', Martinique 'MQ', Réunion 'RE' from 1997; incl. Mayotte 'YT' from 2014)",SG,Singapore,850780,"Electric accumulators (excl. spent and lead-acid, nickel-cadmium, nickel-iron, nickel-metal hydride and lithium-ion accumulators)",2,EXPORT,VALUE_EUR,VALUE_EUR,2002,,764734,
dataflow,ESTAT:DS-059341(1.0),International trade of EU and non-EU countries since 2002 by HS2-4-6,A,Annual,FR,"France (incl. Saint Barthélemy 'BL' -> 2012; incl. French Guiana 'GF', Guadeloupe 'GP', Martinique 'MQ', Réunion 'RE' from 1997; incl. Mayotte 'YT' from 2014)",SG,Singapore,850780,"Electric accumulators (excl. spent and lead-acid, nickel-cadmium, nickel-iron, nickel-metal hydride and lithium-ion accumulators)",2,EXPORT,VALUE_EUR,VALUE_EUR,2003,,934487,
dataflow,ESTAT:DS-059341(1.0),International trade of EU and non-EU countries since 2002 by HS2-4-6,A,Annual,FR,"France (incl. Saint Barthélemy 'BL' -> 2012; incl. French Guiana 'GF', Guadeloupe 'GP', Martinique 'MQ', Réunion 'RE' from 1997; incl. Mayotte 'YT' from 2014)",SG,Singapore,850780,"Electric accumulators (excl. spent and lead-acid, nickel-cadmium, nickel-iron, nickel-metal hydride and lithium-ion accumulators)",2,EXPORT,VALUE_EUR,VALUE_EUR,2004,,1388054,
dataflow,ESTAT:DS-059341(1.0),International trade of EU and non-EU countries since 2002 by HS2-4-6,A,Annual,FR,"France (incl. Saint Barthélemy 'BL' -> 2012; incl. French Guiana 'GF', Guadeloupe 'GP', Martinique 'MQ', Réunion 'RE' from 1997; incl. Mayotte 'YT' from 2014)",SG,Singapore,850780,"Electric accumulators (excl. spent and lead-acid, nickel-cadmium, nickel-iron, nickel-metal hydride and lithium-ion accumulators)",2,EXPORT,VALUE_EUR,VALUE_EUR,2005,,559373,
dataflow,ESTAT:DS-059341(1.0),International trade of EU and non-EU countries since 2002 by HS2-4-6,A,Annual,FR,"France (incl. Saint Barthélemy 'BL' -> 2012; incl. French Guiana 'GF', Guadeloupe 'GP', Martinique 'MQ', Réunion 'RE' from 1997; incl. Mayotte 'YT' from 2014)",SG,Singapore,850780,"Electric accumulators (excl. spent and lead-acid, nickel-cadmium, nickel-iron, nickel-metal hydride and lithium-ion accumulators)",2,EXPORT,VALUE_EUR,VALUE_EUR,2006,,504925,
dataflow,ESTAT:DS-059341(1.0),International trade of EU and non-EU countries since 2002 by HS2-4-6,A,Annual,FR,"France (incl. Saint Barthélemy 'BL' -> 2012; incl. French Guiana 'GF', Guadeloupe 'GP', Martinique 'MQ', Réunion 'RE' from 1997; incl. Mayotte 'YT' from 2014)",SG,Singapore,850780,"Electric accumulators (excl. spent and lead-acid, nickel-cadmium, nickel-iron, nickel-metal hydride and lithium-ion accumulators)",2,EXPORT,VALUE_EUR,VALUE_EUR,2007,,452385,
dataflow,ESTAT:DS-059341(1.0),International trade of EU and non-EU countries since 2002 by HS2-4-6,A,Annual,FR,"France (incl. Saint Barthélemy 'BL' -> 2012; incl. French Guiana 'GF', Guadeloupe 'GP', Martinique 'MQ', Réunion 'RE' from 1997; incl. Mayotte 'YT' from 2014)",SG,Singapore,850780,"Electric accumulators (excl. spent and lead-acid, nickel-cadmium, nickel-iron, nickel-metal hydride and lithium-ion accumulators)",2,EXPORT,VALUE_EUR,VALUE_EUR,2008,,391458,
dataflow,ESTAT:DS-059341(1.0),International trade of EU and non-EU countries since 2002 by HS2-4-6,A,Annual,FR,"France (incl. Saint Barthélemy 'BL' -> 2012; incl. French Guiana 'GF', Guadeloupe 'GP', Martinique 'MQ', Réunion 'RE' from 1997; incl. Mayotte 'YT' from 2014)",SG,Singapore,850780,"Electric accumulators (excl. spent and lead-acid, nickel-cadmium, nickel-iron, nickel-metal hydride and lithium-ion accumulators)",2,EXPORT,VALUE_EUR,VALUE_EUR,2009,,252654,
dataflow,ESTAT:DS-059341(1.0),International trade of EU and non-EU countries since 2002 by HS2-4-6,A,Annual,FR,"France (incl. Saint Barthélemy 'BL' -> 2012; incl. French Guiana 'GF', Guadeloupe 'GP', Martinique 'MQ', Réunion 'RE' from 1997; incl. Mayotte 'YT' from 2014)",SG,Singapore,850780,"Electric accumulators (excl. spent and lead-acid, nickel-cadmium, nickel-iron, nickel-metal hydride and lithium-ion accumulators)",2,EXPORT,VALUE_EUR,VALUE_EUR,2010,,450412,
dataflow,ESTAT:DS-059341(1.0),International trade of EU and non-EU countries since 2002 by HS2-4-6,A,Annual,FR,"France (incl. Saint Barthélemy 'BL' -> 2012; incl. French Guiana 'GF', Guadeloupe 'GP', Martinique 'MQ', Réunion 'RE' from 1997; incl. Mayotte 'YT' from 2014)",SG,Singapore,850780,"Electric accumulators (excl. spent and lead-acid, nickel-cadmium, nickel-iron, nickel-metal hydride and lithium-ion accumulators)",2,EXPORT,VALUE_EUR,VALUE_EUR,2011,,416082,
dataflow,ESTAT:DS-059341(1.0),International trade of EU and non-EU countries since 2002 by HS2-4-6,A,Annual,FR,"France (incl. Saint Barthélemy 'BL' -> 2012; incl. French Guiana 'GF', Guadeloupe 'GP', Martinique 'MQ', Réunion 'RE' from 1997; incl. Mayotte 'YT' from 2014)",SG,Singapore,850780,"Electric accumulators (excl. spent and lead-acid, nickel-cadmium, nickel-iron, nickel-metal hydride and lithium-ion accumulators)",2,EXPORT,VALUE_EUR,VALUE_EUR,2012,,983601,
dataflow,ESTAT:DS-059341(1.0),International trade of EU and non-EU countries since 2002 by HS2-4-6,A,Annual,FR,"France (incl. Saint Barthélemy 'BL' -> 2012; incl. French Guiana 'GF', Guadeloupe 'GP', Martinique 'MQ', Réunion 'RE' from 1997; incl. Mayotte 'YT' from 2014)",SG,Singapore,850780,"Electric accumulators (excl. spent and lead-acid, nickel-cadmium, nickel-iron, nickel-metal hydride and lithium-ion accumulators)",2,EXPORT,VALUE_EUR,VALUE_EUR,2013,,395299,
dataflow,ESTAT:DS-059341(1.0),International trade of EU and non-EU countries since 2002 by HS2-4-6,A,Annual,FR,"France (incl. Saint Barthélemy 'BL' -> 2012; incl. French Guiana 'GF', Guadeloupe 'GP', Martinique 'MQ', Réunion 'RE' from 1997; incl. Mayotte 'YT' from 2014)",SG,Singapore,850780,"Electric accumulators (excl. spent and lead-acid, nickel-cadmium, nickel-iron, nickel-metal hydride and lithium-ion accumulators)",2,EXPORT,VALUE_EUR,VALUE_EUR,2014,,142969,
dataflow,ESTAT:DS-059341(1.0),International trade of EU and non-EU countries since 2002 by HS2-4-6,A,Annual,FR,"France (incl. Saint Barthélemy 'BL' -> 2012; incl. French Guiana 'GF', Guadeloupe 'GP', Martinique 'MQ', Réunion 'RE' from 1997; incl. Mayotte 'YT' from 2014)",SG,Singapore,850780,"Electric accumulators (excl. spent and lead-acid, nickel-cadmium, nickel-iron, nickel-metal hydride and lithium-ion accumulators)",2,EXPORT,VALUE_EUR,VALUE_EUR,2015,,455825,
dataflow,ESTAT:DS-059341(1.0),International trade of EU and non-EU countries since 2002 by HS2-4-6,A,Annual,FR,"France (incl. Saint Barthélemy 'BL' -> 2012; incl. French Guiana 'GF', Guadeloupe 'GP', Martinique 'MQ', Réunion 'RE' from 1997; incl. Mayotte 'YT' from 2014)",SG,Singapore,850780,"Electric accumulators (excl. spent and lead-acid, nickel-cadmium, nickel-iron, nickel-metal hydride and lithium-ion accumulators)",2,EXPORT,VALUE_EUR,VALUE_EUR,2016,,305386,
dataflow,ESTAT:DS-059341(1.0),International trade of EU and non-EU countries since 2002 by HS2-4-6,A,Annual,FR,"France (incl. Saint Barthélemy 'BL' -> 2012; incl. French Guiana 'GF', Guadeloupe 'GP', Martinique 'MQ', Réunion 'RE' from 1997; incl. Mayotte 'YT' from 2014)",SG,Singapore,850780,"Electric accumulators (excl. spent and lead-acid, nickel-cadmium, nickel-iron, nickel-metal hydride and lithium-ion accumulators)",2,EXPORT,VALUE_EUR,VALUE_EUR,2017,,558996,
dataflow,ESTAT:DS-059341(1.0),International trade of EU and non-EU countries since 2002 by HS2-4-6,A,Annual,FR,"France (incl. Saint Barthélemy 'BL' -> 2012; incl. French Guiana 'GF', Guadeloupe 'GP', Martinique 'MQ', Réunion 'RE' from 1997; incl. Mayotte 'YT' from 2014)",SG,Singapore,850780,"Electric accumulators (excl. spent and lead-acid, nickel-cadmium, nickel-iron, nickel-metal hydride and lithium-ion accumulators)",2,EXPORT,VALUE_EUR,VALUE_EUR,2018,,1169813,
dataflow,ESTAT:DS-059341(1.0),International trade of EU and non-EU countries since 2002 by HS2-4-6,A,Annual,FR,"France (incl. Saint Barthélemy 'BL' -> 2012; incl. French Guiana 'GF', Guadeloupe 'GP', Martinique 'MQ', Réunion 'RE' from 1997; incl. Mayotte 'YT' from 2014)",SG,Singapore,850780,"Electric accumulators (excl. spent and lead-acid, nickel-cadmium, nickel-iron, nickel-metal hydride and lithium-ion accumulators)",2,EXPORT,VALUE_EUR,VALUE_EUR,2019,,1421199,
dataflow,ESTAT:DS-059341(1.0),International trade of EU and non-EU countries since 2002 by HS2-4-6,A,Annual,FR,"France (incl. Saint Barthélemy 'BL' -> 2012; incl. French Guiana 'GF', Guadeloupe 'GP', Martinique 'MQ', Réunion 'RE' from 1997; incl. Mayotte 'YT' from 2014)",SG,Singapore,850780,"Electric accumulators (excl. spent and lead-acid, nickel-cadmium, nickel-iron, nickel-metal hydride and lithium-ion accumulators)",2,EXPORT,VALUE_EUR,VALUE_EUR,2020,,1393359,
dataflow,ESTAT:DS-059341(1.0),International trade of EU and non-EU countries since 2002 by HS2-4-6,A,Annual,FR,"France (incl. Saint Barthélemy 'BL' -> 2012; incl. French Guiana 'GF', Guadeloupe 'GP', Martinique 'MQ', Réunion 'RE' from 1997; incl. Mayotte 'YT' from 2014)",SG,Singapore,850780,"Electric accumulators (excl. spent and lead-acid, nickel-cadmium, nickel-iron, nickel-metal hydride and lithium-ion accumulators)",2,EXPORT,VALUE_EUR,VALUE_EUR,2021,,327116,
dataflow,ESTAT:DS-059341(1.0),International trade of EU and non-EU countries since 2002 by HS2-4-6,A,Annual,FR,"France (incl. Saint Barthélemy 'BL' -> 2012; incl. French Guiana 'GF', Guadeloupe 'GP', Martinique 'MQ', Réunion 'RE' from 1997; incl. Mayotte 'YT' from 2014)",SG,Singapore,850780,"Electric accumulators (excl. spent and lead-acid, nickel-cadmium, nickel-iron, nickel-metal hydride and lithium-ion accumulators)",2,EXPORT,VALUE_EUR,VALUE_EUR,2022,,187443,
dataflow,ESTAT:DS-059341(1.0),International trade of EU and non-EU countries since 2002 by HS2-4-6,A,Annual,FR,"France (incl. Saint Barthélemy 'BL' -> 2012; incl. French Guiana 'GF', Guadeloupe 'GP', Martinique 'MQ', Réunion 'RE' from 1997; incl. Mayotte 'YT' from 2014)",SG,Singapore,850780,"Electric accumulators (excl. spent and lead-acid, nickel-cadmium, nickel-iron, nickel-metal hydride and lithium-ion accumulators)",2,EXPORT,VALUE_EUR,VALUE_EUR,2023,,137966,
dataflow,ESTAT:DS-059341(1.0),International trade of EU and non-EU countries since 2002 by HS2-4-6,A,Annual,FR,"France (incl. Saint Barthélemy 'BL' -> 2012; incl. French Guiana 'GF', Guadeloupe 'GP', Martinique 'MQ', Réunion 'RE' from 1997; incl. Mayotte 'YT' from 2014)",SG,Singapore,850780,"Electric accumulators (excl. spent and lead-acid, nickel-cadmium, nickel-iron, nickel-metal hydride and lithium-ion accumulators)",2,EXPORT,VALUE_EUR,VALUE_EUR,2024,,204411,
dataflow,ESTAT:DS-059341(1.0),International trade of EU and non-EU countries since 2002 by HS2-4-6,A,Annual,FR,"France (incl. Saint Barthélemy 'BL' -> 2012; incl. French Guiana 'GF', Guadeloupe 'GP', Martinique 'MQ', Réunion 'RE' from 1997; incl. Mayotte 'YT' from 2014)",SG,Singapore,TOTAL,Total,1,IMPORT,VALUE_EUR,VALUE_EUR,2002,,1609189165,
dataflow,ESTAT:DS-059341(1.0),International trade of EU and non-EU countries since 2002 by HS2-4-6,A,Annual,FR,"France (incl. Saint Barthélemy 'BL' -> 2012; incl. French Guiana 'GF', Guadeloupe 'GP', Martinique 'MQ', Réunion 'RE' from 1997; incl. Mayotte 'YT' from 2014)",SG,Singapore,TOTAL,Total,1,IMPORT,VALUE_EUR,VALUE_EUR,2003,,1915059010,
dataflow,ESTAT:DS-059341(1.0),International trade of EU and non-EU countries since 2002 by HS2-4-6,A,Annual,FR,"France (incl. Saint Barthélemy 'BL' -> 2012; incl. French Guiana 'GF', Guadeloupe 'GP', Martinique 'MQ', Réunion 'RE' from 1997; incl. Mayotte 'YT' from 2014)",SG,Singapore,TOTAL,Total,1,IMPORT,VALUE_EUR,VALUE_EUR,2004,,1855521692,
dataflow,ESTAT:DS-059341(1.0),International trade of EU and non-EU countries since 2002 by HS2-4-6,A,Annual,FR,"France (incl. Saint Barthélemy 'BL' -> 2012; incl. French Guiana 'GF', Guadeloupe 'GP', Martinique 'MQ', Réunion 'RE' from 1997; incl. Mayotte 'YT' from 2014)",SG,Singapore,TOTAL,Total,1,IMPORT,VALUE_EUR,VALUE_EUR,2005,,3204925270,
dataflow,ESTAT:DS-059341(1.0),International trade of EU and non-EU countries since 2002 by HS2-4-6,A,Annual,FR,"France (incl. Saint Barthélemy 'BL' -> 2012; incl. French Guiana 'GF', Guadeloupe 'GP', Martinique 'MQ', Réunion 'RE' from 1997; incl. Mayotte 'YT' from 2014)",SG,Singapore,TOTAL,Total,1,IMPORT,VALUE_EUR,VALUE_EUR,2006,,2561432596,
dataflow,ESTAT:DS-059341(1.0),International trade of EU and non-EU countries since 2002 by HS2-4-6,A,Annual,FR,"France (incl. Saint Barthélemy 'BL' -> 2012; incl. French Guiana 'GF', Guadeloupe 'GP', Martinique 'MQ', Réunion 'RE' from 1997; incl. Mayotte 'YT' from 2014)",SG,Singapore,TOTAL,Total,1,IMPORT,VALUE_EUR,VALUE_EUR,2007,,3352264028,
dataflow,ESTAT:DS-059341(1.0),International trade of EU and non-EU countries since 2002 by HS2-4-6,A,Annual,FR,"France (incl. Saint Barthélemy 'BL' -> 2012; incl. French Guiana 'GF', Guadeloupe 'GP', Martinique 'MQ', Réunion 'RE' from 1997; incl. Mayotte 'YT' from 2014)",SG,Singapore,TOTAL,Total,1,IMPORT,VALUE_EUR,VALUE_EUR,2008,,2388793645,
dataflow,ESTAT:DS-059341(1.0),International trade of EU and non-EU countries since 2002 by HS2-4-6,A,Annual,FR,"France (incl. Saint Barthélemy 'BL' -> 2012; incl. French Guiana 'GF', Guadeloupe 'GP', Martinique 'MQ', Réunion 'RE' from 1997; incl. Mayotte 'YT' from 2014)",SG,Singapore,TOTAL,Total,1,IMPORT,VALUE_EUR,VALUE_EUR,2009,,2036333482,
dataflow,ESTAT:DS-059341(1.0),International trade of EU and non-EU countries since 2002 by HS2-4-6,A,Annual,FR,"France (incl. Saint Barthélemy 'BL' -> 2012; incl. French Guiana 'GF', Guadeloupe 'GP', Martinique 'MQ', Réunion 'RE' from 1997; incl. Mayotte 'YT' from 2014)",SG,Singapore,TOTAL,Total,1,IMPORT,VALUE_EUR,VALUE_EUR,2010,,2602427400,
dataflow,ESTAT:DS-059341(1.0),International trade of EU and non-EU countries since 2002 by HS2-4-6,A,Annual,FR,"France (incl. Saint Barthélemy 'BL' -> 2012; incl. French Guiana 'GF', Guadeloupe 'GP', Martinique 'MQ', Réunion 'RE' from 1997; incl. Mayotte 'YT' from 2014)",SG,Singapore,TOTAL,Total,1,IMPORT,VALUE_EUR,VALUE_EUR,2011,,3311764471,
dataflow,ESTAT:DS-059341(1.0),International trade of EU and non-EU countries since 2002 by HS2-4-6,A,Annual,FR,"France (incl. Saint Barthélemy 'BL' -> 2012; incl. French Guiana 'GF', Guadeloupe 'GP', Martinique 'MQ', Réunion 'RE' from 1997; incl. Mayotte 'YT' from 2014)",SG,Singapore,TOTAL,Total,1,IMPORT,VALUE_EUR,VALUE_EUR,2012,,3728262945,
dataflow,ESTAT:DS-059341(1.0),International trade of EU and non-EU countries since 2002 by HS2-4-6,A,Annual,FR,"France (incl. Saint Barthélemy 'BL' -> 2012; incl. French Guiana 'GF', Guadeloupe 'GP', Martinique 'MQ', Réunion 'RE' from 1997; incl. Mayotte 'YT' from 2014)",SG,Singapore,TOTAL,Total,1,IMPORT,VALUE_EUR,VALUE_EUR,2013,,2163695275,
dataflow,ESTAT:DS-059341(1.0),International trade of EU and non-EU countries since 2002 by HS2-4-6,A,Annual,FR,"France (incl. Saint Barthélemy 'BL' -> 2012; incl. French Guiana 'GF', Guadeloupe 'GP', Martinique 'MQ', Réunion 'RE' from 1997; incl. Mayotte 'YT' from 2014)",SG,Singapore,TOTAL,Total,1,IMPORT,VALUE_EUR,VALUE_EUR,2014,,2082993161,
dataflow,ESTAT:DS-059341(1.0),International trade of EU and non-EU countries since 2002 by HS2-4-6,A,Annual,FR,"France (incl. Saint Barthélemy 'BL' -> 2012; incl. French Guiana 'GF', Guadeloupe 'GP', Martinique 'MQ', Réunion 'RE' from 1997; incl. Mayotte 'YT' from 2014)",SG,Singapore,TOTAL,Total,1,IMPORT,VALUE_EUR,VALUE_EUR,2015,,1791901399,
dataflow,ESTAT:DS-059341(1.0),International trade of EU and non-EU countries since 2002 by HS2-4-6,A,Annual,FR,"France (incl. Saint Barthélemy 'BL' -> 2012; incl. French Guiana 'GF', Guadeloupe 'GP', Martinique 'MQ', Réunion 'RE' from 1997; incl. Mayotte 'YT' from 2014)",SG,Singapore,TOTAL,Total,1,IMPORT,VALUE_EUR,VALUE_EUR,2016,,1550018137,
dataflow,ESTAT:DS-059341(1.0),International trade of EU and non-EU countries since 2002 by HS2-4-6,A,Annual,FR,"France (incl. Saint Barthélemy 'BL' -> 2012; incl. French Guiana 'GF', Guadeloupe 'GP', Martinique 'MQ', Réunion 'RE' from 1997; incl. Mayotte 'YT' from 2014)",SG,Singapore,TOTAL,Total,1,IMPORT,VALUE_EUR,VALUE_EUR,2017,,1676811390,
dataflow,ESTAT:DS-059341(1.0),International trade of EU and non-EU countries since 2002 by HS2-4-6,A,Annual,FR,"France (incl. Saint Barthélemy 'BL' -> 2012; incl. French Guiana 'GF', Guadeloupe 'GP', Martinique 'MQ', Réunion 'RE' from 1997; incl. Mayotte 'YT' from 2014)",SG,Singapore,TOTAL,Total,1,IMPORT,VALUE_EUR,VALUE_EUR,2018,,2046770187,
dataflow,ESTAT:DS-059341(1.0),International trade of EU and non-EU countries since 2002 by HS2-4-6,A,Annual,FR,"France (incl. Saint Barthélemy 'BL' -> 2012; incl. French Guiana 'GF', Guadeloupe 'GP', Martinique 'MQ', Réunion 'RE' from 1997; incl. Mayotte 'YT' from 2014)",SG,Singapore,TOTAL,Total,1,IMPORT,VALUE_EUR,VALUE_EUR,2019,,3246608436,
dataflow,ESTAT:DS-059341(1.0),International trade of EU and non-EU countries since 2002 by HS2-4-6,A,Annual,FR,"France (incl. Saint Barthélemy 'BL' -> 2012; incl. French Guiana 'GF', Guadeloupe 'GP', Martinique 'MQ', Réunion 'RE' from 1997; incl. Mayotte 'YT' from 2014)",SG,Singapore,TOTAL,Total,1,IMPORT,VALUE_EUR,VALUE_EUR,2020,,1802432470,
dataflow,ESTAT:DS-059341(1.0),International trade of EU and non-EU countries since 2002 by HS2-4-6,A,Annual,FR,"France (incl. Saint Barthélemy 'BL' -> 2012; incl. French Guiana 'GF', Guadeloupe 'GP', Martinique 'MQ', Réunion 'RE' from 1997; incl. Mayotte 'YT' from 2014)",SG,Singapore,TOTAL,Total,1,IMPORT,VALUE_EUR,VALUE_EUR,2021,,1653654471,
dataflow,ESTAT:DS-059341(1.0),International trade of EU and non-EU countries since 2002 by HS2-4-6,A,Annual,FR,"France (incl. Saint Barthélemy 'BL' -> 2012; incl. French Guiana 'GF', Guadeloupe 'GP', Martinique 'MQ', Réunion 'RE' from 1997; incl. Mayotte 'YT' from 2014)",SG,Singapore,TOTAL,Total,1,IMPORT,VALUE_EUR,VALUE_EUR,2022,,2074997446,
dataflow,ESTAT:DS-059341(1.0),International trade of EU and non-EU countries since 2002 by HS2-4-6,A,Annual,FR,"France (incl. Saint Barthélemy 'BL' -> 2012; incl. French Guiana 'GF', Guadeloupe 'GP', Martinique 'MQ', Réunion 'RE' from 1997; incl. Mayotte 'YT' from 2014)",SG,Singapore,TOTAL,Total,1,IMPORT,VALUE_EUR,VALUE_EUR,2023,,2268664116,
dataflow,ESTAT:DS-059341(1.0),International trade of EU and non-EU countries since 2002 by HS2-4-6,A,Annual,FR,"France (incl. Saint Barthélemy 'BL' -> 2012; incl. French Guiana 'GF', Guadeloupe 'GP', Martinique 'MQ', Réunion 'RE' from 1997; incl. Mayotte 'YT' from 2014)",SG,Singapore,TOTAL,Total,1,IMPORT,VALUE_EUR,VALUE_EUR,2024,,2246539005,
dataflow,ESTAT:DS-059341(1.0),International trade of EU and non-EU countries since 2002 by HS2-4-6,A,Annual,FR,"France (incl. Saint Barthélemy 'BL' -> 2012; incl. French Guiana 'GF', Guadeloupe 'GP', Martinique 'MQ', Réunion 'RE' from 1997; incl. Mayotte 'YT' from 2014)",SG,Singapore,TOTAL,Total,2,EXPORT,VALUE_EUR,VALUE_EUR,2002,,1972643843,
dataflow,ESTAT:DS-059341(1.0),International trade of EU and non-EU countries since 2002 by HS2-4-6,A,Annual,FR,"France (incl. Saint Barthélemy 'BL' -> 2012; incl. French Guiana 'GF', Guadeloupe 'GP', Martinique 'MQ', Réunion 'RE' from 1997; incl. Mayotte 'YT' from 2014)",SG,Singapore,TOTAL,Total,2,EXPORT,VALUE_EUR,VALUE_EUR,2003,,2146032297,
dataflow,ESTAT:DS-059341(1.0),International trade of EU and non-EU countries since 2002 by HS2-4-6,A,Annual,FR,"France (incl. Saint Barthélemy 'BL' -> 2012; incl. French Guiana 'GF', Guadeloupe 'GP', Martinique 'MQ', Réunion 'RE' from 1997; incl. Mayotte 'YT' from 2014)",SG,Singapore,TOTAL,Total,2,EXPORT,VALUE_EUR,VALUE_EUR,2004,,2862914024,
dataflow,ESTAT:DS-059341(1.0),International trade of EU and non-EU countries since 2002 by HS2-4-6,A,Annual,FR,"France (incl. Saint Barthélemy 'BL' -> 2012; incl. French Guiana 'GF', Guadeloupe 'GP', Martinique 'MQ', Réunion 'RE' from 1997; incl. Mayotte 'YT' from 2014)",SG,Singapore,TOTAL,Total,2,EXPORT,VALUE_EUR,VALUE_EUR,2005,,3135496173,
dataflow,ESTAT:DS-059341(1.0),International trade of EU and non-EU countries since 2002 by HS2-4-6,A,Annual,FR,"France (incl. Saint Barthélemy 'BL' -> 2012; incl. French Guiana 'GF', Guadeloupe 'GP', Martinique 'MQ', Réunion 'RE' from 1997; incl. Mayotte 'YT' from 2014)",SG,Singapore,TOTAL,Total,2,EXPORT,VALUE_EUR,VALUE_EUR,2006,,3459624646,
dataflow,ESTAT:DS-059341(1.0),International trade of EU and non-EU countries since 2002 by HS2-4-6,A,Annual,FR,"France (incl. Saint Barthélemy 'BL' -> 2012; incl. French Guiana 'GF', Guadeloupe 'GP', Martinique 'MQ', Réunion 'RE' from 1997; incl. Mayotte 'YT' from 2014)",SG,Singapore,TOTAL,Total,2,EXPORT,VALUE_EUR,VALUE_EUR,2007,,3609497301,
dataflow,ESTAT:DS-059341(1.0),International trade of EU and non-EU countries since 2002 by HS2-4-6,A,Annual,FR,"France (incl. Saint Barthélemy 'BL' -> 2012; incl. French Guiana 'GF', Guadeloupe 'GP', Martinique 'MQ', Réunion 'RE' from 1997; incl. Mayotte 'YT' from 2014)",SG,Singapore,TOTAL,Total,2,EXPORT,VALUE_EUR,VALUE_EUR,2008,,4630596355,
dataflow,ESTAT:DS-059341(1.0),International trade of EU and non-EU countries since 2002 by HS2-4-6,A,Annual,FR,"France (incl. Saint Barthélemy 'BL' -> 2012; incl. French Guiana 'GF', Guadeloupe 'GP', Martinique 'MQ', Réunion 'RE' from 1997; incl. Mayotte 'YT' from 2014)",SG,Singapore,TOTAL,Total,2,EXPORT,VALUE_EUR,VALUE_EUR,2009,,4275353479,
dataflow,ESTAT:DS-059341(1.0),International trade of EU and non-EU countries since 2002 by HS2-4-6,A,Annual,FR,"France (incl. Saint Barthélemy 'BL' -> 2012; incl. French Guiana 'GF', Guadeloupe 'GP', Martinique 'MQ', Réunion 'RE' from 1997; incl. Mayotte 'YT' from 2014)",SG,Singapore,TOTAL,Total,2,EXPORT,VALUE_EUR,VALUE_EUR,2010,,5071032682,
dataflow,ESTAT:DS-059341(1.0),International trade of EU and non-EU countries since 2002 by HS2-4-6,A,Annual,FR,"France (incl. Saint Barthélemy 'BL' -> 2012; incl. French Guiana 'GF', Guadeloupe 'GP', Martinique 'MQ', Réunion 'RE' from 1997; incl. Mayotte 'YT' from 2014)",SG,Singapore,TOTAL,Total,2,EXPORT,VALUE_EUR,VALUE_EUR,2011,,5191380020,
dataflow,ESTAT:DS-059341(1.0),International trade of EU and non-EU countries since 2002 by HS2-4-6,A,Annual,FR,"France (incl. Saint Barthélemy 'BL' -> 2012; incl. French Guiana 'GF', Guadeloupe 'GP', Martinique 'MQ', Réunion 'RE' from 1997; incl. Mayotte 'YT' from 2014)",SG,Singapore,TOTAL,Total,2,EXPORT,VALUE_EUR,VALUE_EUR,2012,,5966855826,
dataflow,ESTAT:DS-059341(1.0),International trade of EU and non-EU countries since 2002 by HS2-4-6,A,Annual,FR,"France (incl. Saint Barthélemy 'BL' -> 2012; incl. French Guiana 'GF', Guadeloupe 'GP', Martinique 'MQ', Réunion 'RE' from 1997; incl. Mayotte 'YT' from 2014)",SG,Singapore,TOTAL,Total,2,EXPORT,VALUE_EUR,VALUE_EUR,2013,,5519958654,
dataflow,ESTAT:DS-059341(1.0),International trade of EU and non-EU countries since 2002 by HS2-4-6,A,Annual,FR,"France (incl. Saint Barthélemy 'BL' -> 2012; incl. French Guiana 'GF', Guadeloupe 'GP', Martinique 'MQ', Réunion 'RE' from 1997; incl. Mayotte 'YT' from 2014)",SG,Singapore,TOTAL,Total,2,EXPORT,VALUE_EUR,VALUE_EUR,2014,,5123067403,
dataflow,ESTAT:DS-059341(1.0),International trade of EU and non-EU countries since 2002 by HS2-4-6,A,Annual,FR,"France (incl. Saint Barthélemy 'BL' -> 2012; incl. French Guiana 'GF', Guadeloupe 'GP', Martinique 'MQ', Réunion 'RE' from 1997; incl. Mayotte 'YT' from 2014)",SG,Singapore,TOTAL,Total,2,EXPORT,VALUE_EUR,VALUE_EUR,2015,,5413743783,
dataflow,ESTAT:DS-059341(1.0),International trade of EU and non-EU countries since 2002 by HS2-4-6,A,Annual,FR,"France (incl. Saint Barthélemy 'BL' -> 2012; incl. French Guiana 'GF', Guadeloupe 'GP', Martinique 'MQ', Réunion 'RE' from 1997; incl. Mayotte 'YT' from 2014)",SG,Singapore,TOTAL,Total,2,EXPORT,VALUE_EUR,VALUE_EUR,2016,,6194755202,
dataflow,ESTAT:DS-059341(1.0),International trade of EU and non-EU countries since 2002 by HS2-4-6,A,Annual,FR,"France (incl. Saint Barthélemy 'BL' -> 2012; incl. French Guiana 'GF', Guadeloupe 'GP', Martinique 'MQ', Réunion 'RE' from 1997; incl. Mayotte 'YT' from 2014)",SG,Singapore,TOTAL,Total,2,EXPORT,VALUE_EUR,VALUE_EUR,2017,,6828116999,
dataflow,ESTAT:DS-059341(1.0),International trade of EU and non-EU countries since 2002 by HS2-4-6,A,Annual,FR,"France (incl. Saint Barthélemy 'BL' -> 2012; incl. French Guiana 'GF', Guadeloupe 'GP', Martinique 'MQ', Réunion 'RE' from 1997; incl. Mayotte 'YT' from 2014)",SG,Singapore,TOTAL,Total,2,EXPORT,VALUE_EUR,VALUE_EUR,2018,,8315490161,
dataflow,ESTAT:DS-059341(1.0),International trade of EU and non-EU countries since 2002 by HS2-4-6,A,Annual,FR,"France (incl. Saint Barthélemy 'BL' -> 2012; incl. French Guiana 'GF', Guadeloupe 'GP', Martinique 'MQ', Réunion 'RE' from 1997; incl. Mayotte 'YT' from 2014)",SG,Singapore,TOTAL,Total,2,EXPORT,VALUE_EUR,VALUE_EUR,2019,,8902818760,
dataflow,ESTAT:DS-059341(1.0),International trade of EU and non-EU countries since 2002 by HS2-4-6,A,Annual,FR,"France (incl. Saint Barthélemy 'BL' -> 2012; incl. French Guiana 'GF', Guadeloupe 'GP', Martinique 'MQ', Réunion 'RE' from 1997; incl. Mayotte 'YT' from 2014)",SG,Singapore,TOTAL,Total,2,EXPORT,VALUE_EUR,VALUE_EUR,2020,,7039807054,
dataflow,ESTAT:DS-059341(1.0),International trade of EU and non-EU countries since 2002 by HS2-4-6,A,Annual,FR,"France (incl. Saint Barthélemy 'BL' -> 2012; incl. French Guiana 'GF', Guadeloupe 'GP', Martinique 'MQ', Réunion 'RE' from 1997; incl. Mayotte 'YT' from 2014)",SG,Singapore,TOTAL,Total,2,EXPORT,VALUE_EUR,VALUE_EUR,2021,,7280546070,
dataflow,ESTAT:DS-059341(1.0),International trade of EU and non-EU countries since 2002 by HS2-4-6,A,Annual,FR,"France (incl. Saint Barthélemy 'BL' -> 2012; incl. French Guiana 'GF', Guadeloupe 'GP', Martinique 'MQ', Réunion 'RE' from 1997; incl. Mayotte 'YT' from 2014)",SG,Singapore,TOTAL,Total,2,EXPORT,VALUE_EUR,VALUE_EUR,2022,,8869780285,
dataflow,ESTAT:DS-059341(1.0),International trade of EU and non-EU countries since 2002 by HS2-4-6,A,Annual,FR,"France (incl. Saint Barthélemy 'BL' -> 2012; incl. French Guiana 'GF', Guadeloupe 'GP', Martinique 'MQ', Réunion 'RE' from 1997; incl. Mayotte 'YT' from 2014)",SG,Singapore,TOTAL,Total,2,EXPORT,VALUE_EUR,VALUE_EUR,2023,,9815734855,
dataflow,ESTAT:DS-059341(1.0),International trade of EU and non-EU countries since 2002 by HS2-4-6,A,Annual,FR,"France (incl. Saint Barthélemy 'BL' -> 2012; incl. French Guiana 'GF', Guadeloupe 'GP', Martinique 'MQ', Réunion 'RE' from 1997; incl. Mayotte 'YT' from 2014)",SG,Singapore,TOTAL,Total,2,EXPORT,VALUE_EUR,VALUE_EUR,2024,,7405724840,
dataflow,ESTAT:DS-059341(1.0),International trade of EU and non-EU countries since 2002 by HS2-4-6,A,Annual,FR,"France (incl. Saint Barthélemy 'BL' -> 2012; incl. French Guiana 'GF', Guadeloupe 'GP', Martinique 'MQ', Réunion 'RE' from 1997; incl. Mayotte 'YT' from 2014)",TW,Taiwan,850710,"Lead-acid accumulators of a kind used for starting piston engine ""starter batteries"" (excl. spent)",1,IMPORT,VALUE_EUR,VALUE_EUR,2002,,3665396,
dataflow,ESTAT:DS-059341(1.0),International trade of EU and non-EU countries since 2002 by HS2-4-6,A,Annual,FR,"France (incl. Saint Barthélemy 'BL' -> 2012; incl. French Guiana 'GF', Guadeloupe 'GP', Martinique 'MQ', Réunion 'RE' from 1997; incl. Mayotte 'YT' from 2014)",TW,Taiwan,850710,"Lead-acid accumulators of a kind used for starting piston engine ""starter batteries"" (excl. spent)",1,IMPORT,VALUE_EUR,VALUE_EUR,2003,,3455341,
dataflow,ESTAT:DS-059341(1.0),International trade of EU and non-EU countries since 2002 by HS2-4-6,A,Annual,FR,"France (incl. Saint Barthélemy 'BL' -> 2012; incl. French Guiana 'GF', Guadeloupe 'GP', Martinique 'MQ', Réunion 'RE' from 1997; incl. Mayotte 'YT' from 2014)",TW,Taiwan,850710,"Lead-acid accumulators of a kind used for starting piston engine ""starter batteries"" (excl. spent)",1,IMPORT,VALUE_EUR,VALUE_EUR,2004,,3638373,
dataflow,ESTAT:DS-059341(1.0),International trade of EU and non-EU countries since 2002 by HS2-4-6,A,Annual,FR,"France (incl. Saint Barthélemy 'BL' -> 2012; incl. French Guiana 'GF', Guadeloupe 'GP', Martinique 'MQ', Réunion 'RE' from 1997; incl. Mayotte 'YT' from 2014)",TW,Taiwan,850710,"Lead-acid accumulators of a kind used for starting piston engine ""starter batteries"" (excl. spent)",1,IMPORT,VALUE_EUR,VALUE_EUR,2005,,1938442,
dataflow,ESTAT:DS-059341(1.0),International trade of EU and non-EU countries since 2002 by HS2-4-6,A,Annual,FR,"France (incl. Saint Barthélemy 'BL' -> 2012; incl. French Guiana 'GF', Guadeloupe 'GP', Martinique 'MQ', Réunion 'RE' from 1997; incl. Mayotte 'YT' from 2014)",TW,Taiwan,850710,"Lead-acid accumulators of a kind used for starting piston engine ""starter batteries"" (excl. spent)",1,IMPORT,VALUE_EUR,VALUE_EUR,2006,,1520479,
dataflow,ESTAT:DS-059341(1.0),International trade of EU and non-EU countries since 2002 by HS2-4-6,A,Annual,FR,"France (incl. Saint Barthélemy 'BL' -> 2012; incl. French Guiana 'GF', Guadeloupe 'GP', Martinique 'MQ', Réunion 'RE' from 1997; incl. Mayotte 'YT' from 2014)",TW,Taiwan,850710,"Lead-acid accumulators of a kind used for starting piston engine ""starter batteries"" (excl. spent)",1,IMPORT,VALUE_EUR,VALUE_EUR,2007,,1649434,
dataflow,ESTAT:DS-059341(1.0),International trade of EU and non-EU countries since 2002 by HS2-4-6,A,Annual,FR,"France (incl. Saint Barthélemy 'BL' -> 2012; incl. French Guiana 'GF', Guadeloupe 'GP', Martinique 'MQ', Réunion 'RE' from 1997; incl. Mayotte 'YT' from 2014)",TW,Taiwan,850710,"Lead-acid accumulators of a kind used for starting piston engine ""starter batteries"" (excl. spent)",1,IMPORT,VALUE_EUR,VALUE_EUR,2008,,1260604,
dataflow,ESTAT:DS-059341(1.0),International trade of EU and non-EU countries since 2002 by HS2-4-6,A,Annual,FR,"France (incl. Saint Barthélemy 'BL' -> 2012; incl. French Guiana 'GF', Guadeloupe 'GP', Martinique 'MQ', Réunion 'RE' from 1997; incl. Mayotte 'YT' from 2014)",TW,Taiwan,850710,"Lead-acid accumulators of a kind used for starting piston engine ""starter batteries"" (excl. spent)",1,IMPORT,VALUE_EUR,VALUE_EUR,2009,,643028,
dataflow,ESTAT:DS-059341(1.0),International trade of EU and non-EU countries since 2002 by HS2-4-6,A,Annual,FR,"France (incl. Saint Barthélemy 'BL' -> 2012; incl. French Guiana 'GF', Guadeloupe 'GP', Martinique 'MQ', Réunion 'RE' from 1997; incl. Mayotte 'YT' from 2014)",TW,Taiwan,850710,"Lead-acid accumulators of a kind used for starting piston engine ""starter batteries"" (excl. spent)",1,IMPORT,VALUE_EUR,VALUE_EUR,2010,,832673,
dataflow,ESTAT:DS-059341(1.0),International trade of EU and non-EU countries since 2002 by HS2-4-6,A,Annual,FR,"France (incl. Saint Barthélemy 'BL' -> 2012; incl. French Guiana 'GF', Guadeloupe 'GP', Martinique 'MQ', Réunion 'RE' from 1997; incl. Mayotte 'YT' from 2014)",TW,Taiwan,850710,"Lead-acid accumulators of a kind used for starting piston engine ""starter batteries"" (excl. spent)",1,IMPORT,VALUE_EUR,VALUE_EUR,2011,,887452,
dataflow,ESTAT:DS-059341(1.0),International trade of EU and non-EU countries since 2002 by HS2-4-6,A,Annual,FR,"France (incl. Saint Barthélemy 'BL' -> 2012; incl. French Guiana 'GF', Guadeloupe 'GP', Martinique 'MQ', Réunion 'RE' from 1997; incl. Mayotte 'YT' from 2014)",TW,Taiwan,850710,"Lead-acid accumulators of a kind used for starting piston engine ""starter batteries"" (excl. spent)",1,IMPORT,VALUE_EUR,VALUE_EUR,2012,,1937005,
dataflow,ESTAT:DS-059341(1.0),International trade of EU and non-EU countries since 2002 by HS2-4-6,A,Annual,FR,"France (incl. Saint Barthélemy 'BL' -> 2012; incl. French Guiana 'GF', Guadeloupe 'GP', Martinique 'MQ', Réunion 'RE' from 1997; incl. Mayotte 'YT' from 2014)",TW,Taiwan,850710,"Lead-acid accumulators of a kind used for starting piston engine ""starter batteries"" (excl. spent)",1,IMPORT,VALUE_EUR,VALUE_EUR,2013,,3073628,
dataflow,ESTAT:DS-059341(1.0),International trade of EU and non-EU countries since 2002 by HS2-4-6,A,Annual,FR,"France (incl. Saint Barthélemy 'BL' -> 2012; incl. French Guiana 'GF', Guadeloupe 'GP', Martinique 'MQ', Réunion 'RE' from 1997; incl. Mayotte 'YT' from 2014)",TW,Taiwan,850710,"Lead-acid accumulators of a kind used for starting piston engine ""starter batteries"" (excl. spent)",1,IMPORT,VALUE_EUR,VALUE_EUR,2014,,3393975,
dataflow,ESTAT:DS-059341(1.0),International trade of EU and non-EU countries since 2002 by HS2-4-6,A,Annual,FR,"France (incl. Saint Barthélemy 'BL' -> 2012; incl. French Guiana 'GF', Guadeloupe 'GP', Martinique 'MQ', Réunion 'RE' from 1997; incl. Mayotte 'YT' from 2014)",TW,Taiwan,850710,"Lead-acid accumulators of a kind used for starting piston engine ""starter batteries"" (excl. spent)",1,IMPORT,VALUE_EUR,VALUE_EUR,2015,,3530512,
dataflow,ESTAT:DS-059341(1.0),International trade of EU and non-EU countries since 2002 by HS2-4-6,A,Annual,FR,"France (incl. Saint Barthélemy 'BL' -> 2012; incl. French Guiana 'GF', Guadeloupe 'GP', Martinique 'MQ', Réunion 'RE' from 1997; incl. Mayotte 'YT' from 2014)",TW,Taiwan,850710,"Lead-acid accumulators of a kind used for starting piston engine ""starter batteries"" (excl. spent)",1,IMPORT,VALUE_EUR,VALUE_EUR,2016,,3992085,
dataflow,ESTAT:DS-059341(1.0),International trade of EU and non-EU countries since 2002 by HS2-4-6,A,Annual,FR,"France (incl. Saint Barthélemy 'BL' -> 2012; incl. French Guiana 'GF', Guadeloupe 'GP', Martinique 'MQ', Réunion 'RE' from 1997; incl. Mayotte 'YT' from 2014)",TW,Taiwan,850710,"Lead-acid accumulators of a kind used for starting piston engine ""starter batteries"" (excl. spent)",1,IMPORT,VALUE_EUR,VALUE_EUR,2017,,4429865,
dataflow,ESTAT:DS-059341(1.0),International trade of EU and non-EU countries since 2002 by HS2-4-6,A,Annual,FR,"France (incl. Saint Barthélemy 'BL' -> 2012; incl. French Guiana 'GF', Guadeloupe 'GP', Martinique 'MQ', Réunion 'RE' from 1997; incl. Mayotte 'YT' from 2014)",TW,Taiwan,850710,"Lead-acid accumulators of a kind used for starting piston engine ""starter batteries"" (excl. spent)",1,IMPORT,VALUE_EUR,VALUE_EUR,2018,,2293415,
dataflow,ESTAT:DS-059341(1.0),International trade of EU and non-EU countries since 2002 by HS2-4-6,A,Annual,FR,"France (incl. Saint Barthélemy 'BL' -> 2012; incl. French Guiana 'GF', Guadeloupe 'GP', Martinique 'MQ', Réunion 'RE' from 1997; incl. Mayotte 'YT' from 2014)",TW,Taiwan,850710,"Lead-acid accumulators of a kind used for starting piston engine ""starter batteries"" (excl. spent)",1,IMPORT,VALUE_EUR,VALUE_EUR,2019,,1902510,
dataflow,ESTAT:DS-059341(1.0),International trade of EU and non-EU countries since 2002 by HS2-4-6,A,Annual,FR,"France (incl. Saint Barthélemy 'BL' -> 2012; incl. French Guiana 'GF', Guadeloupe 'GP', Martinique 'MQ', Réunion 'RE' from 1997; incl. Mayotte 'YT' from 2014)",TW,Taiwan,850710,"Lead-acid accumulators of a kind used for starting piston engine ""starter batteries"" (excl. spent)",1,IMPORT,VALUE_EUR,VALUE_EUR,2020,,1443500,
dataflow,ESTAT:DS-059341(1.0),International trade of EU and non-EU countries since 2002 by HS2-4-6,A,Annual,FR,"France (incl. Saint Barthélemy 'BL' -> 2012; incl. French Guiana 'GF', Guadeloupe 'GP', Martinique 'MQ', Réunion 'RE' from 1997; incl. Mayotte 'YT' from 2014)",TW,Taiwan,850710,"Lead-acid accumulators of a kind used for starting piston engine ""starter batteries"" (excl. spent)",1,IMPORT,VALUE_EUR,VALUE_EUR,2021,,1665800,
dataflow,ESTAT:DS-059341(1.0),International trade of EU and non-EU countries since 2002 by HS2-4-6,A,Annual,FR,"France (incl. Saint Barthélemy 'BL' -> 2012; incl. French Guiana 'GF', Guadeloupe 'GP', Martinique 'MQ', Réunion 'RE' from 1997; incl. Mayotte 'YT' from 2014)",TW,Taiwan,850710,"Lead-acid accumulators of a kind used for starting piston engine ""starter batteries"" (excl. spent)",1,IMPORT,VALUE_EUR,VALUE_EUR,2022,,3773835,
dataflow,ESTAT:DS-059341(1.0),International trade of EU and non-EU countries since 2002 by HS2-4-6,A,Annual,FR,"France (incl. Saint Barthélemy 'BL' -> 2012; incl. French Guiana 'GF', Guadeloupe 'GP', Martinique 'MQ', Réunion 'RE' from 1997; incl. Mayotte 'YT' from 2014)",TW,Taiwan,850710,"Lead-acid accumulators of a kind used for starting piston engine ""starter batteries"" (excl. spent)",1,IMPORT,VALUE_EUR,VALUE_EUR,2023,,1348443,
dataflow,ESTAT:DS-059341(1.0),International trade of EU and non-EU countries since 2002 by HS2-4-6,A,Annual,FR,"France (incl. Saint Barthélemy 'BL' -> 2012; incl. French Guiana 'GF', Guadeloupe 'GP', Martinique 'MQ', Réunion 'RE' from 1997; incl. Mayotte 'YT' from 2014)",TW,Taiwan,850710,"Lead-acid accumulators of a kind used for starting piston engine ""starter batteries"" (excl. spent)",1,IMPORT,VALUE_EUR,VALUE_EUR,2024,,2041176,
dataflow,ESTAT:DS-059341(1.0),International trade of EU and non-EU countries since 2002 by HS2-4-6,A,Annual,FR,"France (incl. Saint Barthélemy 'BL' -> 2012; incl. French Guiana 'GF', Guadeloupe 'GP', Martinique 'MQ', Réunion 'RE' from 1997; incl. Mayotte 'YT' from 2014)",TW,Taiwan,850710,"Lead-acid accumulators of a kind used for starting piston engine ""starter batteries"" (excl. spent)",2,EXPORT,VALUE_EUR,VALUE_EUR,2004,,4903,
dataflow,ESTAT:DS-059341(1.0),International trade of EU and non-EU countries since 2002 by HS2-4-6,A,Annual,FR,"France (incl. Saint Barthélemy 'BL' -> 2012; incl. French Guiana 'GF', Guadeloupe 'GP', Martinique 'MQ', Réunion 'RE' from 1997; incl. Mayotte 'YT' from 2014)",TW,Taiwan,850710,"Lead-acid accumulators of a kind used for starting piston engine ""starter batteries"" (excl. spent)",2,EXPORT,VALUE_EUR,VALUE_EUR,2008,,4203,
dataflow,ESTAT:DS-059341(1.0),International trade of EU and non-EU countries since 2002 by HS2-4-6,A,Annual,FR,"France (incl. Saint Barthélemy 'BL' -> 2012; incl. French Guiana 'GF', Guadeloupe 'GP', Martinique 'MQ', Réunion 'RE' from 1997; incl. Mayotte 'YT' from 2014)",TW,Taiwan,850710,"Lead-acid accumulators of a kind used for starting piston engine ""starter batteries"" (excl. spent)",2,EXPORT,VALUE_EUR,VALUE_EUR,2009,,5719,
dataflow,ESTAT:DS-059341(1.0),International trade of EU and non-EU countries since 2002 by HS2-4-6,A,Annual,FR,"France (incl. Saint Barthélemy 'BL' -> 2012; incl. French Guiana 'GF', Guadeloupe 'GP', Martinique 'MQ', Réunion 'RE' from 1997; incl. Mayotte 'YT' from 2014)",TW,Taiwan,850710,"Lead-acid accumulators of a kind used for starting piston engine ""starter batteries"" (excl. spent)",2,EXPORT,VALUE_EUR,VALUE_EUR,2010,,37386,
dataflow,ESTAT:DS-059341(1.0),International trade of EU and non-EU countries since 2002 by HS2-4-6,A,Annual,FR,"France (incl. Saint Barthélemy 'BL' -> 2012; incl. French Guiana 'GF', Guadeloupe 'GP', Martinique 'MQ', Réunion 'RE' from 1997; incl. Mayotte 'YT' from 2014)",TW,Taiwan,850710,"Lead-acid accumulators of a kind used for starting piston engine ""starter batteries"" (excl. spent)",2,EXPORT,VALUE_EUR,VALUE_EUR,2011,,118776,
dataflow,ESTAT:DS-059341(1.0),International trade of EU and non-EU countries since 2002 by HS2-4-6,A,Annual,FR,"France (incl. Saint Barthélemy 'BL' -> 2012; incl. French Guiana 'GF', Guadeloupe 'GP', Martinique 'MQ', Réunion 'RE' from 1997; incl. Mayotte 'YT' from 2014)",TW,Taiwan,850710,"Lead-acid accumulators of a kind used for starting piston engine ""starter batteries"" (excl. spent)",2,EXPORT,VALUE_EUR,VALUE_EUR,2012,,101326,
dataflow,ESTAT:DS-059341(1.0),International trade of EU and non-EU countries since 2002 by HS2-4-6,A,Annual,FR,"France (incl. Saint Barthélemy 'BL' -> 2012; incl. French Guiana 'GF', Guadeloupe 'GP', Martinique 'MQ', Réunion 'RE' from 1997; incl. Mayotte 'YT' from 2014)",TW,Taiwan,850710,"Lead-acid accumulators of a kind used for starting piston engine ""starter batteries"" (excl. spent)",2,EXPORT,VALUE_EUR,VALUE_EUR,2013,,73385,
dataflow,ESTAT:DS-059341(1.0),International trade of EU and non-EU countries since 2002 by HS2-4-6,A,Annual,FR,"France (incl. Saint Barthélemy 'BL' -> 2012; incl. French Guiana 'GF', Guadeloupe 'GP', Martinique 'MQ', Réunion 'RE' from 1997; incl. Mayotte 'YT' from 2014)",TW,Taiwan,850710,"Lead-acid accumulators of a kind used for starting piston engine ""starter batteries"" (excl. spent)",2,EXPORT,VALUE_EUR,VALUE_EUR,2014,,142210,
dataflow,ESTAT:DS-059341(1.0),International trade of EU and non-EU countries since 2002 by HS2-4-6,A,Annual,FR,"France (incl. Saint Barthélemy 'BL' -> 2012; incl. French Guiana 'GF', Guadeloupe 'GP', Martinique 'MQ', Réunion 'RE' from 1997; incl. Mayotte 'YT' from 2014)",TW,Taiwan,850710,"Lead-acid accumulators of a kind used for starting piston engine ""starter batteries"" (excl. spent)",2,EXPORT,VALUE_EUR,VALUE_EUR,2015,,137240,
dataflow,ESTAT:DS-059341(1.0),International trade of EU and non-EU countries since 2002 by HS2-4-6,A,Annual,FR,"France (incl. Saint Barthélemy 'BL' -> 2012; incl. French Guiana 'GF', Guadeloupe 'GP', Martinique 'MQ', Réunion 'RE' from 1997; incl. Mayotte 'YT' from 2014)",TW,Taiwan,850710,"Lead-acid accumulators of a kind used for starting piston engine ""starter batteries"" (excl. spent)",2,EXPORT,VALUE_EUR,VALUE_EUR,2016,,133834,
dataflow,ESTAT:DS-059341(1.0),International trade of EU and non-EU countries since 2002 by HS2-4-6,A,Annual,FR,"France (incl. Saint Barthélemy 'BL' -> 2012; incl. French Guiana 'GF', Guadeloupe 'GP', Martinique 'MQ', Réunion 'RE' from 1997; incl. Mayotte 'YT' from 2014)",TW,Taiwan,850710,"Lead-acid accumulators of a kind used for starting piston engine ""starter batteries"" (excl. spent)",2,EXPORT,VALUE_EUR,VALUE_EUR,2017,,133480,
dataflow,ESTAT:DS-059341(1.0),International trade of EU and non-EU countries since 2002 by HS2-4-6,A,Annual,FR,"France (incl. Saint Barthélemy 'BL' -> 2012; incl. French Guiana 'GF', Guadeloupe 'GP', Martinique 'MQ', Réunion 'RE' from 1997; incl. Mayotte 'YT' from 2014)",TW,Taiwan,850710,"Lead-acid accumulators of a kind used for starting piston engine ""starter batteries"" (excl. spent)",2,EXPORT,VALUE_EUR,VALUE_EUR,2018,,162787,
dataflow,ESTAT:DS-059341(1.0),International trade of EU and non-EU countries since 2002 by HS2-4-6,A,Annual,FR,"France (incl. Saint Barthélemy 'BL' -> 2012; incl. French Guiana 'GF', Guadeloupe 'GP', Martinique 'MQ', Réunion 'RE' from 1997; incl. Mayotte 'YT' from 2014)",TW,Taiwan,850710,"Lead-acid accumulators of a kind used for starting piston engine ""starter batteries"" (excl. spent)",2,EXPORT,VALUE_EUR,VALUE_EUR,2019,,88648,
dataflow,ESTAT:DS-059341(1.0),International trade of EU and non-EU countries since 2002 by HS2-4-6,A,Annual,FR,"France (incl. Saint Barthélemy 'BL' -> 2012; incl. French Guiana 'GF', Guadeloupe 'GP', Martinique 'MQ', Réunion 'RE' from 1997; incl. Mayotte 'YT' from 2014)",TW,Taiwan,850710,"Lead-acid accumulators of a kind used for starting piston engine ""starter batteries"" (excl. spent)",2,EXPORT,VALUE_EUR,VALUE_EUR,2020,,131079,
dataflow,ESTAT:DS-059341(1.0),International trade of EU and non-EU countries since 2002 by HS2-4-6,A,Annual,FR,"France (incl. Saint Barthélemy 'BL' -> 2012; incl. French Guiana 'GF', Guadeloupe 'GP', Martinique 'MQ', Réunion 'RE' from 1997; incl. Mayotte 'YT' from 2014)",TW,Taiwan,850710,"Lead-acid accumulators of a kind used for starting piston engine ""starter batteries"" (excl. spent)",2,EXPORT,VALUE_EUR,VALUE_EUR,2021,,107531,
dataflow,ESTAT:DS-059341(1.0),International trade of EU and non-EU countries since 2002 by HS2-4-6,A,Annual,FR,"France (incl. Saint Barthélemy 'BL' -> 2012; incl. French Guiana 'GF', Guadeloupe 'GP', Martinique 'MQ', Réunion 'RE' from 1997; incl. Mayotte 'YT' from 2014)",TW,Taiwan,850710,"Lead-acid accumulators of a kind used for starting piston engine ""starter batteries"" (excl. spent)",2,EXPORT,VALUE_EUR,VALUE_EUR,2022,,147199,
dataflow,ESTAT:DS-059341(1.0),International trade of EU and non-EU countries since 2002 by HS2-4-6,A,Annual,FR,"France (incl. Saint Barthélemy 'BL' -> 2012; incl. French Guiana 'GF', Guadeloupe 'GP', Martinique 'MQ', Réunion 'RE' from 1997; incl. Mayotte 'YT' from 2014)",TW,Taiwan,850710,"Lead-acid accumulators of a kind used for starting piston engine ""starter batteries"" (excl. spent)",2,EXPORT,VALUE_EUR,VALUE_EUR,2023,,409280,
dataflow,ESTAT:DS-059341(1.0),International trade of EU and non-EU countries since 2002 by HS2-4-6,A,Annual,FR,"France (incl. Saint Barthélemy 'BL' -> 2012; incl. French Guiana 'GF', Guadeloupe 'GP', Martinique 'MQ', Réunion 'RE' from 1997; incl. Mayotte 'YT' from 2014)",TW,Taiwan,850710,"Lead-acid accumulators of a kind used for starting piston engine ""starter batteries"" (excl. spent)",2,EXPORT,VALUE_EUR,VALUE_EUR,2024,,462696,
dataflow,ESTAT:DS-059341(1.0),International trade of EU and non-EU countries since 2002 by HS2-4-6,A,Annual,FR,"France (incl. Saint Barthélemy 'BL' -> 2012; incl. French Guiana 'GF', Guadeloupe 'GP', Martinique 'MQ', Réunion 'RE' from 1997; incl. Mayotte 'YT' from 2014)",TW,Taiwan,850720,Lead acid accumulators (excl. spent and starter batteries),1,IMPORT,VALUE_EUR,VALUE_EUR,2002,,2781903,
dataflow,ESTAT:DS-059341(1.0),International trade of EU and non-EU countries since 2002 by HS2-4-6,A,Annual,FR,"France (incl. Saint Barthélemy 'BL' -> 2012; incl. French Guiana 'GF', Guadeloupe 'GP', Martinique 'MQ', Réunion 'RE' from 1997; incl. Mayotte 'YT' from 2014)",TW,Taiwan,850720,Lead acid accumulators (excl. spent and starter batteries),1,IMPORT,VALUE_EUR,VALUE_EUR,2003,,2622644,
dataflow,ESTAT:DS-059341(1.0),International trade of EU and non-EU countries since 2002 by HS2-4-6,A,Annual,FR,"France (incl. Saint Barthélemy 'BL' -> 2012; incl. French Guiana 'GF', Guadeloupe 'GP', Martinique 'MQ', Réunion 'RE' from 1997; incl. Mayotte 'YT' from 2014)",TW,Taiwan,850720,Lead acid accumulators (excl. spent and starter batteries),1,IMPORT,VALUE_EUR,VALUE_EUR,2004,,3663652,
dataflow,ESTAT:DS-059341(1.0),International trade of EU and non-EU countries since 2002 by HS2-4-6,A,Annual,FR,"France (incl. Saint Barthélemy 'BL' -> 2012; incl. French Guiana 'GF', Guadeloupe 'GP', Martinique 'MQ', Réunion 'RE' from 1997; incl. Mayotte 'YT' from 2014)",TW,Taiwan,850720,Lead acid accumulators (excl. spent and starter batteries),1,IMPORT,VALUE_EUR,VALUE_EUR,2005,,6123348,
dataflow,ESTAT:DS-059341(1.0),International trade of EU and non-EU countries since 2002 by HS2-4-6,A,Annual,FR,"France (incl. Saint Barthélemy 'BL' -> 2012; incl. French Guiana 'GF', Guadeloupe 'GP', Martinique 'MQ', Réunion 'RE' from 1997; incl. Mayotte 'YT' from 2014)",TW,Taiwan,850720,Lead acid accumulators (excl. spent and starter batteries),1,IMPORT,VALUE_EUR,VALUE_EUR,2006,,6184775,
dataflow,ESTAT:DS-059341(1.0),International trade of EU and non-EU countries since 2002 by HS2-4-6,A,Annual,FR,"France (incl. Saint Barthélemy 'BL' -> 2012; incl. French Guiana 'GF', Guadeloupe 'GP', Martinique 'MQ', Réunion 'RE' from 1997; incl. Mayotte 'YT' from 2014)",TW,Taiwan,850720,Lead acid accumulators (excl. spent and starter batteries),1,IMPORT,VALUE_EUR,VALUE_EUR,2007,,8525679,
dataflow,ESTAT:DS-059341(1.0),International trade of EU and non-EU countries since 2002 by HS2-4-6,A,Annual,FR,"France (incl. Saint Barthélemy 'BL' -> 2012; incl. French Guiana 'GF', Guadeloupe 'GP', Martinique 'MQ', Réunion 'RE' from 1997; incl. Mayotte 'YT' from 2014)",TW,Taiwan,850720,Lead acid accumulators (excl. spent and starter batteries),1,IMPORT,VALUE_EUR,VALUE_EUR,2008,,4164495,
dataflow,ESTAT:DS-059341(1.0),International trade of EU and non-EU countries since 2002 by HS2-4-6,A,Annual,FR,"France (incl. Saint Barthélemy 'BL' -> 2012; incl. French Guiana 'GF', Guadeloupe 'GP', Martinique 'MQ', Réunion 'RE' from 1997; incl. Mayotte 'YT' from 2014)",TW,Taiwan,850720,Lead acid accumulators (excl. spent and starter batteries),1,IMPORT,VALUE_EUR,VALUE_EUR,2009,,8302476,
dataflow,ESTAT:DS-059341(1.0),International trade of EU and non-EU countries since 2002 by HS2-4-6,A,Annual,FR,"France (incl. Saint Barthélemy 'BL' -> 2012; incl. French Guiana 'GF', Guadeloupe 'GP', Martinique 'MQ', Réunion 'RE' from 1997; incl. Mayotte 'YT' from 2014)",TW,Taiwan,850720,Lead acid accumulators (excl. spent and starter batteries),1,IMPORT,VALUE_EUR,VALUE_EUR,2010,,6914529,
dataflow,ESTAT:DS-059341(1.0),International trade of EU and non-EU countries since 2002 by HS2-4-6,A,Annual,FR,"France (incl. Saint Barthélemy 'BL' -> 2012; incl. French Guiana 'GF', Guadeloupe 'GP', Martinique 'MQ', Réunion 'RE' from 1997; incl. Mayotte 'YT' from 2014)",TW,Taiwan,850720,Lead acid accumulators (excl. spent and starter batteries),1,IMPORT,VALUE_EUR,VALUE_EUR,2011,,5702618,
dataflow,ESTAT:DS-059341(1.0),International trade of EU and non-EU countries since 2002 by HS2-4-6,A,Annual,FR,"France (incl. Saint Barthélemy 'BL' -> 2012; incl. French Guiana 'GF', Guadeloupe 'GP', Martinique 'MQ', Réunion 'RE' from 1997; incl. Mayotte 'YT' from 2014)",TW,Taiwan,850720,Lead acid accumulators (excl. spent and starter batteries),1,IMPORT,VALUE_EUR,VALUE_EUR,2012,,6324104,
dataflow,ESTAT:DS-059341(1.0),International trade of EU and non-EU countries since 2002 by HS2-4-6,A,Annual,FR,"France (incl. Saint Barthélemy 'BL' -> 2012; incl. French Guiana 'GF', Guadeloupe 'GP', Martinique 'MQ', Réunion 'RE' from 1997; incl. Mayotte 'YT' from 2014)",TW,Taiwan,850720,Lead acid accumulators (excl. spent and starter batteries),1,IMPORT,VALUE_EUR,VALUE_EUR,2013,,5163084,
dataflow,ESTAT:DS-059341(1.0),International trade of EU and non-EU countries since 2002 by HS2-4-6,A,Annual,FR,"France (incl. Saint Barthélemy 'BL' -> 2012; incl. French Guiana 'GF', Guadeloupe 'GP', Martinique 'MQ', Réunion 'RE' from 1997; incl. Mayotte 'YT' from 2014)",TW,Taiwan,850720,Lead acid accumulators (excl. spent and starter batteries),1,IMPORT,VALUE_EUR,VALUE_EUR,2014,,6927100,
dataflow,ESTAT:DS-059341(1.0),International trade of EU and non-EU countries since 2002 by HS2-4-6,A,Annual,FR,"France (incl. Saint Barthélemy 'BL' -> 2012; incl. French Guiana 'GF', Guadeloupe 'GP', Martinique 'MQ', Réunion 'RE' from 1997; incl. Mayotte 'YT' from 2014)",TW,Taiwan,850720,Lead acid accumulators (excl. spent and starter batteries),1,IMPORT,VALUE_EUR,VALUE_EUR,2015,,7928623,
dataflow,ESTAT:DS-059341(1.0),International trade of EU and non-EU countries since 2002 by HS2-4-6,A,Annual,FR,"France (incl. Saint Barthélemy 'BL' -> 2012; incl. French Guiana 'GF', Guadeloupe 'GP', Martinique 'MQ', Réunion 'RE' from 1997; incl. Mayotte 'YT' from 2014)",TW,Taiwan,850720,Lead acid accumulators (excl. spent and starter batteries),1,IMPORT,VALUE_EUR,VALUE_EUR,2016,,11666337,
dataflow,ESTAT:DS-059341(1.0),International trade of EU and non-EU countries since 2002 by HS2-4-6,A,Annual,FR,"France (incl. Saint Barthélemy 'BL' -> 2012; incl. French Guiana 'GF', Guadeloupe 'GP', Martinique 'MQ', Réunion 'RE' from 1997; incl. Mayotte 'YT' from 2014)",TW,Taiwan,850720,Lead acid accumulators (excl. spent and starter batteries),1,IMPORT,VALUE_EUR,VALUE_EUR,2017,,12861501,
dataflow,ESTAT:DS-059341(1.0),International trade of EU and non-EU countries since 2002 by HS2-4-6,A,Annual,FR,"France (incl. Saint Barthélemy 'BL' -> 2012; incl. French Guiana 'GF', Guadeloupe 'GP', Martinique 'MQ', Réunion 'RE' from 1997; incl. Mayotte 'YT' from 2014)",TW,Taiwan,850720,Lead acid accumulators (excl. spent and starter batteries),1,IMPORT,VALUE_EUR,VALUE_EUR,2018,,13614741,
dataflow,ESTAT:DS-059341(1.0),International trade of EU and non-EU countries since 2002 by HS2-4-6,A,Annual,FR,"France (incl. Saint Barthélemy 'BL' -> 2012; incl. French Guiana 'GF', Guadeloupe 'GP', Martinique 'MQ', Réunion 'RE' from 1997; incl. Mayotte 'YT' from 2014)",TW,Taiwan,850720,Lead acid accumulators (excl. spent and starter batteries),1,IMPORT,VALUE_EUR,VALUE_EUR,2019,,14335351,
dataflow,ESTAT:DS-059341(1.0),International trade of EU and non-EU countries since 2002 by HS2-4-6,A,Annual,FR,"France (incl. Saint Barthélemy 'BL' -> 2012; incl. French Guiana 'GF', Guadeloupe 'GP', Martinique 'MQ', Réunion 'RE' from 1997; incl. Mayotte 'YT' from 2014)",TW,Taiwan,850720,Lead acid accumulators (excl. spent and starter batteries),1,IMPORT,VALUE_EUR,VALUE_EUR,2020,,12154603,
dataflow,ESTAT:DS-059341(1.0),International trade of EU and non-EU countries since 2002 by HS2-4-6,A,Annual,FR,"France (incl. Saint Barthélemy 'BL' -> 2012; incl. French Guiana 'GF', Guadeloupe 'GP', Martinique 'MQ', Réunion 'RE' from 1997; incl. Mayotte 'YT' from 2014)",TW,Taiwan,850720,Lead acid accumulators (excl. spent and starter batteries),1,IMPORT,VALUE_EUR,VALUE_EUR,2021,,11511980,
dataflow,ESTAT:DS-059341(1.0),International trade of EU and non-EU countries since 2002 by HS2-4-6,A,Annual,FR,"France (incl. Saint Barthélemy 'BL' -> 2012; incl. French Guiana 'GF', Guadeloupe 'GP', Martinique 'MQ', Réunion 'RE' from 1997; incl. Mayotte 'YT' from 2014)",TW,Taiwan,850720,Lead acid accumulators (excl. spent and starter batteries),1,IMPORT,VALUE_EUR,VALUE_EUR,2022,,15110193,
dataflow,ESTAT:DS-059341(1.0),International trade of EU and non-EU countries since 2002 by HS2-4-6,A,Annual,FR,"France (incl. Saint Barthélemy 'BL' -> 2012; incl. French Guiana 'GF', Guadeloupe 'GP', Martinique 'MQ', Réunion 'RE' from 1997; incl. Mayotte 'YT' from 2014)",TW,Taiwan,850720,Lead acid accumulators (excl. spent and starter batteries),1,IMPORT,VALUE_EUR,VALUE_EUR,2023,,10003178,
dataflow,ESTAT:DS-059341(1.0),International trade of EU and non-EU countries since 2002 by HS2-4-6,A,Annual,FR,"France (incl. Saint Barthélemy 'BL' -> 2012; incl. French Guiana 'GF', Guadeloupe 'GP', Martinique 'MQ', Réunion 'RE' from 1997; incl. Mayotte 'YT' from 2014)",TW,Taiwan,850720,Lead acid accumulators (excl. spent and starter batteries),1,IMPORT,VALUE_EUR,VALUE_EUR,2024,,13283438,
dataflow,ESTAT:DS-059341(1.0),International trade of EU and non-EU countries since 2002 by HS2-4-6,A,Annual,FR,"France (incl. Saint Barthélemy 'BL' -> 2012; incl. French Guiana 'GF', Guadeloupe 'GP', Martinique 'MQ', Réunion 'RE' from 1997; incl. Mayotte 'YT' from 2014)",TW,Taiwan,850720,Lead acid accumulators (excl. spent and starter batteries),2,EXPORT,VALUE_EUR,VALUE_EUR,2002,,375569,
dataflow,ESTAT:DS-059341(1.0),International trade of EU and non-EU countries since 2002 by HS2-4-6,A,Annual,FR,"France (incl. Saint Barthélemy 'BL' -> 2012; incl. French Guiana 'GF', Guadeloupe 'GP', Martinique 'MQ', Réunion 'RE' from 1997; incl. Mayotte 'YT' from 2014)",TW,Taiwan,850720,Lead acid accumulators (excl. spent and starter batteries),2,EXPORT,VALUE_EUR,VALUE_EUR,2003,,148546,
dataflow,ESTAT:DS-059341(1.0),International trade of EU and non-EU countries since 2002 by HS2-4-6,A,Annual,FR,"France (incl. Saint Barthélemy 'BL' -> 2012; incl. French Guiana 'GF', Guadeloupe 'GP', Martinique 'MQ', Réunion 'RE' from 1997; incl. Mayotte 'YT' from 2014)",TW,Taiwan,850720,Lead acid accumulators (excl. spent and starter batteries),2,EXPORT,VALUE_EUR,VALUE_EUR,2004,,404932,
dataflow,ESTAT:DS-059341(1.0),International trade of EU and non-EU countries since 2002 by HS2-4-6,A,Annual,FR,"France (incl. Saint Barthélemy 'BL' -> 2012; incl. French Guiana 'GF', Guadeloupe 'GP', Martinique 'MQ', Réunion 'RE' from 1997; incl. Mayotte 'YT' from 2014)",TW,Taiwan,850720,Lead acid accumulators (excl. spent and starter batteries),2,EXPORT,VALUE_EUR,VALUE_EUR,2005,,121585,
dataflow,ESTAT:DS-059341(1.0),International trade of EU and non-EU countries since 2002 by HS2-4-6,A,Annual,FR,"France (incl. Saint Barthélemy 'BL' -> 2012; incl. French Guiana 'GF', Guadeloupe 'GP', Martinique 'MQ', Réunion 'RE' from 1997; incl. Mayotte 'YT' from 2014)",TW,Taiwan,850720,Lead acid accumulators (excl. spent and starter batteries),2,EXPORT,VALUE_EUR,VALUE_EUR,2006,,23896,
dataflow,ESTAT:DS-059341(1.0),International trade of EU and non-EU countries since 2002 by HS2-4-6,A,Annual,FR,"France (incl. Saint Barthélemy 'BL' -> 2012; incl. French Guiana 'GF', Guadeloupe 'GP', Martinique 'MQ', Réunion 'RE' from 1997; incl. Mayotte 'YT' from 2014)",TW,Taiwan,850720,Lead acid accumulators (excl. spent and starter batteries),2,EXPORT,VALUE_EUR,VALUE_EUR,2007,,108392,
dataflow,ESTAT:DS-059341(1.0),International trade of EU and non-EU countries since 2002 by HS2-4-6,A,Annual,FR,"France (incl. Saint Barthélemy 'BL' -> 2012; incl. French Guiana 'GF', Guadeloupe 'GP', Martinique 'MQ', Réunion 'RE' from 1997; incl. Mayotte 'YT' from 2014)",TW,Taiwan,850720,Lead acid accumulators (excl. spent and starter batteries),2,EXPORT,VALUE_EUR,VALUE_EUR,2008,,1290,
dataflow,ESTAT:DS-059341(1.0),International trade of EU and non-EU countries since 2002 by HS2-4-6,A,Annual,FR,"France (incl. Saint Barthélemy 'BL' -> 2012; incl. French Guiana 'GF', Guadeloupe 'GP', Martinique 'MQ', Réunion 'RE' from 1997; incl. Mayotte 'YT' from 2014)",TW,Taiwan,850720,Lead acid accumulators (excl. spent and starter batteries),2,EXPORT,VALUE_EUR,VALUE_EUR,2010,,500,
dataflow,ESTAT:DS-059341(1.0),International trade of EU and non-EU countries since 2002 by HS2-4-6,A,Annual,FR,"France (incl. Saint Barthélemy 'BL' -> 2012; incl. French Guiana 'GF', Guadeloupe 'GP', Martinique 'MQ', Réunion 'RE' from 1997; incl. Mayotte 'YT' from 2014)",TW,Taiwan,850720,Lead acid accumulators (excl. spent and starter batteries),2,EXPORT,VALUE_EUR,VALUE_EUR,2011,,8533,
dataflow,ESTAT:DS-059341(1.0),International trade of EU and non-EU countries since 2002 by HS2-4-6,A,Annual,FR,"France (incl. Saint Barthélemy 'BL' -> 2012; incl. French Guiana 'GF', Guadeloupe 'GP', Martinique 'MQ', Réunion 'RE' from 1997; incl. Mayotte 'YT' from 2014)",TW,Taiwan,850720,Lead acid accumulators (excl. spent and starter batteries),2,EXPORT,VALUE_EUR,VALUE_EUR,2012,,42051,
dataflow,ESTAT:DS-059341(1.0),International trade of EU and non-EU countries since 2002 by HS2-4-6,A,Annual,FR,"France (incl. Saint Barthélemy 'BL' -> 2012; incl. French Guiana 'GF', Guadeloupe 'GP', Martinique 'MQ', Réunion 'RE' from 1997; incl. Mayotte 'YT' from 2014)",TW,Taiwan,850720,Lead acid accumulators (excl. spent and starter batteries),2,EXPORT,VALUE_EUR,VALUE_EUR,2014,,279472,
dataflow,ESTAT:DS-059341(1.0),International trade of EU and non-EU countries since 2002 by HS2-4-6,A,Annual,FR,"France (incl. Saint Barthélemy 'BL' -> 2012; incl. French Guiana 'GF', Guadeloupe 'GP', Martinique 'MQ', Réunion 'RE' from 1997; incl. Mayotte 'YT' from 2014)",TW,Taiwan,850720,Lead acid accumulators (excl. spent and starter batteries),2,EXPORT,VALUE_EUR,VALUE_EUR,2015,,303638,
dataflow,ESTAT:DS-059341(1.0),International trade of EU and non-EU countries since 2002 by HS2-4-6,A,Annual,FR,"France (incl. Saint Barthélemy 'BL' -> 2012; incl. French Guiana 'GF', Guadeloupe 'GP', Martinique 'MQ', Réunion 'RE' from 1997; incl. Mayotte 'YT' from 2014)",TW,Taiwan,850720,Lead acid accumulators (excl. spent and starter batteries),2,EXPORT,VALUE_EUR,VALUE_EUR,2016,,450285,
dataflow,ESTAT:DS-059341(1.0),International trade of EU and non-EU countries since 2002 by HS2-4-6,A,Annual,FR,"France (incl. Saint Barthélemy 'BL' -> 2012; incl. French Guiana 'GF', Guadeloupe 'GP', Martinique 'MQ', Réunion 'RE' from 1997; incl. Mayotte 'YT' from 2014)",TW,Taiwan,850720,Lead acid accumulators (excl. spent and starter batteries),2,EXPORT,VALUE_EUR,VALUE_EUR,2017,,249204,
dataflow,ESTAT:DS-059341(1.0),International trade of EU and non-EU countries since 2002 by HS2-4-6,A,Annual,FR,"France (incl. Saint Barthélemy 'BL' -> 2012; incl. French Guiana 'GF', Guadeloupe 'GP', Martinique 'MQ', Réunion 'RE' from 1997; incl. Mayotte 'YT' from 2014)",TW,Taiwan,850720,Lead acid accumulators (excl. spent and starter batteries),2,EXPORT,VALUE_EUR,VALUE_EUR,2018,,194581,
dataflow,ESTAT:DS-059341(1.0),International trade of EU and non-EU countries since 2002 by HS2-4-6,A,Annual,FR,"France (incl. Saint Barthélemy 'BL' -> 2012; incl. French Guiana 'GF', Guadeloupe 'GP', Martinique 'MQ', Réunion 'RE' from 1997; incl. Mayotte 'YT' from 2014)",TW,Taiwan,850720,Lead acid accumulators (excl. spent and starter batteries),2,EXPORT,VALUE_EUR,VALUE_EUR,2019,,262087,
dataflow,ESTAT:DS-059341(1.0),International trade of EU and non-EU countries since 2002 by HS2-4-6,A,Annual,FR,"France (incl. Saint Barthélemy 'BL' -> 2012; incl. French Guiana 'GF', Guadeloupe 'GP', Martinique 'MQ', Réunion 'RE' from 1997; incl. Mayotte 'YT' from 2014)",TW,Taiwan,850720,Lead acid accumulators (excl. spent and starter batteries),2,EXPORT,VALUE_EUR,VALUE_EUR,2020,,223286,
dataflow,ESTAT:DS-059341(1.0),International trade of EU and non-EU countries since 2002 by HS2-4-6,A,Annual,FR,"France (incl. Saint Barthélemy 'BL' -> 2012; incl. French Guiana 'GF', Guadeloupe 'GP', Martinique 'MQ', Réunion 'RE' from 1997; incl. Mayotte 'YT' from 2014)",TW,Taiwan,850720,Lead acid accumulators (excl. spent and starter batteries),2,EXPORT,VALUE_EUR,VALUE_EUR,2021,,142253,
dataflow,ESTAT:DS-059341(1.0),International trade of EU and non-EU countries since 2002 by HS2-4-6,A,Annual,FR,"France (incl. Saint Barthélemy 'BL' -> 2012; incl. French Guiana 'GF', Guadeloupe 'GP', Martinique 'MQ', Réunion 'RE' from 1997; incl. Mayotte 'YT' from 2014)",TW,Taiwan,850720,Lead acid accumulators (excl. spent and starter batteries),2,EXPORT,VALUE_EUR,VALUE_EUR,2022,,502639,
dataflow,ESTAT:DS-059341(1.0),International trade of EU and non-EU countries since 2002 by HS2-4-6,A,Annual,FR,"France (incl. Saint Barthélemy 'BL' -> 2012; incl. French Guiana 'GF', Guadeloupe 'GP', Martinique 'MQ', Réunion 'RE' from 1997; incl. Mayotte 'YT' from 2014)",TW,Taiwan,850720,Lead acid accumulators (excl. spent and starter batteries),2,EXPORT,VALUE_EUR,VALUE_EUR,2023,,141886,
dataflow,ESTAT:DS-059341(1.0),International trade of EU and non-EU countries since 2002 by HS2-4-6,A,Annual,FR,"France (incl. Saint Barthélemy 'BL' -> 2012; incl. French Guiana 'GF', Guadeloupe 'GP', Martinique 'MQ', Réunion 'RE' from 1997; incl. Mayotte 'YT' from 2014)",TW,Taiwan,850720,Lead acid accumulators (excl. spent and starter batteries),2,EXPORT,VALUE_EUR,VALUE_EUR,2024,,36665,
dataflow,ESTAT:DS-059341(1.0),International trade of EU and non-EU countries since 2002 by HS2-4-6,A,Annual,FR,"France (incl. Saint Barthélemy 'BL' -> 2012; incl. French Guiana 'GF', Guadeloupe 'GP', Martinique 'MQ', Réunion 'RE' from 1997; incl. Mayotte 'YT' from 2014)",TW,Taiwan,850730,Nickel-cadmium accumulators (excl. spent),1,IMPORT,VALUE_EUR,VALUE_EUR,2002,,248820,
dataflow,ESTAT:DS-059341(1.0),International trade of EU and non-EU countries since 2002 by HS2-4-6,A,Annual,FR,"France (incl. Saint Barthélemy 'BL' -> 2012; incl. French Guiana 'GF', Guadeloupe 'GP', Martinique 'MQ', Réunion 'RE' from 1997; incl. Mayotte 'YT' from 2014)",TW,Taiwan,850730,Nickel-cadmium accumulators (excl. spent),1,IMPORT,VALUE_EUR,VALUE_EUR,2003,,655730,
dataflow,ESTAT:DS-059341(1.0),International trade of EU and non-EU countries since 2002 by HS2-4-6,A,Annual,FR,"France (incl. Saint Barthélemy 'BL' -> 2012; incl. French Guiana 'GF', Guadeloupe 'GP', Martinique 'MQ', Réunion 'RE' from 1997; incl. Mayotte 'YT' from 2014)",TW,Taiwan,850730,Nickel-cadmium accumulators (excl. spent),1,IMPORT,VALUE_EUR,VALUE_EUR,2004,,911737,
dataflow,ESTAT:DS-059341(1.0),International trade of EU and non-EU countries since 2002 by HS2-4-6,A,Annual,FR,"France (incl. Saint Barthélemy 'BL' -> 2012; incl. French Guiana 'GF', Guadeloupe 'GP', Martinique 'MQ', Réunion 'RE' from 1997; incl. Mayotte 'YT' from 2014)",TW,Taiwan,850730,Nickel-cadmium accumulators (excl. spent),1,IMPORT,VALUE_EUR,VALUE_EUR,2005,,561748,
dataflow,ESTAT:DS-059341(1.0),International trade of EU and non-EU countries since 2002 by HS2-4-6,A,Annual,FR,"France (incl. Saint Barthélemy 'BL' -> 2012; incl. French Guiana 'GF', Guadeloupe 'GP', Martinique 'MQ', Réunion 'RE' from 1997; incl. Mayotte 'YT' from 2014)",TW,Taiwan,850730,Nickel-cadmium accumulators (excl. spent),1,IMPORT,VALUE_EUR,VALUE_EUR,2006,,571328,
dataflow,ESTAT:DS-059341(1.0),International trade of EU and non-EU countries since 2002 by HS2-4-6,A,Annual,FR,"France (incl. Saint Barthélemy 'BL' -> 2012; incl. French Guiana 'GF', Guadeloupe 'GP', Martinique 'MQ', Réunion 'RE' from 1997; incl. Mayotte 'YT' from 2014)",TW,Taiwan,850730,Nickel-cadmium accumulators (excl. spent),1,IMPORT,VALUE_EUR,VALUE_EUR,2007,,607877,
dataflow,ESTAT:DS-059341(1.0),International trade of EU and non-EU countries since 2002 by HS2-4-6,A,Annual,FR,"France (incl. Saint Barthélemy 'BL' -> 2012; incl. French Guiana 'GF', Guadeloupe 'GP', Martinique 'MQ', Réunion 'RE' from 1997; incl. Mayotte 'YT' from 2014)",TW,Taiwan,850730,Nickel-cadmium accumulators (excl. spent),1,IMPORT,VALUE_EUR,VALUE_EUR,2008,,441516,
dataflow,ESTAT:DS-059341(1.0),International trade of EU and non-EU countries since 2002 by HS2-4-6,A,Annual,FR,"France (incl. Saint Barthélemy 'BL' -> 2012; incl. French Guiana 'GF', Guadeloupe 'GP', Martinique 'MQ', Réunion 'RE' from 1997; incl. Mayotte 'YT' from 2014)",TW,Taiwan,850730,Nickel-cadmium accumulators (excl. spent),1,IMPORT,VALUE_EUR,VALUE_EUR,2009,,311337,
dataflow,ESTAT:DS-059341(1.0),International trade of EU and non-EU countries since 2002 by HS2-4-6,A,Annual,FR,"France (incl. Saint Barthélemy 'BL' -> 2012; incl. French Guiana 'GF', Guadeloupe 'GP', Martinique 'MQ', Réunion 'RE' from 1997; incl. Mayotte 'YT' from 2014)",TW,Taiwan,850730,Nickel-cadmium accumulators (excl. spent),1,IMPORT,VALUE_EUR,VALUE_EUR,2010,,137796,
dataflow,ESTAT:DS-059341(1.0),International trade of EU and non-EU countries since 2002 by HS2-4-6,A,Annual,FR,"France (incl. Saint Barthélemy 'BL' -> 2012; incl. French Guiana 'GF', Guadeloupe 'GP', Martinique 'MQ', Réunion 'RE' from 1997; incl. Mayotte 'YT' from 2014)",TW,Taiwan,850730,Nickel-cadmium accumulators (excl. spent),1,IMPORT,VALUE_EUR,VALUE_EUR,2011,,274559,
dataflow,ESTAT:DS-059341(1.0),International trade of EU and non-EU countries since 2002 by HS2-4-6,A,Annual,FR,"France (incl. Saint Barthélemy 'BL' -> 2012; incl. French Guiana 'GF', Guadeloupe 'GP', Martinique 'MQ', Réunion 'RE' from 1997; incl. Mayotte 'YT' from 2014)",TW,Taiwan,850730,Nickel-cadmium accumulators (excl. spent),1,IMPORT,VALUE_EUR,VALUE_EUR,2012,,385729,
dataflow,ESTAT:DS-059341(1.0),International trade of EU and non-EU countries since 2002 by HS2-4-6,A,Annual,FR,"France (incl. Saint Barthélemy 'BL' -> 2012; incl. French Guiana 'GF', Guadeloupe 'GP', Martinique 'MQ', Réunion 'RE' from 1997; incl. Mayotte 'YT' from 2014)",TW,Taiwan,850730,Nickel-cadmium accumulators (excl. spent),1,IMPORT,VALUE_EUR,VALUE_EUR,2013,,269383,
dataflow,ESTAT:DS-059341(1.0),International trade of EU and non-EU countries since 2002 by HS2-4-6,A,Annual,FR,"France (incl. Saint Barthélemy 'BL' -> 2012; incl. French Guiana 'GF', Guadeloupe 'GP', Martinique 'MQ', Réunion 'RE' from 1997; incl. Mayotte 'YT' from 2014)",TW,Taiwan,850730,Nickel-cadmium accumulators (excl. spent),1,IMPORT,VALUE_EUR,VALUE_EUR,2014,,297046,
dataflow,ESTAT:DS-059341(1.0),International trade of EU and non-EU countries since 2002 by HS2-4-6,A,Annual,FR,"France (incl. Saint Barthélemy 'BL' -> 2012; incl. French Guiana 'GF', Guadeloupe 'GP', Martinique 'MQ', Réunion 'RE' from 1997; incl. Mayotte 'YT' from 2014)",TW,Taiwan,850730,Nickel-cadmium accumulators (excl. spent),1,IMPORT,VALUE_EUR,VALUE_EUR,2015,,343024,
dataflow,ESTAT:DS-059341(1.0),International trade of EU and non-EU countries since 2002 by HS2-4-6,A,Annual,FR,"France (incl. Saint Barthélemy 'BL' -> 2012; incl. French Guiana 'GF', Guadeloupe 'GP', Martinique 'MQ', Réunion 'RE' from 1997; incl. Mayotte 'YT' from 2014)",TW,Taiwan,850730,Nickel-cadmium accumulators (excl. spent),1,IMPORT,VALUE_EUR,VALUE_EUR,2016,,255474,
dataflow,ESTAT:DS-059341(1.0),International trade of EU and non-EU countries since 2002 by HS2-4-6,A,Annual,FR,"France (incl. Saint Barthélemy 'BL' -> 2012; incl. French Guiana 'GF', Guadeloupe 'GP', Martinique 'MQ', Réunion 'RE' from 1997; incl. Mayotte 'YT' from 2014)",TW,Taiwan,850730,Nickel-cadmium accumulators (excl. spent),1,IMPORT,VALUE_EUR,VALUE_EUR,2017,,125905,
dataflow,ESTAT:DS-059341(1.0),International trade of EU and non-EU countries since 2002 by HS2-4-6,A,Annual,FR,"France (incl. Saint Barthélemy 'BL' -> 2012; incl. French Guiana 'GF', Guadeloupe 'GP', Martinique 'MQ', Réunion 'RE' from 1997; incl. Mayotte 'YT' from 2014)",TW,Taiwan,850730,Nickel-cadmium accumulators (excl. spent),1,IMPORT,VALUE_EUR,VALUE_EUR,2018,,200380,
dataflow,ESTAT:DS-059341(1.0),International trade of EU and non-EU countries since 2002 by HS2-4-6,A,Annual,FR,"France (incl. Saint Barthélemy 'BL' -> 2012; incl. French Guiana 'GF', Guadeloupe 'GP', Martinique 'MQ', Réunion 'RE' from 1997; incl. Mayotte 'YT' from 2014)",TW,Taiwan,850730,Nickel-cadmium accumulators (excl. spent),1,IMPORT,VALUE_EUR,VALUE_EUR,2019,,146446,
dataflow,ESTAT:DS-059341(1.0),International trade of EU and non-EU countries since 2002 by HS2-4-6,A,Annual,FR,"France (incl. Saint Barthélemy 'BL' -> 2012; incl. French Guiana 'GF', Guadeloupe 'GP', Martinique 'MQ', Réunion 'RE' from 1997; incl. Mayotte 'YT' from 2014)",TW,Taiwan,850730,Nickel-cadmium accumulators (excl. spent),1,IMPORT,VALUE_EUR,VALUE_EUR,2020,,158006,
dataflow,ESTAT:DS-059341(1.0),International trade of EU and non-EU countries since 2002 by HS2-4-6,A,Annual,FR,"France (incl. Saint Barthélemy 'BL' -> 2012; incl. French Guiana 'GF', Guadeloupe 'GP', Martinique 'MQ', Réunion 'RE' from 1997; incl. Mayotte 'YT' from 2014)",TW,Taiwan,850730,Nickel-cadmium accumulators (excl. spent),1,IMPORT,VALUE_EUR,VALUE_EUR,2021,,136066,
dataflow,ESTAT:DS-059341(1.0),International trade of EU and non-EU countries since 2002 by HS2-4-6,A,Annual,FR,"France (incl. Saint Barthélemy 'BL' -> 2012; incl. French Guiana 'GF', Guadeloupe 'GP', Martinique 'MQ', Réunion 'RE' from 1997; incl. Mayotte 'YT' from 2014)",TW,Taiwan,850730,Nickel-cadmium accumulators (excl. spent),1,IMPORT,VALUE_EUR,VALUE_EUR,2022,,156913,
dataflow,ESTAT:DS-059341(1.0),International trade of EU and non-EU countries since 2002 by HS2-4-6,A,Annual,FR,"France (incl. Saint Barthélemy 'BL' -> 2012; incl. French Guiana 'GF', Guadeloupe 'GP', Martinique 'MQ', Réunion 'RE' from 1997; incl. Mayotte 'YT' from 2014)",TW,Taiwan,850730,Nickel-cadmium accumulators (excl. spent),1,IMPORT,VALUE_EUR,VALUE_EUR,2023,,165877,
dataflow,ESTAT:DS-059341(1.0),International trade of EU and non-EU countries since 2002 by HS2-4-6,A,Annual,FR,"France (incl. Saint Barthélemy 'BL' -> 2012; incl. French Guiana 'GF', Guadeloupe 'GP', Martinique 'MQ', Réunion 'RE' from 1997; incl. Mayotte 'YT' from 2014)",TW,Taiwan,850730,Nickel-cadmium accumulators (excl. spent),1,IMPORT,VALUE_EUR,VALUE_EUR,2024,,157587,
dataflow,ESTAT:DS-059341(1.0),International trade of EU and non-EU countries since 2002 by HS2-4-6,A,Annual,FR,"France (incl. Saint Barthélemy 'BL' -> 2012; incl. French Guiana 'GF', Guadeloupe 'GP', Martinique 'MQ', Réunion 'RE' from 1997; incl. Mayotte 'YT' from 2014)",TW,Taiwan,850730,Nickel-cadmium accumulators (excl. spent),2,EXPORT,VALUE_EUR,VALUE_EUR,2002,,728271,
dataflow,ESTAT:DS-059341(1.0),International trade of EU and non-EU countries since 2002 by HS2-4-6,A,Annual,FR,"France (incl. Saint Barthélemy 'BL' -> 2012; incl. French Guiana 'GF', Guadeloupe 'GP', Martinique 'MQ', Réunion 'RE' from 1997; incl. Mayotte 'YT' from 2014)",TW,Taiwan,850730,Nickel-cadmium accumulators (excl. spent),2,EXPORT,VALUE_EUR,VALUE_EUR,2003,,335412,
dataflow,ESTAT:DS-059341(1.0),International trade of EU and non-EU countries since 2002 by HS2-4-6,A,Annual,FR,"France (incl. Saint Barthélemy 'BL' -> 2012; incl. French Guiana 'GF', Guadeloupe 'GP', Martinique 'MQ', Réunion 'RE' from 1997; incl. Mayotte 'YT' from 2014)",TW,Taiwan,850730,Nickel-cadmium accumulators (excl. spent),2,EXPORT,VALUE_EUR,VALUE_EUR,2004,,1859085,
dataflow,ESTAT:DS-059341(1.0),International trade of EU and non-EU countries since 2002 by HS2-4-6,A,Annual,FR,"France (incl. Saint Barthélemy 'BL' -> 2012; incl. French Guiana 'GF', Guadeloupe 'GP', Martinique 'MQ', Réunion 'RE' from 1997; incl. Mayotte 'YT' from 2014)",TW,Taiwan,850730,Nickel-cadmium accumulators (excl. spent),2,EXPORT,VALUE_EUR,VALUE_EUR,2005,,93595,
dataflow,ESTAT:DS-059341(1.0),International trade of EU and non-EU countries since 2002 by HS2-4-6,A,Annual,FR,"France (incl. Saint Barthélemy 'BL' -> 2012; incl. French Guiana 'GF', Guadeloupe 'GP', Martinique 'MQ', Réunion 'RE' from 1997; incl. Mayotte 'YT' from 2014)",TW,Taiwan,850730,Nickel-cadmium accumulators (excl. spent),2,EXPORT,VALUE_EUR,VALUE_EUR,2006,,238917,
dataflow,ESTAT:DS-059341(1.0),International trade of EU and non-EU countries since 2002 by HS2-4-6,A,Annual,FR,"France (incl. Saint Barthélemy 'BL' -> 2012; incl. French Guiana 'GF', Guadeloupe 'GP', Martinique 'MQ', Réunion 'RE' from 1997; incl. Mayotte 'YT' from 2014)",TW,Taiwan,850730,Nickel-cadmium accumulators (excl. spent),2,EXPORT,VALUE_EUR,VALUE_EUR,2007,,117937,
dataflow,ESTAT:DS-059341(1.0),International trade of EU and non-EU countries since 2002 by HS2-4-6,A,Annual,FR,"France (incl. Saint Barthélemy 'BL' -> 2012; incl. French Guiana 'GF', Guadeloupe 'GP', Martinique 'MQ', Réunion 'RE' from 1997; incl. Mayotte 'YT' from 2014)",TW,Taiwan,850730,Nickel-cadmium accumulators (excl. spent),2,EXPORT,VALUE_EUR,VALUE_EUR,2008,,144479,
dataflow,ESTAT:DS-059341(1.0),International trade of EU and non-EU countries since 2002 by HS2-4-6,A,Annual,FR,"France (incl. Saint Barthélemy 'BL' -> 2012; incl. French Guiana 'GF', Guadeloupe 'GP', Martinique 'MQ', Réunion 'RE' from 1997; incl. Mayotte 'YT' from 2014)",TW,Taiwan,850730,Nickel-cadmium accumulators (excl. spent),2,EXPORT,VALUE_EUR,VALUE_EUR,2009,,176665,
dataflow,ESTAT:DS-059341(1.0),International trade of EU and non-EU countries since 2002 by HS2-4-6,A,Annual,FR,"France (incl. Saint Barthélemy 'BL' -> 2012; incl. French Guiana 'GF', Guadeloupe 'GP', Martinique 'MQ', Réunion 'RE' from 1997; incl. Mayotte 'YT' from 2014)",TW,Taiwan,850730,Nickel-cadmium accumulators (excl. spent),2,EXPORT,VALUE_EUR,VALUE_EUR,2010,,378364,
dataflow,ESTAT:DS-059341(1.0),International trade of EU and non-EU countries since 2002 by HS2-4-6,A,Annual,FR,"France (incl. Saint Barthélemy 'BL' -> 2012; incl. French Guiana 'GF', Guadeloupe 'GP', Martinique 'MQ', Réunion 'RE' from 1997; incl. Mayotte 'YT' from 2014)",TW,Taiwan,850730,Nickel-cadmium accumulators (excl. spent),2,EXPORT,VALUE_EUR,VALUE_EUR,2011,,118788,
dataflow,ESTAT:DS-059341(1.0),International trade of EU and non-EU countries since 2002 by HS2-4-6,A,Annual,FR,"France (incl. Saint Barthélemy 'BL' -> 2012; incl. French Guiana 'GF', Guadeloupe 'GP', Martinique 'MQ', Réunion 'RE' from 1997; incl. Mayotte 'YT' from 2014)",TW,Taiwan,850730,Nickel-cadmium accumulators (excl. spent),2,EXPORT,VALUE_EUR,VALUE_EUR,2012,,182751,
dataflow,ESTAT:DS-059341(1.0),International trade of EU and non-EU countries since 2002 by HS2-4-6,A,Annual,FR,"France (incl. Saint Barthélemy 'BL' -> 2012; incl. French Guiana 'GF', Guadeloupe 'GP', Martinique 'MQ', Réunion 'RE' from 1997; incl. Mayotte 'YT' from 2014)",TW,Taiwan,850730,Nickel-cadmium accumulators (excl. spent),2,EXPORT,VALUE_EUR,VALUE_EUR,2013,,127258,
dataflow,ESTAT:DS-059341(1.0),International trade of EU and non-EU countries since 2002 by HS2-4-6,A,Annual,FR,"France (incl. Saint Barthélemy 'BL' -> 2012; incl. French Guiana 'GF', Guadeloupe 'GP', Martinique 'MQ', Réunion 'RE' from 1997; incl. Mayotte 'YT' from 2014)",TW,Taiwan,850730,Nickel-cadmium accumulators (excl. spent),2,EXPORT,VALUE_EUR,VALUE_EUR,2014,,36842,
dataflow,ESTAT:DS-059341(1.0),International trade of EU and non-EU countries since 2002 by HS2-4-6,A,Annual,FR,"France (incl. Saint Barthélemy 'BL' -> 2012; incl. French Guiana 'GF', Guadeloupe 'GP', Martinique 'MQ', Réunion 'RE' from 1997; incl. Mayotte 'YT' from 2014)",TW,Taiwan,850730,Nickel-cadmium accumulators (excl. spent),2,EXPORT,VALUE_EUR,VALUE_EUR,2015,,470339,
dataflow,ESTAT:DS-059341(1.0),International trade of EU and non-EU countries since 2002 by HS2-4-6,A,Annual,FR,"France (incl. Saint Barthélemy 'BL' -> 2012; incl. French Guiana 'GF', Guadeloupe 'GP', Martinique 'MQ', Réunion 'RE' from 1997; incl. Mayotte 'YT' from 2014)",TW,Taiwan,850730,Nickel-cadmium accumulators (excl. spent),2,EXPORT,VALUE_EUR,VALUE_EUR,2016,,788673,
dataflow,ESTAT:DS-059341(1.0),International trade of EU and non-EU countries since 2002 by HS2-4-6,A,Annual,FR,"France (incl. Saint Barthélemy 'BL' -> 2012; incl. French Guiana 'GF', Guadeloupe 'GP', Martinique 'MQ', Réunion 'RE' from 1997; incl. Mayotte 'YT' from 2014)",TW,Taiwan,850730,Nickel-cadmium accumulators (excl. spent),2,EXPORT,VALUE_EUR,VALUE_EUR,2017,,551543,
dataflow,ESTAT:DS-059341(1.0),International trade of EU and non-EU countries since 2002 by HS2-4-6,A,Annual,FR,"France (incl. Saint Barthélemy 'BL' -> 2012; incl. French Guiana 'GF', Guadeloupe 'GP', Martinique 'MQ', Réunion 'RE' from 1997; incl. Mayotte 'YT' from 2014)",TW,Taiwan,850730,Nickel-cadmium accumulators (excl. spent),2,EXPORT,VALUE_EUR,VALUE_EUR,2018,,93074,
dataflow,ESTAT:DS-059341(1.0),International trade of EU and non-EU countries since 2002 by HS2-4-6,A,Annual,FR,"France (incl. Saint Barthélemy 'BL' -> 2012; incl. French Guiana 'GF', Guadeloupe 'GP', Martinique 'MQ', Réunion 'RE' from 1997; incl. Mayotte 'YT' from 2014)",TW,Taiwan,850730,Nickel-cadmium accumulators (excl. spent),2,EXPORT,VALUE_EUR,VALUE_EUR,2019,,351871,
dataflow,ESTAT:DS-059341(1.0),International trade of EU and non-EU countries since 2002 by HS2-4-6,A,Annual,FR,"France (incl. Saint Barthélemy 'BL' -> 2012; incl. French Guiana 'GF', Guadeloupe 'GP', Martinique 'MQ', Réunion 'RE' from 1997; incl. Mayotte 'YT' from 2014)",TW,Taiwan,850730,Nickel-cadmium accumulators (excl. spent),2,EXPORT,VALUE_EUR,VALUE_EUR,2020,,1142619,
dataflow,ESTAT:DS-059341(1.0),International trade of EU and non-EU countries since 2002 by HS2-4-6,A,Annual,FR,"France (incl. Saint Barthélemy 'BL' -> 2012; incl. French Guiana 'GF', Guadeloupe 'GP', Martinique 'MQ', Réunion 'RE' from 1997; incl. Mayotte 'YT' from 2014)",TW,Taiwan,850730,Nickel-cadmium accumulators (excl. spent),2,EXPORT,VALUE_EUR,VALUE_EUR,2021,,1041935,
dataflow,ESTAT:DS-059341(1.0),International trade of EU and non-EU countries since 2002 by HS2-4-6,A,Annual,FR,"France (incl. Saint Barthélemy 'BL' -> 2012; incl. French Guiana 'GF', Guadeloupe 'GP', Martinique 'MQ', Réunion 'RE' from 1997; incl. Mayotte 'YT' from 2014)",TW,Taiwan,850730,Nickel-cadmium accumulators (excl. spent),2,EXPORT,VALUE_EUR,VALUE_EUR,2022,,113175,
dataflow,ESTAT:DS-059341(1.0),International trade of EU and non-EU countries since 2002 by HS2-4-6,A,Annual,FR,"France (incl. Saint Barthélemy 'BL' -> 2012; incl. French Guiana 'GF', Guadeloupe 'GP', Martinique 'MQ', Réunion 'RE' from 1997; incl. Mayotte 'YT' from 2014)",TW,Taiwan,850730,Nickel-cadmium accumulators (excl. spent),2,EXPORT,VALUE_EUR,VALUE_EUR,2023,,482199,
dataflow,ESTAT:DS-059341(1.0),International trade of EU and non-EU countries since 2002 by HS2-4-6,A,Annual,FR,"France (incl. Saint Barthélemy 'BL' -> 2012; incl. French Guiana 'GF', Guadeloupe 'GP', Martinique 'MQ', Réunion 'RE' from 1997; incl. Mayotte 'YT' from 2014)",TW,Taiwan,850730,Nickel-cadmium accumulators (excl. spent),2,EXPORT,VALUE_EUR,VALUE_EUR,2024,,56957,
dataflow,ESTAT:DS-059341(1.0),International trade of EU and non-EU countries since 2002 by HS2-4-6,A,Annual,FR,"France (incl. Saint Barthélemy 'BL' -> 2012; incl. French Guiana 'GF', Guadeloupe 'GP', Martinique 'MQ', Réunion 'RE' from 1997; incl. Mayotte 'YT' from 2014)",TW,Taiwan,850740,Nickel-iron accumulators (excl. spent),1,IMPORT,VALUE_EUR,VALUE_EUR,2002,,19021,
dataflow,ESTAT:DS-059341(1.0),International trade of EU and non-EU countries since 2002 by HS2-4-6,A,Annual,FR,"France (incl. Saint Barthélemy 'BL' -> 2012; incl. French Guiana 'GF', Guadeloupe 'GP', Martinique 'MQ', Réunion 'RE' from 1997; incl. Mayotte 'YT' from 2014)",TW,Taiwan,850740,Nickel-iron accumulators (excl. spent),1,IMPORT,VALUE_EUR,VALUE_EUR,2003,,1050,
dataflow,ESTAT:DS-059341(1.0),International trade of EU and non-EU countries since 2002 by HS2-4-6,A,Annual,FR,"France (incl. Saint Barthélemy 'BL' -> 2012; incl. French Guiana 'GF', Guadeloupe 'GP', Martinique 'MQ', Réunion 'RE' from 1997; incl. Mayotte 'YT' from 2014)",TW,Taiwan,850740,Nickel-iron accumulators (excl. spent),1,IMPORT,VALUE_EUR,VALUE_EUR,2004,,59241,
dataflow,ESTAT:DS-059341(1.0),International trade of EU and non-EU countries since 2002 by HS2-4-6,A,Annual,FR,"France (incl. Saint Barthélemy 'BL' -> 2012; incl. French Guiana 'GF', Guadeloupe 'GP', Martinique 'MQ', Réunion 'RE' from 1997; incl. Mayotte 'YT' from 2014)",TW,Taiwan,850740,Nickel-iron accumulators (excl. spent),1,IMPORT,VALUE_EUR,VALUE_EUR,2006,,1031,
dataflow,ESTAT:DS-059341(1.0),International trade of EU and non-EU countries since 2002 by HS2-4-6,A,Annual,FR,"France (incl. Saint Barthélemy 'BL' -> 2012; incl. French Guiana 'GF', Guadeloupe 'GP', Martinique 'MQ', Réunion 'RE' from 1997; incl. Mayotte 'YT' from 2014)",TW,Taiwan,850740,Nickel-iron accumulators (excl. spent),1,IMPORT,VALUE_EUR,VALUE_EUR,2007,,26035,
dataflow,ESTAT:DS-059341(1.0),International trade of EU and non-EU countries since 2002 by HS2-4-6,A,Annual,FR,"France (incl. Saint Barthélemy 'BL' -> 2012; incl. French Guiana 'GF', Guadeloupe 'GP', Martinique 'MQ', Réunion 'RE' from 1997; incl. Mayotte 'YT' from 2014)",TW,Taiwan,850740,Nickel-iron accumulators (excl. spent),1,IMPORT,VALUE_EUR,VALUE_EUR,2008,,6922,
dataflow,ESTAT:DS-059341(1.0),International trade of EU and non-EU countries since 2002 by HS2-4-6,A,Annual,FR,"France (incl. Saint Barthélemy 'BL' -> 2012; incl. French Guiana 'GF', Guadeloupe 'GP', Martinique 'MQ', Réunion 'RE' from 1997; incl. Mayotte 'YT' from 2014)",TW,Taiwan,850740,Nickel-iron accumulators (excl. spent),1,IMPORT,VALUE_EUR,VALUE_EUR,2009,,5219,
dataflow,ESTAT:DS-059341(1.0),International trade of EU and non-EU countries since 2002 by HS2-4-6,A,Annual,FR,"France (incl. Saint Barthélemy 'BL' -> 2012; incl. French Guiana 'GF', Guadeloupe 'GP', Martinique 'MQ', Réunion 'RE' from 1997; incl. Mayotte 'YT' from 2014)",TW,Taiwan,850740,Nickel-iron accumulators (excl. spent),1,IMPORT,VALUE_EUR,VALUE_EUR,2011,,125,
dataflow,ESTAT:DS-059341(1.0),International trade of EU and non-EU countries since 2002 by HS2-4-6,A,Annual,FR,"France (incl. Saint Barthélemy 'BL' -> 2012; incl. French Guiana 'GF', Guadeloupe 'GP', Martinique 'MQ', Réunion 'RE' from 1997; incl. Mayotte 'YT' from 2014)",TW,Taiwan,850740,Nickel-iron accumulators (excl. spent),1,IMPORT,VALUE_EUR,VALUE_EUR,2012,,9950,
dataflow,ESTAT:DS-059341(1.0),International trade of EU and non-EU countries since 2002 by HS2-4-6,A,Annual,FR,"France (incl. Saint Barthélemy 'BL' -> 2012; incl. French Guiana 'GF', Guadeloupe 'GP', Martinique 'MQ', Réunion 'RE' from 1997; incl. Mayotte 'YT' from 2014)",TW,Taiwan,850740,Nickel-iron accumulators (excl. spent),1,IMPORT,VALUE_EUR,VALUE_EUR,2016,,1454,
dataflow,ESTAT:DS-059341(1.0),International trade of EU and non-EU countries since 2002 by HS2-4-6,A,Annual,FR,"France (incl. Saint Barthélemy 'BL' -> 2012; incl. French Guiana 'GF', Guadeloupe 'GP', Martinique 'MQ', Réunion 'RE' from 1997; incl. Mayotte 'YT' from 2014)",TW,Taiwan,850740,Nickel-iron accumulators (excl. spent),1,IMPORT,VALUE_EUR,VALUE_EUR,2018,,218,
dataflow,ESTAT:DS-059341(1.0),International trade of EU and non-EU countries since 2002 by HS2-4-6,A,Annual,FR,"France (incl. Saint Barthélemy 'BL' -> 2012; incl. French Guiana 'GF', Guadeloupe 'GP', Martinique 'MQ', Réunion 'RE' from 1997; incl. Mayotte 'YT' from 2014)",TW,Taiwan,850740,Nickel-iron accumulators (excl. spent),2,EXPORT,VALUE_EUR,VALUE_EUR,2008,,16500,
dataflow,ESTAT:DS-059341(1.0),International trade of EU and non-EU countries since 2002 by HS2-4-6,A,Annual,FR,"France (incl. Saint Barthélemy 'BL' -> 2012; incl. French Guiana 'GF', Guadeloupe 'GP', Martinique 'MQ', Réunion 'RE' from 1997; incl. Mayotte 'YT' from 2014)",TW,Taiwan,850740,Nickel-iron accumulators (excl. spent),2,EXPORT,VALUE_EUR,VALUE_EUR,2009,,28902,
dataflow,ESTAT:DS-059341(1.0),International trade of EU and non-EU countries since 2002 by HS2-4-6,A,Annual,FR,"France (incl. Saint Barthélemy 'BL' -> 2012; incl. French Guiana 'GF', Guadeloupe 'GP', Martinique 'MQ', Réunion 'RE' from 1997; incl. Mayotte 'YT' from 2014)",TW,Taiwan,850740,Nickel-iron accumulators (excl. spent),2,EXPORT,VALUE_EUR,VALUE_EUR,2012,,5960,
dataflow,ESTAT:DS-059341(1.0),International trade of EU and non-EU countries since 2002 by HS2-4-6,A,Annual,FR,"France (incl. Saint Barthélemy 'BL' -> 2012; incl. French Guiana 'GF', Guadeloupe 'GP', Martinique 'MQ', Réunion 'RE' from 1997; incl. Mayotte 'YT' from 2014)",TW,Taiwan,850750,Nickel-metal hydride accumulators (excl. spent),1,IMPORT,VALUE_EUR,VALUE_EUR,2012,,26031,
dataflow,ESTAT:DS-059341(1.0),International trade of EU and non-EU countries since 2002 by HS2-4-6,A,Annual,FR,"France (incl. Saint Barthélemy 'BL' -> 2012; incl. French Guiana 'GF', Guadeloupe 'GP', Martinique 'MQ', Réunion 'RE' from 1997; incl. Mayotte 'YT' from 2014)",TW,Taiwan,850750,Nickel-metal hydride accumulators (excl. spent),1,IMPORT,VALUE_EUR,VALUE_EUR,2013,,31766,
dataflow,ESTAT:DS-059341(1.0),International trade of EU and non-EU countries since 2002 by HS2-4-6,A,Annual,FR,"France (incl. Saint Barthélemy 'BL' -> 2012; incl. French Guiana 'GF', Guadeloupe 'GP', Martinique 'MQ', Réunion 'RE' from 1997; incl. Mayotte 'YT' from 2014)",TW,Taiwan,850750,Nickel-metal hydride accumulators (excl. spent),1,IMPORT,VALUE_EUR,VALUE_EUR,2014,,9370,
dataflow,ESTAT:DS-059341(1.0),International trade of EU and non-EU countries since 2002 by HS2-4-6,A,Annual,FR,"France (incl. Saint Barthélemy 'BL' -> 2012; incl. French Guiana 'GF', Guadeloupe 'GP', Martinique 'MQ', Réunion 'RE' from 1997; incl. Mayotte 'YT' from 2014)",TW,Taiwan,850750,Nickel-metal hydride accumulators (excl. spent),1,IMPORT,VALUE_EUR,VALUE_EUR,2015,,16765,
dataflow,ESTAT:DS-059341(1.0),International trade of EU and non-EU countries since 2002 by HS2-4-6,A,Annual,FR,"France (incl. Saint Barthélemy 'BL' -> 2012; incl. French Guiana 'GF', Guadeloupe 'GP', Martinique 'MQ', Réunion 'RE' from 1997; incl. Mayotte 'YT' from 2014)",TW,Taiwan,850750,Nickel-metal hydride accumulators (excl. spent),1,IMPORT,VALUE_EUR,VALUE_EUR,2016,,14976,
dataflow,ESTAT:DS-059341(1.0),International trade of EU and non-EU countries since 2002 by HS2-4-6,A,Annual,FR,"France (incl. Saint Barthélemy 'BL' -> 2012; incl. French Guiana 'GF', Guadeloupe 'GP', Martinique 'MQ', Réunion 'RE' from 1997; incl. Mayotte 'YT' from 2014)",TW,Taiwan,850750,Nickel-metal hydride accumulators (excl. spent),1,IMPORT,VALUE_EUR,VALUE_EUR,2017,,10688,
dataflow,ESTAT:DS-059341(1.0),International trade of EU and non-EU countries since 2002 by HS2-4-6,A,Annual,FR,"France (incl. Saint Barthélemy 'BL' -> 2012; incl. French Guiana 'GF', Guadeloupe 'GP', Martinique 'MQ', Réunion 'RE' from 1997; incl. Mayotte 'YT' from 2014)",TW,Taiwan,850750,Nickel-metal hydride accumulators (excl. spent),1,IMPORT,VALUE_EUR,VALUE_EUR,2018,,813,
dataflow,ESTAT:DS-059341(1.0),International trade of EU and non-EU countries since 2002 by HS2-4-6,A,Annual,FR,"France (incl. Saint Barthélemy 'BL' -> 2012; incl. French Guiana 'GF', Guadeloupe 'GP', Martinique 'MQ', Réunion 'RE' from 1997; incl. Mayotte 'YT' from 2014)",TW,Taiwan,850750,Nickel-metal hydride accumulators (excl. spent),1,IMPORT,VALUE_EUR,VALUE_EUR,2019,,257894,
dataflow,ESTAT:DS-059341(1.0),International trade of EU and non-EU countries since 2002 by HS2-4-6,A,Annual,FR,"France (incl. Saint Barthélemy 'BL' -> 2012; incl. French Guiana 'GF', Guadeloupe 'GP', Martinique 'MQ', Réunion 'RE' from 1997; incl. Mayotte 'YT' from 2014)",TW,Taiwan,850750,Nickel-metal hydride accumulators (excl. spent),1,IMPORT,VALUE_EUR,VALUE_EUR,2020,,810622,
dataflow,ESTAT:DS-059341(1.0),International trade of EU and non-EU countries since 2002 by HS2-4-6,A,Annual,FR,"France (incl. Saint Barthélemy 'BL' -> 2012; incl. French Guiana 'GF', Guadeloupe 'GP', Martinique 'MQ', Réunion 'RE' from 1997; incl. Mayotte 'YT' from 2014)",TW,Taiwan,850750,Nickel-metal hydride accumulators (excl. spent),1,IMPORT,VALUE_EUR,VALUE_EUR,2021,,904623,
dataflow,ESTAT:DS-059341(1.0),International trade of EU and non-EU countries since 2002 by HS2-4-6,A,Annual,FR,"France (incl. Saint Barthélemy 'BL' -> 2012; incl. French Guiana 'GF', Guadeloupe 'GP', Martinique 'MQ', Réunion 'RE' from 1997; incl. Mayotte 'YT' from 2014)",TW,Taiwan,850750,Nickel-metal hydride accumulators (excl. spent),1,IMPORT,VALUE_EUR,VALUE_EUR,2022,,789460,
dataflow,ESTAT:DS-059341(1.0),International trade of EU and non-EU countries since 2002 by HS2-4-6,A,Annual,FR,"France (incl. Saint Barthélemy 'BL' -> 2012; incl. French Guiana 'GF', Guadeloupe 'GP', Martinique 'MQ', Réunion 'RE' from 1997; incl. Mayotte 'YT' from 2014)",TW,Taiwan,850750,Nickel-metal hydride accumulators (excl. spent),1,IMPORT,VALUE_EUR,VALUE_EUR,2023,,36729,
dataflow,ESTAT:DS-059341(1.0),International trade of EU and non-EU countries since 2002 by HS2-4-6,A,Annual,FR,"France (incl. Saint Barthélemy 'BL' -> 2012; incl. French Guiana 'GF', Guadeloupe 'GP', Martinique 'MQ', Réunion 'RE' from 1997; incl. Mayotte 'YT' from 2014)",TW,Taiwan,850750,Nickel-metal hydride accumulators (excl. spent),1,IMPORT,VALUE_EUR,VALUE_EUR,2024,,108494,
dataflow,ESTAT:DS-059341(1.0),International trade of EU and non-EU countries since 2002 by HS2-4-6,A,Annual,FR,"France (incl. Saint Barthélemy 'BL' -> 2012; incl. French Guiana 'GF', Guadeloupe 'GP', Martinique 'MQ', Réunion 'RE' from 1997; incl. Mayotte 'YT' from 2014)",TW,Taiwan,850750,Nickel-metal hydride accumulators (excl. spent),2,EXPORT,VALUE_EUR,VALUE_EUR,2014,,5474,
dataflow,ESTAT:DS-059341(1.0),International trade of EU and non-EU countries since 2002 by HS2-4-6,A,Annual,FR,"France (incl. Saint Barthélemy 'BL' -> 2012; incl. French Guiana 'GF', Guadeloupe 'GP', Martinique 'MQ', Réunion 'RE' from 1997; incl. Mayotte 'YT' from 2014)",TW,Taiwan,850750,Nickel-metal hydride accumulators (excl. spent),2,EXPORT,VALUE_EUR,VALUE_EUR,2015,,100,
dataflow,ESTAT:DS-059341(1.0),International trade of EU and non-EU countries since 2002 by HS2-4-6,A,Annual,FR,"France (incl. Saint Barthélemy 'BL' -> 2012; incl. French Guiana 'GF', Guadeloupe 'GP', Martinique 'MQ', Réunion 'RE' from 1997; incl. Mayotte 'YT' from 2014)",TW,Taiwan,850750,Nickel-metal hydride accumulators (excl. spent),2,EXPORT,VALUE_EUR,VALUE_EUR,2019,,1228,
dataflow,ESTAT:DS-059341(1.0),International trade of EU and non-EU countries since 2002 by HS2-4-6,A,Annual,FR,"France (incl. Saint Barthélemy 'BL' -> 2012; incl. French Guiana 'GF', Guadeloupe 'GP', Martinique 'MQ', Réunion 'RE' from 1997; incl. Mayotte 'YT' from 2014)",TW,Taiwan,850750,Nickel-metal hydride accumulators (excl. spent),2,EXPORT,VALUE_EUR,VALUE_EUR,2020,,2509,
dataflow,ESTAT:DS-059341(1.0),International trade of EU and non-EU countries since 2002 by HS2-4-6,A,Annual,FR,"France (incl. Saint Barthélemy 'BL' -> 2012; incl. French Guiana 'GF', Guadeloupe 'GP', Martinique 'MQ', Réunion 'RE' from 1997; incl. Mayotte 'YT' from 2014)",TW,Taiwan,850750,Nickel-metal hydride accumulators (excl. spent),2,EXPORT,VALUE_EUR,VALUE_EUR,2021,,4770,
dataflow,ESTAT:DS-059341(1.0),International trade of EU and non-EU countries since 2002 by HS2-4-6,A,Annual,FR,"France (incl. Saint Barthélemy 'BL' -> 2012; incl. French Guiana 'GF', Guadeloupe 'GP', Martinique 'MQ', Réunion 'RE' from 1997; incl. Mayotte 'YT' from 2014)",TW,Taiwan,850750,Nickel-metal hydride accumulators (excl. spent),2,EXPORT,VALUE_EUR,VALUE_EUR,2022,,13023,
dataflow,ESTAT:DS-059341(1.0),International trade of EU and non-EU countries since 2002 by HS2-4-6,A,Annual,FR,"France (incl. Saint Barthélemy 'BL' -> 2012; incl. French Guiana 'GF', Guadeloupe 'GP', Martinique 'MQ', Réunion 'RE' from 1997; incl. Mayotte 'YT' from 2014)",TW,Taiwan,850750,Nickel-metal hydride accumulators (excl. spent),2,EXPORT,VALUE_EUR,VALUE_EUR,2023,,7579,
dataflow,ESTAT:DS-059341(1.0),International trade of EU and non-EU countries since 2002 by HS2-4-6,A,Annual,FR,"France (incl. Saint Barthélemy 'BL' -> 2012; incl. French Guiana 'GF', Guadeloupe 'GP', Martinique 'MQ', Réunion 'RE' from 1997; incl. Mayotte 'YT' from 2014)",TW,Taiwan,850750,Nickel-metal hydride accumulators (excl. spent),2,EXPORT,VALUE_EUR,VALUE_EUR,2024,,11826,
dataflow,ESTAT:DS-059341(1.0),International trade of EU and non-EU countries since 2002 by HS2-4-6,A,Annual,FR,"France (incl. Saint Barthélemy 'BL' -> 2012; incl. French Guiana 'GF', Guadeloupe 'GP', Martinique 'MQ', Réunion 'RE' from 1997; incl. Mayotte 'YT' from 2014)",TW,Taiwan,850760,Lithium-ion accumulators (excl. spent),1,IMPORT,VALUE_EUR,VALUE_EUR,2012,,933733,
dataflow,ESTAT:DS-059341(1.0),International trade of EU and non-EU countries since 2002 by HS2-4-6,A,Annual,FR,"France (incl. Saint Barthélemy 'BL' -> 2012; incl. French Guiana 'GF', Guadeloupe 'GP', Martinique 'MQ', Réunion 'RE' from 1997; incl. Mayotte 'YT' from 2014)",TW,Taiwan,850760,Lithium-ion accumulators (excl. spent),1,IMPORT,VALUE_EUR,VALUE_EUR,2013,,1624853,
dataflow,ESTAT:DS-059341(1.0),International trade of EU and non-EU countries since 2002 by HS2-4-6,A,Annual,FR,"France (incl. Saint Barthélemy 'BL' -> 2012; incl. French Guiana 'GF', Guadeloupe 'GP', Martinique 'MQ', Réunion 'RE' from 1997; incl. Mayotte 'YT' from 2014)",TW,Taiwan,850760,Lithium-ion accumulators (excl. spent),1,IMPORT,VALUE_EUR,VALUE_EUR,2014,,1351201,
dataflow,ESTAT:DS-059341(1.0),International trade of EU and non-EU countries since 2002 by HS2-4-6,A,Annual,FR,"France (incl. Saint Barthélemy 'BL' -> 2012; incl. French Guiana 'GF', Guadeloupe 'GP', Martinique 'MQ', Réunion 'RE' from 1997; incl. Mayotte 'YT' from 2014)",TW,Taiwan,850760,Lithium-ion accumulators (excl. spent),1,IMPORT,VALUE_EUR,VALUE_EUR,2015,,1015973,
dataflow,ESTAT:DS-059341(1.0),International trade of EU and non-EU countries since 2002 by HS2-4-6,A,Annual,FR,"France (incl. Saint Barthélemy 'BL' -> 2012; incl. French Guiana 'GF', Guadeloupe 'GP', Martinique 'MQ', Réunion 'RE' from 1997; incl. Mayotte 'YT' from 2014)",TW,Taiwan,850760,Lithium-ion accumulators (excl. spent),1,IMPORT,VALUE_EUR,VALUE_EUR,2016,,1152338,
dataflow,ESTAT:DS-059341(1.0),International trade of EU and non-EU countries since 2002 by HS2-4-6,A,Annual,FR,"France (incl. Saint Barthélemy 'BL' -> 2012; incl. French Guiana 'GF', Guadeloupe 'GP', Martinique 'MQ', Réunion 'RE' from 1997; incl. Mayotte 'YT' from 2014)",TW,Taiwan,850760,Lithium-ion accumulators (excl. spent),1,IMPORT,VALUE_EUR,VALUE_EUR,2017,,3096646,
dataflow,ESTAT:DS-059341(1.0),International trade of EU and non-EU countries since 2002 by HS2-4-6,A,Annual,FR,"France (incl. Saint Barthélemy 'BL' -> 2012; incl. French Guiana 'GF', Guadeloupe 'GP', Martinique 'MQ', Réunion 'RE' from 1997; incl. Mayotte 'YT' from 2014)",TW,Taiwan,850760,Lithium-ion accumulators (excl. spent),1,IMPORT,VALUE_EUR,VALUE_EUR,2018,,3581233,
dataflow,ESTAT:DS-059341(1.0),International trade of EU and non-EU countries since 2002 by HS2-4-6,A,Annual,FR,"France (incl. Saint Barthélemy 'BL' -> 2012; incl. French Guiana 'GF', Guadeloupe 'GP', Martinique 'MQ', Réunion 'RE' from 1997; incl. Mayotte 'YT' from 2014)",TW,Taiwan,850760,Lithium-ion accumulators (excl. spent),1,IMPORT,VALUE_EUR,VALUE_EUR,2019,,3098693,
dataflow,ESTAT:DS-059341(1.0),International trade of EU and non-EU countries since 2002 by HS2-4-6,A,Annual,FR,"France (incl. Saint Barthélemy 'BL' -> 2012; incl. French Guiana 'GF', Guadeloupe 'GP', Martinique 'MQ', Réunion 'RE' from 1997; incl. Mayotte 'YT' from 2014)",TW,Taiwan,850760,Lithium-ion accumulators (excl. spent),1,IMPORT,VALUE_EUR,VALUE_EUR,2020,,3266868,
dataflow,ESTAT:DS-059341(1.0),International trade of EU and non-EU countries since 2002 by HS2-4-6,A,Annual,FR,"France (incl. Saint Barthélemy 'BL' -> 2012; incl. French Guiana 'GF', Guadeloupe 'GP', Martinique 'MQ', Réunion 'RE' from 1997; incl. Mayotte 'YT' from 2014)",TW,Taiwan,850760,Lithium-ion accumulators (excl. spent),1,IMPORT,VALUE_EUR,VALUE_EUR,2021,,2205125,
dataflow,ESTAT:DS-059341(1.0),International trade of EU and non-EU countries since 2002 by HS2-4-6,A,Annual,FR,"France (incl. Saint Barthélemy 'BL' -> 2012; incl. French Guiana 'GF', Guadeloupe 'GP', Martinique 'MQ', Réunion 'RE' from 1997; incl. Mayotte 'YT' from 2014)",TW,Taiwan,850760,Lithium-ion accumulators (excl. spent),1,IMPORT,VALUE_EUR,VALUE_EUR,2022,,4993035,
dataflow,ESTAT:DS-059341(1.0),International trade of EU and non-EU countries since 2002 by HS2-4-6,A,Annual,FR,"France (incl. Saint Barthélemy 'BL' -> 2012; incl. French Guiana 'GF', Guadeloupe 'GP', Martinique 'MQ', Réunion 'RE' from 1997; incl. Mayotte 'YT' from 2014)",TW,Taiwan,850760,Lithium-ion accumulators (excl. spent),1,IMPORT,VALUE_EUR,VALUE_EUR,2023,,5654898,
dataflow,ESTAT:DS-059341(1.0),International trade of EU and non-EU countries since 2002 by HS2-4-6,A,Annual,FR,"France (incl. Saint Barthélemy 'BL' -> 2012; incl. French Guiana 'GF', Guadeloupe 'GP', Martinique 'MQ', Réunion 'RE' from 1997; incl. Mayotte 'YT' from 2014)",TW,Taiwan,850760,Lithium-ion accumulators (excl. spent),1,IMPORT,VALUE_EUR,VALUE_EUR,2024,,7833410,
dataflow,ESTAT:DS-059341(1.0),International trade of EU and non-EU countries since 2002 by HS2-4-6,A,Annual,FR,"France (incl. Saint Barthélemy 'BL' -> 2012; incl. French Guiana 'GF', Guadeloupe 'GP', Martinique 'MQ', Réunion 'RE' from 1997; incl. Mayotte 'YT' from 2014)",TW,Taiwan,850760,Lithium-ion accumulators (excl. spent),2,EXPORT,VALUE_EUR,VALUE_EUR,2012,,64101,
dataflow,ESTAT:DS-059341(1.0),International trade of EU and non-EU countries since 2002 by HS2-4-6,A,Annual,FR,"France (incl. Saint Barthélemy 'BL' -> 2012; incl. French Guiana 'GF', Guadeloupe 'GP', Martinique 'MQ', Réunion 'RE' from 1997; incl. Mayotte 'YT' from 2014)",TW,Taiwan,850760,Lithium-ion accumulators (excl. spent),2,EXPORT,VALUE_EUR,VALUE_EUR,2013,,24580,
dataflow,ESTAT:DS-059341(1.0),International trade of EU and non-EU countries since 2002 by HS2-4-6,A,Annual,FR,"France (incl. Saint Barthélemy 'BL' -> 2012; incl. French Guiana 'GF', Guadeloupe 'GP', Martinique 'MQ', Réunion 'RE' from 1997; incl. Mayotte 'YT' from 2014)",TW,Taiwan,850760,Lithium-ion accumulators (excl. spent),2,EXPORT,VALUE_EUR,VALUE_EUR,2014,,51248,
dataflow,ESTAT:DS-059341(1.0),International trade of EU and non-EU countries since 2002 by HS2-4-6,A,Annual,FR,"France (incl. Saint Barthélemy 'BL' -> 2012; incl. French Guiana 'GF', Guadeloupe 'GP', Martinique 'MQ', Réunion 'RE' from 1997; incl. Mayotte 'YT' from 2014)",TW,Taiwan,850760,Lithium-ion accumulators (excl. spent),2,EXPORT,VALUE_EUR,VALUE_EUR,2015,,265722,
dataflow,ESTAT:DS-059341(1.0),International trade of EU and non-EU countries since 2002 by HS2-4-6,A,Annual,FR,"France (incl. Saint Barthélemy 'BL' -> 2012; incl. French Guiana 'GF', Guadeloupe 'GP', Martinique 'MQ', Réunion 'RE' from 1997; incl. Mayotte 'YT' from 2014)",TW,Taiwan,850760,Lithium-ion accumulators (excl. spent),2,EXPORT,VALUE_EUR,VALUE_EUR,2016,,106261,
dataflow,ESTAT:DS-059341(1.0),International trade of EU and non-EU countries since 2002 by HS2-4-6,A,Annual,FR,"France (incl. Saint Barthélemy 'BL' -> 2012; incl. French Guiana 'GF', Guadeloupe 'GP', Martinique 'MQ', Réunion 'RE' from 1997; incl. Mayotte 'YT' from 2014)",TW,Taiwan,850760,Lithium-ion accumulators (excl. spent),2,EXPORT,VALUE_EUR,VALUE_EUR,2017,,173932,
dataflow,ESTAT:DS-059341(1.0),International trade of EU and non-EU countries since 2002 by HS2-4-6,A,Annual,FR,"France (incl. Saint Barthélemy 'BL' -> 2012; incl. French Guiana 'GF', Guadeloupe 'GP', Martinique 'MQ', Réunion 'RE' from 1997; incl. Mayotte 'YT' from 2014)",TW,Taiwan,850760,Lithium-ion accumulators (excl. spent),2,EXPORT,VALUE_EUR,VALUE_EUR,2018,,211031,
dataflow,ESTAT:DS-059341(1.0),International trade of EU and non-EU countries since 2002 by HS2-4-6,A,Annual,FR,"France (incl. Saint Barthélemy 'BL' -> 2012; incl. French Guiana 'GF', Guadeloupe 'GP', Martinique 'MQ', Réunion 'RE' from 1997; incl. Mayotte 'YT' from 2014)",TW,Taiwan,850760,Lithium-ion accumulators (excl. spent),2,EXPORT,VALUE_EUR,VALUE_EUR,2019,,252543,
dataflow,ESTAT:DS-059341(1.0),International trade of EU and non-EU countries since 2002 by HS2-4-6,A,Annual,FR,"France (incl. Saint Barthélemy 'BL' -> 2012; incl. French Guiana 'GF', Guadeloupe 'GP', Martinique 'MQ', Réunion 'RE' from 1997; incl. Mayotte 'YT' from 2014)",TW,Taiwan,850760,Lithium-ion accumulators (excl. spent),2,EXPORT,VALUE_EUR,VALUE_EUR,2020,,141356,
dataflow,ESTAT:DS-059341(1.0),International trade of EU and non-EU countries since 2002 by HS2-4-6,A,Annual,FR,"France (incl. Saint Barthélemy 'BL' -> 2012; incl. French Guiana 'GF', Guadeloupe 'GP', Martinique 'MQ', Réunion 'RE' from 1997; incl. Mayotte 'YT' from 2014)",TW,Taiwan,850760,Lithium-ion accumulators (excl. spent),2,EXPORT,VALUE_EUR,VALUE_EUR,2021,,398423,
dataflow,ESTAT:DS-059341(1.0),International trade of EU and non-EU countries since 2002 by HS2-4-6,A,Annual,FR,"France (incl. Saint Barthélemy 'BL' -> 2012; incl. French Guiana 'GF', Guadeloupe 'GP', Martinique 'MQ', Réunion 'RE' from 1997; incl. Mayotte 'YT' from 2014)",TW,Taiwan,850760,Lithium-ion accumulators (excl. spent),2,EXPORT,VALUE_EUR,VALUE_EUR,2022,,90597,
dataflow,ESTAT:DS-059341(1.0),International trade of EU and non-EU countries since 2002 by HS2-4-6,A,Annual,FR,"France (incl. Saint Barthélemy 'BL' -> 2012; incl. French Guiana 'GF', Guadeloupe 'GP', Martinique 'MQ', Réunion 'RE' from 1997; incl. Mayotte 'YT' from 2014)",TW,Taiwan,850760,Lithium-ion accumulators (excl. spent),2,EXPORT,VALUE_EUR,VALUE_EUR,2023,,259000,
dataflow,ESTAT:DS-059341(1.0),International trade of EU and non-EU countries since 2002 by HS2-4-6,A,Annual,FR,"France (incl. Saint Barthélemy 'BL' -> 2012; incl. French Guiana 'GF', Guadeloupe 'GP', Martinique 'MQ', Réunion 'RE' from 1997; incl. Mayotte 'YT' from 2014)",TW,Taiwan,850760,Lithium-ion accumulators (excl. spent),2,EXPORT,VALUE_EUR,VALUE_EUR,2024,,126505,
dataflow,ESTAT:DS-059341(1.0),International trade of EU and non-EU countries since 2002 by HS2-4-6,A,Annual,FR,"France (incl. Saint Barthélemy 'BL' -> 2012; incl. French Guiana 'GF', Guadeloupe 'GP', Martinique 'MQ', Réunion 'RE' from 1997; incl. Mayotte 'YT' from 2014)",TW,Taiwan,850780,"Electric accumulators (excl. spent and lead-acid, nickel-cadmium, nickel-iron, nickel-metal hydride and lithium-ion accumulators)",1,IMPORT,VALUE_EUR,VALUE_EUR,2002,,1557283,
dataflow,ESTAT:DS-059341(1.0),International trade of EU and non-EU countries since 2002 by HS2-4-6,A,Annual,FR,"France (incl. Saint Barthélemy 'BL' -> 2012; incl. French Guiana 'GF', Guadeloupe 'GP', Martinique 'MQ', Réunion 'RE' from 1997; incl. Mayotte 'YT' from 2014)",TW,Taiwan,850780,"Electric accumulators (excl. spent and lead-acid, nickel-cadmium, nickel-iron, nickel-metal hydride and lithium-ion accumulators)",1,IMPORT,VALUE_EUR,VALUE_EUR,2003,,3537041,
dataflow,ESTAT:DS-059341(1.0),International trade of EU and non-EU countries since 2002 by HS2-4-6,A,Annual,FR,"France (incl. Saint Barthélemy 'BL' -> 2012; incl. French Guiana 'GF', Guadeloupe 'GP', Martinique 'MQ', Réunion 'RE' from 1997; incl. Mayotte 'YT' from 2014)",TW,Taiwan,850780,"Electric accumulators (excl. spent and lead-acid, nickel-cadmium, nickel-iron, nickel-metal hydride and lithium-ion accumulators)",1,IMPORT,VALUE_EUR,VALUE_EUR,2004,,5344378,
dataflow,ESTAT:DS-059341(1.0),International trade of EU and non-EU countries since 2002 by HS2-4-6,A,Annual,FR,"France (incl. Saint Barthélemy 'BL' -> 2012; incl. French Guiana 'GF', Guadeloupe 'GP', Martinique 'MQ', Réunion 'RE' from 1997; incl. Mayotte 'YT' from 2014)",TW,Taiwan,850780,"Electric accumulators (excl. spent and lead-acid, nickel-cadmium, nickel-iron, nickel-metal hydride and lithium-ion accumulators)",1,IMPORT,VALUE_EUR,VALUE_EUR,2005,,1958918,
dataflow,ESTAT:DS-059341(1.0),International trade of EU and non-EU countries since 2002 by HS2-4-6,A,Annual,FR,"France (incl. Saint Barthélemy 'BL' -> 2012; incl. French Guiana 'GF', Guadeloupe 'GP', Martinique 'MQ', Réunion 'RE' from 1997; incl. Mayotte 'YT' from 2014)",TW,Taiwan,850780,"Electric accumulators (excl. spent and lead-acid, nickel-cadmium, nickel-iron, nickel-metal hydride and lithium-ion accumulators)",1,IMPORT,VALUE_EUR,VALUE_EUR,2006,,1390943,
dataflow,ESTAT:DS-059341(1.0),International trade of EU and non-EU countries since 2002 by HS2-4-6,A,Annual,FR,"France (incl. Saint Barthélemy 'BL' -> 2012; incl. French Guiana 'GF', Guadeloupe 'GP', Martinique 'MQ', Réunion 'RE' from 1997; incl. Mayotte 'YT' from 2014)",TW,Taiwan,850780,"Electric accumulators (excl. spent and lead-acid, nickel-cadmium, nickel-iron, nickel-metal hydride and lithium-ion accumulators)",1,IMPORT,VALUE_EUR,VALUE_EUR,2007,,2271248,
dataflow,ESTAT:DS-059341(1.0),International trade of EU and non-EU countries since 2002 by HS2-4-6,A,Annual,FR,"France (incl. Saint Barthélemy 'BL' -> 2012; incl. French Guiana 'GF', Guadeloupe 'GP', Martinique 'MQ', Réunion 'RE' from 1997; incl. Mayotte 'YT' from 2014)",TW,Taiwan,850780,"Electric accumulators (excl. spent and lead-acid, nickel-cadmium, nickel-iron, nickel-metal hydride and lithium-ion accumulators)",1,IMPORT,VALUE_EUR,VALUE_EUR,2008,,2499623,
dataflow,ESTAT:DS-059341(1.0),International trade of EU and non-EU countries since 2002 by HS2-4-6,A,Annual,FR,"France (incl. Saint Barthélemy 'BL' -> 2012; incl. French Guiana 'GF', Guadeloupe 'GP', Martinique 'MQ', Réunion 'RE' from 1997; incl. Mayotte 'YT' from 2014)",TW,Taiwan,850780,"Electric accumulators (excl. spent and lead-acid, nickel-cadmium, nickel-iron, nickel-metal hydride and lithium-ion accumulators)",1,IMPORT,VALUE_EUR,VALUE_EUR,2009,,1997856,
dataflow,ESTAT:DS-059341(1.0),International trade of EU and non-EU countries since 2002 by HS2-4-6,A,Annual,FR,"France (incl. Saint Barthélemy 'BL' -> 2012; incl. French Guiana 'GF', Guadeloupe 'GP', Martinique 'MQ', Réunion 'RE' from 1997; incl. Mayotte 'YT' from 2014)",TW,Taiwan,850780,"Electric accumulators (excl. spent and lead-acid, nickel-cadmium, nickel-iron, nickel-metal hydride and lithium-ion accumulators)",1,IMPORT,VALUE_EUR,VALUE_EUR,2010,,2000968,
dataflow,ESTAT:DS-059341(1.0),International trade of EU and non-EU countries since 2002 by HS2-4-6,A,Annual,FR,"France (incl. Saint Barthélemy 'BL' -> 2012; incl. French Guiana 'GF', Guadeloupe 'GP', Martinique 'MQ', Réunion 'RE' from 1997; incl. Mayotte 'YT' from 2014)",TW,Taiwan,850780,"Electric accumulators (excl. spent and lead-acid, nickel-cadmium, nickel-iron, nickel-metal hydride and lithium-ion accumulators)",1,IMPORT,VALUE_EUR,VALUE_EUR,2011,,3360371,
dataflow,ESTAT:DS-059341(1.0),International trade of EU and non-EU countries since 2002 by HS2-4-6,A,Annual,FR,"France (incl. Saint Barthélemy 'BL' -> 2012; incl. French Guiana 'GF', Guadeloupe 'GP', Martinique 'MQ', Réunion 'RE' from 1997; incl. Mayotte 'YT' from 2014)",TW,Taiwan,850780,"Electric accumulators (excl. spent and lead-acid, nickel-cadmium, nickel-iron, nickel-metal hydride and lithium-ion accumulators)",1,IMPORT,VALUE_EUR,VALUE_EUR,2012,,836770,
dataflow,ESTAT:DS-059341(1.0),International trade of EU and non-EU countries since 2002 by HS2-4-6,A,Annual,FR,"France (incl. Saint Barthélemy 'BL' -> 2012; incl. French Guiana 'GF', Guadeloupe 'GP', Martinique 'MQ', Réunion 'RE' from 1997; incl. Mayotte 'YT' from 2014)",TW,Taiwan,850780,"Electric accumulators (excl. spent and lead-acid, nickel-cadmium, nickel-iron, nickel-metal hydride and lithium-ion accumulators)",1,IMPORT,VALUE_EUR,VALUE_EUR,2013,,404135,
dataflow,ESTAT:DS-059341(1.0),International trade of EU and non-EU countries since 2002 by HS2-4-6,A,Annual,FR,"France (incl. Saint Barthélemy 'BL' -> 2012; incl. French Guiana 'GF', Guadeloupe 'GP', Martinique 'MQ', Réunion 'RE' from 1997; incl. Mayotte 'YT' from 2014)",TW,Taiwan,850780,"Electric accumulators (excl. spent and lead-acid, nickel-cadmium, nickel-iron, nickel-metal hydride and lithium-ion accumulators)",1,IMPORT,VALUE_EUR,VALUE_EUR,2014,,388613,
dataflow,ESTAT:DS-059341(1.0),International trade of EU and non-EU countries since 2002 by HS2-4-6,A,Annual,FR,"France (incl. Saint Barthélemy 'BL' -> 2012; incl. French Guiana 'GF', Guadeloupe 'GP', Martinique 'MQ', Réunion 'RE' from 1997; incl. Mayotte 'YT' from 2014)",TW,Taiwan,850780,"Electric accumulators (excl. spent and lead-acid, nickel-cadmium, nickel-iron, nickel-metal hydride and lithium-ion accumulators)",1,IMPORT,VALUE_EUR,VALUE_EUR,2015,,234201,
dataflow,ESTAT:DS-059341(1.0),International trade of EU and non-EU countries since 2002 by HS2-4-6,A,Annual,FR,"France (incl. Saint Barthélemy 'BL' -> 2012; incl. French Guiana 'GF', Guadeloupe 'GP', Martinique 'MQ', Réunion 'RE' from 1997; incl. Mayotte 'YT' from 2014)",TW,Taiwan,850780,"Electric accumulators (excl. spent and lead-acid, nickel-cadmium, nickel-iron, nickel-metal hydride and lithium-ion accumulators)",1,IMPORT,VALUE_EUR,VALUE_EUR,2016,,87854,
dataflow,ESTAT:DS-059341(1.0),International trade of EU and non-EU countries since 2002 by HS2-4-6,A,Annual,FR,"France (incl. Saint Barthélemy 'BL' -> 2012; incl. French Guiana 'GF', Guadeloupe 'GP', Martinique 'MQ', Réunion 'RE' from 1997; incl. Mayotte 'YT' from 2014)",TW,Taiwan,850780,"Electric accumulators (excl. spent and lead-acid, nickel-cadmium, nickel-iron, nickel-metal hydride and lithium-ion accumulators)",1,IMPORT,VALUE_EUR,VALUE_EUR,2017,,93745,
dataflow,ESTAT:DS-059341(1.0),International trade of EU and non-EU countries since 2002 by HS2-4-6,A,Annual,FR,"France (incl. Saint Barthélemy 'BL' -> 2012; incl. French Guiana 'GF', Guadeloupe 'GP', Martinique 'MQ', Réunion 'RE' from 1997; incl. Mayotte 'YT' from 2014)",TW,Taiwan,850780,"Electric accumulators (excl. spent and lead-acid, nickel-cadmium, nickel-iron, nickel-metal hydride and lithium-ion accumulators)",1,IMPORT,VALUE_EUR,VALUE_EUR,2018,,189907,
dataflow,ESTAT:DS-059341(1.0),International trade of EU and non-EU countries since 2002 by HS2-4-6,A,Annual,FR,"France (incl. Saint Barthélemy 'BL' -> 2012; incl. French Guiana 'GF', Guadeloupe 'GP', Martinique 'MQ', Réunion 'RE' from 1997; incl. Mayotte 'YT' from 2014)",TW,Taiwan,850780,"Electric accumulators (excl. spent and lead-acid, nickel-cadmium, nickel-iron, nickel-metal hydride and lithium-ion accumulators)",1,IMPORT,VALUE_EUR,VALUE_EUR,2019,,249835,
dataflow,ESTAT:DS-059341(1.0),International trade of EU and non-EU countries since 2002 by HS2-4-6,A,Annual,FR,"France (incl. Saint Barthélemy 'BL' -> 2012; incl. French Guiana 'GF', Guadeloupe 'GP', Martinique 'MQ', Réunion 'RE' from 1997; incl. Mayotte 'YT' from 2014)",TW,Taiwan,850780,"Electric accumulators (excl. spent and lead-acid, nickel-cadmium, nickel-iron, nickel-metal hydride and lithium-ion accumulators)",1,IMPORT,VALUE_EUR,VALUE_EUR,2020,,420229,
dataflow,ESTAT:DS-059341(1.0),International trade of EU and non-EU countries since 2002 by HS2-4-6,A,Annual,FR,"France (incl. Saint Barthélemy 'BL' -> 2012; incl. French Guiana 'GF', Guadeloupe 'GP', Martinique 'MQ', Réunion 'RE' from 1997; incl. Mayotte 'YT' from 2014)",TW,Taiwan,850780,"Electric accumulators (excl. spent and lead-acid, nickel-cadmium, nickel-iron, nickel-metal hydride and lithium-ion accumulators)",1,IMPORT,VALUE_EUR,VALUE_EUR,2021,,479617,
dataflow,ESTAT:DS-059341(1.0),International trade of EU and non-EU countries since 2002 by HS2-4-6,A,Annual,FR,"France (incl. Saint Barthélemy 'BL' -> 2012; incl. French Guiana 'GF', Guadeloupe 'GP', Martinique 'MQ', Réunion 'RE' from 1997; incl. Mayotte 'YT' from 2014)",TW,Taiwan,850780,"Electric accumulators (excl. spent and lead-acid, nickel-cadmium, nickel-iron, nickel-metal hydride and lithium-ion accumulators)",1,IMPORT,VALUE_EUR,VALUE_EUR,2022,,516420,
dataflow,ESTAT:DS-059341(1.0),International trade of EU and non-EU countries since 2002 by HS2-4-6,A,Annual,FR,"France (incl. Saint Barthélemy 'BL' -> 2012; incl. French Guiana 'GF', Guadeloupe 'GP', Martinique 'MQ', Réunion 'RE' from 1997; incl. Mayotte 'YT' from 2014)",TW,Taiwan,850780,"Electric accumulators (excl. spent and lead-acid, nickel-cadmium, nickel-iron, nickel-metal hydride and lithium-ion accumulators)",1,IMPORT,VALUE_EUR,VALUE_EUR,2023,,272529,
dataflow,ESTAT:DS-059341(1.0),International trade of EU and non-EU countries since 2002 by HS2-4-6,A,Annual,FR,"France (incl. Saint Barthélemy 'BL' -> 2012; incl. French Guiana 'GF', Guadeloupe 'GP', Martinique 'MQ', Réunion 'RE' from 1997; incl. Mayotte 'YT' from 2014)",TW,Taiwan,850780,"Electric accumulators (excl. spent and lead-acid, nickel-cadmium, nickel-iron, nickel-metal hydride and lithium-ion accumulators)",1,IMPORT,VALUE_EUR,VALUE_EUR,2024,,280386,
dataflow,ESTAT:DS-059341(1.0),International trade of EU and non-EU countries since 2002 by HS2-4-6,A,Annual,FR,"France (incl. Saint Barthélemy 'BL' -> 2012; incl. French Guiana 'GF', Guadeloupe 'GP', Martinique 'MQ', Réunion 'RE' from 1997; incl. Mayotte 'YT' from 2014)",TW,Taiwan,850780,"Electric accumulators (excl. spent and lead-acid, nickel-cadmium, nickel-iron, nickel-metal hydride and lithium-ion accumulators)",2,EXPORT,VALUE_EUR,VALUE_EUR,2002,,49365,
dataflow,ESTAT:DS-059341(1.0),International trade of EU and non-EU countries since 2002 by HS2-4-6,A,Annual,FR,"France (incl. Saint Barthélemy 'BL' -> 2012; incl. French Guiana 'GF', Guadeloupe 'GP', Martinique 'MQ', Réunion 'RE' from 1997; incl. Mayotte 'YT' from 2014)",TW,Taiwan,850780,"Electric accumulators (excl. spent and lead-acid, nickel-cadmium, nickel-iron, nickel-metal hydride and lithium-ion accumulators)",2,EXPORT,VALUE_EUR,VALUE_EUR,2003,,184076,
dataflow,ESTAT:DS-059341(1.0),International trade of EU and non-EU countries since 2002 by HS2-4-6,A,Annual,FR,"France (incl. Saint Barthélemy 'BL' -> 2012; incl. French Guiana 'GF', Guadeloupe 'GP', Martinique 'MQ', Réunion 'RE' from 1997; incl. Mayotte 'YT' from 2014)",TW,Taiwan,850780,"Electric accumulators (excl. spent and lead-acid, nickel-cadmium, nickel-iron, nickel-metal hydride and lithium-ion accumulators)",2,EXPORT,VALUE_EUR,VALUE_EUR,2004,,198994,
dataflow,ESTAT:DS-059341(1.0),International trade of EU and non-EU countries since 2002 by HS2-4-6,A,Annual,FR,"France (incl. Saint Barthélemy 'BL' -> 2012; incl. French Guiana 'GF', Guadeloupe 'GP', Martinique 'MQ', Réunion 'RE' from 1997; incl. Mayotte 'YT' from 2014)",TW,Taiwan,850780,"Electric accumulators (excl. spent and lead-acid, nickel-cadmium, nickel-iron, nickel-metal hydride and lithium-ion accumulators)",2,EXPORT,VALUE_EUR,VALUE_EUR,2005,,26781,
dataflow,ESTAT:DS-059341(1.0),International trade of EU and non-EU countries since 2002 by HS2-4-6,A,Annual,FR,"France (incl. Saint Barthélemy 'BL' -> 2012; incl. French Guiana 'GF', Guadeloupe 'GP', Martinique 'MQ', Réunion 'RE' from 1997; incl. Mayotte 'YT' from 2014)",TW,Taiwan,850780,"Electric accumulators (excl. spent and lead-acid, nickel-cadmium, nickel-iron, nickel-metal hydride and lithium-ion accumulators)",2,EXPORT,VALUE_EUR,VALUE_EUR,2006,,31037,
dataflow,ESTAT:DS-059341(1.0),International trade of EU and non-EU countries since 2002 by HS2-4-6,A,Annual,FR,"France (incl. Saint Barthélemy 'BL' -> 2012; incl. French Guiana 'GF', Guadeloupe 'GP', Martinique 'MQ', Réunion 'RE' from 1997; incl. Mayotte 'YT' from 2014)",TW,Taiwan,850780,"Electric accumulators (excl. spent and lead-acid, nickel-cadmium, nickel-iron, nickel-metal hydride and lithium-ion accumulators)",2,EXPORT,VALUE_EUR,VALUE_EUR,2007,,11121,
dataflow,ESTAT:DS-059341(1.0),International trade of EU and non-EU countries since 2002 by HS2-4-6,A,Annual,FR,"France (incl. Saint Barthélemy 'BL' -> 2012; incl. French Guiana 'GF', Guadeloupe 'GP', Martinique 'MQ', Réunion 'RE' from 1997; incl. Mayotte 'YT' from 2014)",TW,Taiwan,850780,"Electric accumulators (excl. spent and lead-acid, nickel-cadmium, nickel-iron, nickel-metal hydride and lithium-ion accumulators)",2,EXPORT,VALUE_EUR,VALUE_EUR,2008,,97932,
dataflow,ESTAT:DS-059341(1.0),International trade of EU and non-EU countries since 2002 by HS2-4-6,A,Annual,FR,"France (incl. Saint Barthélemy 'BL' -> 2012; incl. French Guiana 'GF', Guadeloupe 'GP', Martinique 'MQ', Réunion 'RE' from 1997; incl. Mayotte 'YT' from 2014)",TW,Taiwan,850780,"Electric accumulators (excl. spent and lead-acid, nickel-cadmium, nickel-iron, nickel-metal hydride and lithium-ion accumulators)",2,EXPORT,VALUE_EUR,VALUE_EUR,2009,,1225394,
dataflow,ESTAT:DS-059341(1.0),International trade of EU and non-EU countries since 2002 by HS2-4-6,A,Annual,FR,"France (incl. Saint Barthélemy 'BL' -> 2012; incl. French Guiana 'GF', Guadeloupe 'GP', Martinique 'MQ', Réunion 'RE' from 1997; incl. Mayotte 'YT' from 2014)",TW,Taiwan,850780,"Electric accumulators (excl. spent and lead-acid, nickel-cadmium, nickel-iron, nickel-metal hydride and lithium-ion accumulators)",2,EXPORT,VALUE_EUR,VALUE_EUR,2010,,569038,
dataflow,ESTAT:DS-059341(1.0),International trade of EU and non-EU countries since 2002 by HS2-4-6,A,Annual,FR,"France (incl. Saint Barthélemy 'BL' -> 2012; incl. French Guiana 'GF', Guadeloupe 'GP', Martinique 'MQ', Réunion 'RE' from 1997; incl. Mayotte 'YT' from 2014)",TW,Taiwan,850780,"Electric accumulators (excl. spent and lead-acid, nickel-cadmium, nickel-iron, nickel-metal hydride and lithium-ion accumulators)",2,EXPORT,VALUE_EUR,VALUE_EUR,2011,,105614,
dataflow,ESTAT:DS-059341(1.0),International trade of EU and non-EU countries since 2002 by HS2-4-6,A,Annual,FR,"France (incl. Saint Barthélemy 'BL' -> 2012; incl. French Guiana 'GF', Guadeloupe 'GP', Martinique 'MQ', Réunion 'RE' from 1997; incl. Mayotte 'YT' from 2014)",TW,Taiwan,850780,"Electric accumulators (excl. spent and lead-acid, nickel-cadmium, nickel-iron, nickel-metal hydride and lithium-ion accumulators)",2,EXPORT,VALUE_EUR,VALUE_EUR,2012,,90606,
dataflow,ESTAT:DS-059341(1.0),International trade of EU and non-EU countries since 2002 by HS2-4-6,A,Annual,FR,"France (incl. Saint Barthélemy 'BL' -> 2012; incl. French Guiana 'GF', Guadeloupe 'GP', Martinique 'MQ', Réunion 'RE' from 1997; incl. Mayotte 'YT' from 2014)",TW,Taiwan,850780,"Electric accumulators (excl. spent and lead-acid, nickel-cadmium, nickel-iron, nickel-metal hydride and lithium-ion accumulators)",2,EXPORT,VALUE_EUR,VALUE_EUR,2013,,10790,
dataflow,ESTAT:DS-059341(1.0),International trade of EU and non-EU countries since 2002 by HS2-4-6,A,Annual,FR,"France (incl. Saint Barthélemy 'BL' -> 2012; incl. French Guiana 'GF', Guadeloupe 'GP', Martinique 'MQ', Réunion 'RE' from 1997; incl. Mayotte 'YT' from 2014)",TW,Taiwan,850780,"Electric accumulators (excl. spent and lead-acid, nickel-cadmium, nickel-iron, nickel-metal hydride and lithium-ion accumulators)",2,EXPORT,VALUE_EUR,VALUE_EUR,2014,,12042,
dataflow,ESTAT:DS-059341(1.0),International trade of EU and non-EU countries since 2002 by HS2-4-6,A,Annual,FR,"France (incl. Saint Barthélemy 'BL' -> 2012; incl. French Guiana 'GF', Guadeloupe 'GP', Martinique 'MQ', Réunion 'RE' from 1997; incl. Mayotte 'YT' from 2014)",TW,Taiwan,850780,"Electric accumulators (excl. spent and lead-acid, nickel-cadmium, nickel-iron, nickel-metal hydride and lithium-ion accumulators)",2,EXPORT,VALUE_EUR,VALUE_EUR,2015,,238871,
dataflow,ESTAT:DS-059341(1.0),International trade of EU and non-EU countries since 2002 by HS2-4-6,A,Annual,FR,"France (incl. Saint Barthélemy 'BL' -> 2012; incl. French Guiana 'GF', Guadeloupe 'GP', Martinique 'MQ', Réunion 'RE' from 1997; incl. Mayotte 'YT' from 2014)",TW,Taiwan,850780,"Electric accumulators (excl. spent and lead-acid, nickel-cadmium, nickel-iron, nickel-metal hydride and lithium-ion accumulators)",2,EXPORT,VALUE_EUR,VALUE_EUR,2016,,17253,
dataflow,ESTAT:DS-059341(1.0),International trade of EU and non-EU countries since 2002 by HS2-4-6,A,Annual,FR,"France (incl. Saint Barthélemy 'BL' -> 2012; incl. French Guiana 'GF', Guadeloupe 'GP', Martinique 'MQ', Réunion 'RE' from 1997; incl. Mayotte 'YT' from 2014)",TW,Taiwan,850780,"Electric accumulators (excl. spent and lead-acid, nickel-cadmium, nickel-iron, nickel-metal hydride and lithium-ion accumulators)",2,EXPORT,VALUE_EUR,VALUE_EUR,2017,,31404,
dataflow,ESTAT:DS-059341(1.0),International trade of EU and non-EU countries since 2002 by HS2-4-6,A,Annual,FR,"France (incl. Saint Barthélemy 'BL' -> 2012; incl. French Guiana 'GF', Guadeloupe 'GP', Martinique 'MQ', Réunion 'RE' from 1997; incl. Mayotte 'YT' from 2014)",TW,Taiwan,850780,"Electric accumulators (excl. spent and lead-acid, nickel-cadmium, nickel-iron, nickel-metal hydride and lithium-ion accumulators)",2,EXPORT,VALUE_EUR,VALUE_EUR,2018,,123684,
dataflow,ESTAT:DS-059341(1.0),International trade of EU and non-EU countries since 2002 by HS2-4-6,A,Annual,FR,"France (incl. Saint Barthélemy 'BL' -> 2012; incl. French Guiana 'GF', Guadeloupe 'GP', Martinique 'MQ', Réunion 'RE' from 1997; incl. Mayotte 'YT' from 2014)",TW,Taiwan,850780,"Electric accumulators (excl. spent and lead-acid, nickel-cadmium, nickel-iron, nickel-metal hydride and lithium-ion accumulators)",2,EXPORT,VALUE_EUR,VALUE_EUR,2019,,559393,
dataflow,ESTAT:DS-059341(1.0),International trade of EU and non-EU countries since 2002 by HS2-4-6,A,Annual,FR,"France (incl. Saint Barthélemy 'BL' -> 2012; incl. French Guiana 'GF', Guadeloupe 'GP', Martinique 'MQ', Réunion 'RE' from 1997; incl. Mayotte 'YT' from 2014)",TW,Taiwan,850780,"Electric accumulators (excl. spent and lead-acid, nickel-cadmium, nickel-iron, nickel-metal hydride and lithium-ion accumulators)",2,EXPORT,VALUE_EUR,VALUE_EUR,2020,,200259,
dataflow,ESTAT:DS-059341(1.0),International trade of EU and non-EU countries since 2002 by HS2-4-6,A,Annual,FR,"France (incl. Saint Barthélemy 'BL' -> 2012; incl. French Guiana 'GF', Guadeloupe 'GP', Martinique 'MQ', Réunion 'RE' from 1997; incl. Mayotte 'YT' from 2014)",TW,Taiwan,850780,"Electric accumulators (excl. spent and lead-acid, nickel-cadmium, nickel-iron, nickel-metal hydride and lithium-ion accumulators)",2,EXPORT,VALUE_EUR,VALUE_EUR,2021,,266154,
dataflow,ESTAT:DS-059341(1.0),International trade of EU and non-EU countries since 2002 by HS2-4-6,A,Annual,FR,"France (incl. Saint Barthélemy 'BL' -> 2012; incl. French Guiana 'GF', Guadeloupe 'GP', Martinique 'MQ', Réunion 'RE' from 1997; incl. Mayotte 'YT' from 2014)",TW,Taiwan,850780,"Electric accumulators (excl. spent and lead-acid, nickel-cadmium, nickel-iron, nickel-metal hydride and lithium-ion accumulators)",2,EXPORT,VALUE_EUR,VALUE_EUR,2022,,316659,
dataflow,ESTAT:DS-059341(1.0),International trade of EU and non-EU countries since 2002 by HS2-4-6,A,Annual,FR,"France (incl. Saint Barthélemy 'BL' -> 2012; incl. French Guiana 'GF', Guadeloupe 'GP', Martinique 'MQ', Réunion 'RE' from 1997; incl. Mayotte 'YT' from 2014)",TW,Taiwan,850780,"Electric accumulators (excl. spent and lead-acid, nickel-cadmium, nickel-iron, nickel-metal hydride and lithium-ion accumulators)",2,EXPORT,VALUE_EUR,VALUE_EUR,2023,,430934,
dataflow,ESTAT:DS-059341(1.0),International trade of EU and non-EU countries since 2002 by HS2-4-6,A,Annual,FR,"France (incl. Saint Barthélemy 'BL' -> 2012; incl. French Guiana 'GF', Guadeloupe 'GP', Martinique 'MQ', Réunion 'RE' from 1997; incl. Mayotte 'YT' from 2014)",TW,Taiwan,850780,"Electric accumulators (excl. spent and lead-acid, nickel-cadmium, nickel-iron, nickel-metal hydride and lithium-ion accumulators)",2,EXPORT,VALUE_EUR,VALUE_EUR,2024,,601150,
dataflow,ESTAT:DS-059341(1.0),International trade of EU and non-EU countries since 2002 by HS2-4-6,A,Annual,FR,"France (incl. Saint Barthélemy 'BL' -> 2012; incl. French Guiana 'GF', Guadeloupe 'GP', Martinique 'MQ', Réunion 'RE' from 1997; incl. Mayotte 'YT' from 2014)",TW,Taiwan,TOTAL,Total,1,IMPORT,VALUE_EUR,VALUE_EUR,2002,,1447997906,
dataflow,ESTAT:DS-059341(1.0),International trade of EU and non-EU countries since 2002 by HS2-4-6,A,Annual,FR,"France (incl. Saint Barthélemy 'BL' -> 2012; incl. French Guiana 'GF', Guadeloupe 'GP', Martinique 'MQ', Réunion 'RE' from 1997; incl. Mayotte 'YT' from 2014)",TW,Taiwan,TOTAL,Total,1,IMPORT,VALUE_EUR,VALUE_EUR,2003,,1339791522,
dataflow,ESTAT:DS-059341(1.0),International trade of EU and non-EU countries since 2002 by HS2-4-6,A,Annual,FR,"France (incl. Saint Barthélemy 'BL' -> 2012; incl. French Guiana 'GF', Guadeloupe 'GP', Martinique 'MQ', Réunion 'RE' from 1997; incl. Mayotte 'YT' from 2014)",TW,Taiwan,TOTAL,Total,1,IMPORT,VALUE_EUR,VALUE_EUR,2004,,1537208363,
dataflow,ESTAT:DS-059341(1.0),International trade of EU and non-EU countries since 2002 by HS2-4-6,A,Annual,FR,"France (incl. Saint Barthélemy 'BL' -> 2012; incl. French Guiana 'GF', Guadeloupe 'GP', Martinique 'MQ', Réunion 'RE' from 1997; incl. Mayotte 'YT' from 2014)",TW,Taiwan,TOTAL,Total,1,IMPORT,VALUE_EUR,VALUE_EUR,2005,,1416980912,
dataflow,ESTAT:DS-059341(1.0),International trade of EU and non-EU countries since 2002 by HS2-4-6,A,Annual,FR,"France (incl. Saint Barthélemy 'BL' -> 2012; incl. French Guiana 'GF', Guadeloupe 'GP', Martinique 'MQ', Réunion 'RE' from 1997; incl. Mayotte 'YT' from 2014)",TW,Taiwan,TOTAL,Total,1,IMPORT,VALUE_EUR,VALUE_EUR,2006,,1520931654,
dataflow,ESTAT:DS-059341(1.0),International trade of EU and non-EU countries since 2002 by HS2-4-6,A,Annual,FR,"France (incl. Saint Barthélemy 'BL' -> 2012; incl. French Guiana 'GF', Guadeloupe 'GP', Martinique 'MQ', Réunion 'RE' from 1997; incl. Mayotte 'YT' from 2014)",TW,Taiwan,TOTAL,Total,1,IMPORT,VALUE_EUR,VALUE_EUR,2007,,1514054181,
dataflow,ESTAT:DS-059341(1.0),International trade of EU and non-EU countries since 2002 by HS2-4-6,A,Annual,FR,"France (incl. Saint Barthélemy 'BL' -> 2012; incl. French Guiana 'GF', Guadeloupe 'GP', Martinique 'MQ', Réunion 'RE' from 1997; incl. Mayotte 'YT' from 2014)",TW,Taiwan,TOTAL,Total,1,IMPORT,VALUE_EUR,VALUE_EUR,2008,,1344267502,
dataflow,ESTAT:DS-059341(1.0),International trade of EU and non-EU countries since 2002 by HS2-4-6,A,Annual,FR,"France (incl. Saint Barthélemy 'BL' -> 2012; incl. French Guiana 'GF', Guadeloupe 'GP', Martinique 'MQ', Réunion 'RE' from 1997; incl. Mayotte 'YT' from 2014)",TW,Taiwan,TOTAL,Total,1,IMPORT,VALUE_EUR,VALUE_EUR,2009,,1065439707,
dataflow,ESTAT:DS-059341(1.0),International trade of EU and non-EU countries since 2002 by HS2-4-6,A,Annual,FR,"France (incl. Saint Barthélemy 'BL' -> 2012; incl. French Guiana 'GF', Guadeloupe 'GP', Martinique 'MQ', Réunion 'RE' from 1997; incl. Mayotte 'YT' from 2014)",TW,Taiwan,TOTAL,Total,1,IMPORT,VALUE_EUR,VALUE_EUR,2010,,1683738824,
dataflow,ESTAT:DS-059341(1.0),International trade of EU and non-EU countries since 2002 by HS2-4-6,A,Annual,FR,"France (incl. Saint Barthélemy 'BL' -> 2012; incl. French Guiana 'GF', Guadeloupe 'GP', Martinique 'MQ', Réunion 'RE' from 1997; incl. Mayotte 'YT' from 2014)",TW,Taiwan,TOTAL,Total,1,IMPORT,VALUE_EUR,VALUE_EUR,2011,,1684498477,
dataflow,ESTAT:DS-059341(1.0),International trade of EU and non-EU countries since 2002 by HS2-4-6,A,Annual,FR,"France (incl. Saint Barthélemy 'BL' -> 2012; incl. French Guiana 'GF', Guadeloupe 'GP', Martinique 'MQ', Réunion 'RE' from 1997; incl. Mayotte 'YT' from 2014)",TW,Taiwan,TOTAL,Total,1,IMPORT,VALUE_EUR,VALUE_EUR,2012,,1773569485,
dataflow,ESTAT:DS-059341(1.0),International trade of EU and non-EU countries since 2002 by HS2-4-6,A,Annual,FR,"France (incl. Saint Barthélemy 'BL' -> 2012; incl. French Guiana 'GF', Guadeloupe 'GP', Martinique 'MQ', Réunion 'RE' from 1997; incl. Mayotte 'YT' from 2014)",TW,Taiwan,TOTAL,Total,1,IMPORT,VALUE_EUR,VALUE_EUR,2013,,1745160318,
dataflow,ESTAT:DS-059341(1.0),International trade of EU and non-EU countries since 2002 by HS2-4-6,A,Annual,FR,"France (incl. Saint Barthélemy 'BL' -> 2012; incl. French Guiana 'GF', Guadeloupe 'GP', Martinique 'MQ', Réunion 'RE' from 1997; incl. Mayotte 'YT' from 2014)",TW,Taiwan,TOTAL,Total,1,IMPORT,VALUE_EUR,VALUE_EUR,2014,,1693455542,
dataflow,ESTAT:DS-059341(1.0),International trade of EU and non-EU countries since 2002 by HS2-4-6,A,Annual,FR,"France (incl. Saint Barthélemy 'BL' -> 2012; incl. French Guiana 'GF', Guadeloupe 'GP', Martinique 'MQ', Réunion 'RE' from 1997; incl. Mayotte 'YT' from 2014)",TW,Taiwan,TOTAL,Total,1,IMPORT,VALUE_EUR,VALUE_EUR,2015,,1884362446,
dataflow,ESTAT:DS-059341(1.0),International trade of EU and non-EU countries since 2002 by HS2-4-6,A,Annual,FR,"France (incl. Saint Barthélemy 'BL' -> 2012; incl. French Guiana 'GF', Guadeloupe 'GP', Martinique 'MQ', Réunion 'RE' from 1997; incl. Mayotte 'YT' from 2014)",TW,Taiwan,TOTAL,Total,1,IMPORT,VALUE_EUR,VALUE_EUR,2016,,2033401758,
dataflow,ESTAT:DS-059341(1.0),International trade of EU and non-EU countries since 2002 by HS2-4-6,A,Annual,FR,"France (incl. Saint Barthélemy 'BL' -> 2012; incl. French Guiana 'GF', Guadeloupe 'GP', Martinique 'MQ', Réunion 'RE' from 1997; incl. Mayotte 'YT' from 2014)",TW,Taiwan,TOTAL,Total,1,IMPORT,VALUE_EUR,VALUE_EUR,2017,,2223405999,
dataflow,ESTAT:DS-059341(1.0),International trade of EU and non-EU countries since 2002 by HS2-4-6,A,Annual,FR,"France (incl. Saint Barthélemy 'BL' -> 2012; incl. French Guiana 'GF', Guadeloupe 'GP', Martinique 'MQ', Réunion 'RE' from 1997; incl. Mayotte 'YT' from 2014)",TW,Taiwan,TOTAL,Total,1,IMPORT,VALUE_EUR,VALUE_EUR,2018,,2334623450,
dataflow,ESTAT:DS-059341(1.0),International trade of EU and non-EU countries since 2002 by HS2-4-6,A,Annual,FR,"France (incl. Saint Barthélemy 'BL' -> 2012; incl. French Guiana 'GF', Guadeloupe 'GP', Martinique 'MQ', Réunion 'RE' from 1997; incl. Mayotte 'YT' from 2014)",TW,Taiwan,TOTAL,Total,1,IMPORT,VALUE_EUR,VALUE_EUR,2019,,2366242548,
dataflow,ESTAT:DS-059341(1.0),International trade of EU and non-EU countries since 2002 by HS2-4-6,A,Annual,FR,"France (incl. Saint Barthélemy 'BL' -> 2012; incl. French Guiana 'GF', Guadeloupe 'GP', Martinique 'MQ', Réunion 'RE' from 1997; incl. Mayotte 'YT' from 2014)",TW,Taiwan,TOTAL,Total,1,IMPORT,VALUE_EUR,VALUE_EUR,2020,,2094276417,
dataflow,ESTAT:DS-059341(1.0),International trade of EU and non-EU countries since 2002 by HS2-4-6,A,Annual,FR,"France (incl. Saint Barthélemy 'BL' -> 2012; incl. French Guiana 'GF', Guadeloupe 'GP', Martinique 'MQ', Réunion 'RE' from 1997; incl. Mayotte 'YT' from 2014)",TW,Taiwan,TOTAL,Total,1,IMPORT,VALUE_EUR,VALUE_EUR,2021,,2816001805,
dataflow,ESTAT:DS-059341(1.0),International trade of EU and non-EU countries since 2002 by HS2-4-6,A,Annual,FR,"France (incl. Saint Barthélemy 'BL' -> 2012; incl. French Guiana 'GF', Guadeloupe 'GP', Martinique 'MQ', Réunion 'RE' from 1997; incl. Mayotte 'YT' from 2014)",TW,Taiwan,TOTAL,Total,1,IMPORT,VALUE_EUR,VALUE_EUR,2022,,3994711800,
dataflow,ESTAT:DS-059341(1.0),International trade of EU and non-EU countries since 2002 by HS2-4-6,A,Annual,FR,"France (incl. Saint Barthélemy 'BL' -> 2012; incl. French Guiana 'GF', Guadeloupe 'GP', Martinique 'MQ', Réunion 'RE' from 1997; incl. Mayotte 'YT' from 2014)",TW,Taiwan,TOTAL,Total,1,IMPORT,VALUE_EUR,VALUE_EUR,2023,,3563384070,
dataflow,ESTAT:DS-059341(1.0),International trade of EU and non-EU countries since 2002 by HS2-4-6,A,Annual,FR,"France (incl. Saint Barthélemy 'BL' -> 2012; incl. French Guiana 'GF', Guadeloupe 'GP', Martinique 'MQ', Réunion 'RE' from 1997; incl. Mayotte 'YT' from 2014)",TW,Taiwan,TOTAL,Total,1,IMPORT,VALUE_EUR,VALUE_EUR,2024,,3078827790,
dataflow,ESTAT:DS-059341(1.0),International trade of EU and non-EU countries since 2002 by HS2-4-6,A,Annual,FR,"France (incl. Saint Barthélemy 'BL' -> 2012; incl. French Guiana 'GF', Guadeloupe 'GP', Martinique 'MQ', Réunion 'RE' from 1997; incl. Mayotte 'YT' from 2014)",TW,Taiwan,TOTAL,Total,2,EXPORT,VALUE_EUR,VALUE_EUR,2002,,1373661011,
dataflow,ESTAT:DS-059341(1.0),International trade of EU and non-EU countries since 2002 by HS2-4-6,A,Annual,FR,"France (incl. Saint Barthélemy 'BL' -> 2012; incl. French Guiana 'GF', Guadeloupe 'GP', Martinique 'MQ', Réunion 'RE' from 1997; incl. Mayotte 'YT' from 2014)",TW,Taiwan,TOTAL,Total,2,EXPORT,VALUE_EUR,VALUE_EUR,2003,,1355781020,
dataflow,ESTAT:DS-059341(1.0),International trade of EU and non-EU countries since 2002 by HS2-4-6,A,Annual,FR,"France (incl. Saint Barthélemy 'BL' -> 2012; incl. French Guiana 'GF', Guadeloupe 'GP', Martinique 'MQ', Réunion 'RE' from 1997; incl. Mayotte 'YT' from 2014)",TW,Taiwan,TOTAL,Total,2,EXPORT,VALUE_EUR,VALUE_EUR,2004,,1715077041,
dataflow,ESTAT:DS-059341(1.0),International trade of EU and non-EU countries since 2002 by HS2-4-6,A,Annual,FR,"France (incl. Saint Barthélemy 'BL' -> 2012; incl. French Guiana 'GF', Guadeloupe 'GP', Martinique 'MQ', Réunion 'RE' from 1997; incl. Mayotte 'YT' from 2014)",TW,Taiwan,TOTAL,Total,2,EXPORT,VALUE_EUR,VALUE_EUR,2005,,2167054578,
dataflow,ESTAT:DS-059341(1.0),International trade of EU and non-EU countries since 2002 by HS2-4-6,A,Annual,FR,"France (incl. Saint Barthélemy 'BL' -> 2012; incl. French Guiana 'GF', Guadeloupe 'GP', Martinique 'MQ', Réunion 'RE' from 1997; incl. Mayotte 'YT' from 2014)",TW,Taiwan,TOTAL,Total,2,EXPORT,VALUE_EUR,VALUE_EUR,2006,,1776483349,
dataflow,ESTAT:DS-059341(1.0),International trade of EU and non-EU countries since 2002 by HS2-4-6,A,Annual,FR,"France (incl. Saint Barthélemy 'BL' -> 2012; incl. French Guiana 'GF', Guadeloupe 'GP', Martinique 'MQ', Réunion 'RE' from 1997; incl. Mayotte 'YT' from 2014)",TW,Taiwan,TOTAL,Total,2,EXPORT,VALUE_EUR,VALUE_EUR,2007,,1661777498,
dataflow,ESTAT:DS-059341(1.0),International trade of EU and non-EU countries since 2002 by HS2-4-6,A,Annual,FR,"France (incl. Saint Barthélemy 'BL' -> 2012; incl. French Guiana 'GF', Guadeloupe 'GP', Martinique 'MQ', Réunion 'RE' from 1997; incl. Mayotte 'YT' from 2014)",TW,Taiwan,TOTAL,Total,2,EXPORT,VALUE_EUR,VALUE_EUR,2008,,1262910536,
dataflow,ESTAT:DS-059341(1.0),International trade of EU and non-EU countries since 2002 by HS2-4-6,A,Annual,FR,"France (incl. Saint Barthélemy 'BL' -> 2012; incl. French Guiana 'GF', Guadeloupe 'GP', Martinique 'MQ', Réunion 'RE' from 1997; incl. Mayotte 'YT' from 2014)",TW,Taiwan,TOTAL,Total,2,EXPORT,VALUE_EUR,VALUE_EUR,2009,,1017895585,
dataflow,ESTAT:DS-059341(1.0),International trade of EU and non-EU countries since 2002 by HS2-4-6,A,Annual,FR,"France (incl. Saint Barthélemy 'BL' -> 2012; incl. French Guiana 'GF', Guadeloupe 'GP', Martinique 'MQ', Réunion 'RE' from 1997; incl. Mayotte 'YT' from 2014)",TW,Taiwan,TOTAL,Total,2,EXPORT,VALUE_EUR,VALUE_EUR,2010,,1428633717,
dataflow,ESTAT:DS-059341(1.0),International trade of EU and non-EU countries since 2002 by HS2-4-6,A,Annual,FR,"France (incl. Saint Barthélemy 'BL' -> 2012; incl. French Guiana 'GF', Guadeloupe 'GP', Martinique 'MQ', Réunion 'RE' from 1997; incl. Mayotte 'YT' from 2014)",TW,Taiwan,TOTAL,Total,2,EXPORT,VALUE_EUR,VALUE_EUR,2011,,2012003664,
dataflow,ESTAT:DS-059341(1.0),International trade of EU and non-EU countries since 2002 by HS2-4-6,A,Annual,FR,"France (incl. Saint Barthélemy 'BL' -> 2012; incl. French Guiana 'GF', Guadeloupe 'GP', Martinique 'MQ', Réunion 'RE' from 1997; incl. Mayotte 'YT' from 2014)",TW,Taiwan,TOTAL,Total,2,EXPORT,VALUE_EUR,VALUE_EUR,2012,,1937776039,
dataflow,ESTAT:DS-059341(1.0),International trade of EU and non-EU countries since 2002 by HS2-4-6,A,Annual,FR,"France (incl. Saint Barthélemy 'BL' -> 2012; incl. French Guiana 'GF', Guadeloupe 'GP', Martinique 'MQ', Réunion 'RE' from 1997; incl. Mayotte 'YT' from 2014)",TW,Taiwan,TOTAL,Total,2,EXPORT,VALUE_EUR,VALUE_EUR,2013,,1721902814,
dataflow,ESTAT:DS-059341(1.0),International trade of EU and non-EU countries since 2002 by HS2-4-6,A,Annual,FR,"France (incl. Saint Barthélemy 'BL' -> 2012; incl. French Guiana 'GF', Guadeloupe 'GP', Martinique 'MQ', Réunion 'RE' from 1997; incl. Mayotte 'YT' from 2014)",TW,Taiwan,TOTAL,Total,2,EXPORT,VALUE_EUR,VALUE_EUR,2014,,1626484454,
dataflow,ESTAT:DS-059341(1.0),International trade of EU and non-EU countries since 2002 by HS2-4-6,A,Annual,FR,"France (incl. Saint Barthélemy 'BL' -> 2012; incl. French Guiana 'GF', Guadeloupe 'GP', Martinique 'MQ', Réunion 'RE' from 1997; incl. Mayotte 'YT' from 2014)",TW,Taiwan,TOTAL,Total,2,EXPORT,VALUE_EUR,VALUE_EUR,2015,,1909556881,
dataflow,ESTAT:DS-059341(1.0),International trade of EU and non-EU countries since 2002 by HS2-4-6,A,Annual,FR,"France (incl. Saint Barthélemy 'BL' -> 2012; incl. French Guiana 'GF', Guadeloupe 'GP', Martinique 'MQ', Réunion 'RE' from 1997; incl. Mayotte 'YT' from 2014)",TW,Taiwan,TOTAL,Total,2,EXPORT,VALUE_EUR,VALUE_EUR,2016,,2096923471,
dataflow,ESTAT:DS-059341(1.0),International trade of EU and non-EU countries since 2002 by HS2-4-6,A,Annual,FR,"France (incl. Saint Barthélemy 'BL' -> 2012; incl. French Guiana 'GF', Guadeloupe 'GP', Martinique 'MQ', Réunion 'RE' from 1997; incl. Mayotte 'YT' from 2014)",TW,Taiwan,TOTAL,Total,2,EXPORT,VALUE_EUR,VALUE_EUR,2017,,2798792588,
dataflow,ESTAT:DS-059341(1.0),International trade of EU and non-EU countries since 2002 by HS2-4-6,A,Annual,FR,"France (incl. Saint Barthélemy 'BL' -> 2012; incl. French Guiana 'GF', Guadeloupe 'GP', Martinique 'MQ', Réunion 'RE' from 1997; incl. Mayotte 'YT' from 2014)",TW,Taiwan,TOTAL,Total,2,EXPORT,VALUE_EUR,VALUE_EUR,2018,,2233308113,
dataflow,ESTAT:DS-059341(1.0),International trade of EU and non-EU countries since 2002 by HS2-4-6,A,Annual,FR,"France (incl. Saint Barthélemy 'BL' -> 2012; incl. French Guiana 'GF', Guadeloupe 'GP', Martinique 'MQ', Réunion 'RE' from 1997; incl. Mayotte 'YT' from 2014)",TW,Taiwan,TOTAL,Total,2,EXPORT,VALUE_EUR,VALUE_EUR,2019,,1784477591,
dataflow,ESTAT:DS-059341(1.0),International trade of EU and non-EU countries since 2002 by HS2-4-6,A,Annual,FR,"France (incl. Saint Barthélemy 'BL' -> 2012; incl. French Guiana 'GF', Guadeloupe 'GP', Martinique 'MQ', Réunion 'RE' from 1997; incl. Mayotte 'YT' from 2014)",TW,Taiwan,TOTAL,Total,2,EXPORT,VALUE_EUR,VALUE_EUR,2020,,1740428417,
dataflow,ESTAT:DS-059341(1.0),International trade of EU and non-EU countries since 2002 by HS2-4-6,A,Annual,FR,"France (incl. Saint Barthélemy 'BL' -> 2012; incl. French Guiana 'GF', Guadeloupe 'GP', Martinique 'MQ', Réunion 'RE' from 1997; incl. Mayotte 'YT' from 2014)",TW,Taiwan,TOTAL,Total,2,EXPORT,VALUE_EUR,VALUE_EUR,2021,,1887623167,
dataflow,ESTAT:DS-059341(1.0),International trade of EU and non-EU countries since 2002 by HS2-4-6,A,Annual,FR,"France (incl. Saint Barthélemy 'BL' -> 2012; incl. French Guiana 'GF', Guadeloupe 'GP', Martinique 'MQ', Réunion 'RE' from 1997; incl. Mayotte 'YT' from 2014)",TW,Taiwan,TOTAL,Total,2,EXPORT,VALUE_EUR,VALUE_EUR,2022,,2892949579,
dataflow,ESTAT:DS-059341(1.0),International trade of EU and non-EU countries since 2002 by HS2-4-6,A,Annual,FR,"France (incl. Saint Barthélemy 'BL' -> 2012; incl. French Guiana 'GF', Guadeloupe 'GP', Martinique 'MQ', Réunion 'RE' from 1997; incl. Mayotte 'YT' from 2014)",TW,Taiwan,TOTAL,Total,2,EXPORT,VALUE_EUR,VALUE_EUR,2023,,2815151635,
dataflow,ESTAT:DS-059341(1.0),International trade of EU and non-EU countries since 2002 by HS2-4-6,A,Annual,FR,"France (incl. Saint Barthélemy 'BL' -> 2012; incl. French Guiana 'GF', Guadeloupe 'GP', Martinique 'MQ', Réunion 'RE' from 1997; incl. Mayotte 'YT' from 2014)",TW,Taiwan,TOTAL,Total,2,EXPORT,VALUE_EUR,VALUE_EUR,2024,,3191503555,
dataflow,ESTAT:DS-059341(1.0),International trade of EU and non-EU countries since 2002 by HS2-4-6,A,Annual,FR,"France (incl. Saint Barthélemy 'BL' -> 2012; incl. French Guiana 'GF', Guadeloupe 'GP', Martinique 'MQ', Réunion 'RE' from 1997; incl. Mayotte 'YT' from 2014)",VN,Viet Nam (incl. North Viet Nam 'VD' from 1977),850710,"Lead-acid accumulators of a kind used for starting piston engine ""starter batteries"" (excl. spent)",1,IMPORT,VALUE_EUR,VALUE_EUR,2011,,255,
dataflow,ESTAT:DS-059341(1.0),International trade of EU and non-EU countries since 2002 by HS2-4-6,A,Annual,FR,"France (incl. Saint Barthélemy 'BL' -> 2012; incl. French Guiana 'GF', Guadeloupe 'GP', Martinique 'MQ', Réunion 'RE' from 1997; incl. Mayotte 'YT' from 2014)",VN,Viet Nam (incl. North Viet Nam 'VD' from 1977),850710,"Lead-acid accumulators of a kind used for starting piston engine ""starter batteries"" (excl. spent)",1,IMPORT,VALUE_EUR,VALUE_EUR,2012,,75319,
dataflow,ESTAT:DS-059341(1.0),International trade of EU and non-EU countries since 2002 by HS2-4-6,A,Annual,FR,"France (incl. Saint Barthélemy 'BL' -> 2012; incl. French Guiana 'GF', Guadeloupe 'GP', Martinique 'MQ', Réunion 'RE' from 1997; incl. Mayotte 'YT' from 2014)",VN,Viet Nam (incl. North Viet Nam 'VD' from 1977),850710,"Lead-acid accumulators of a kind used for starting piston engine ""starter batteries"" (excl. spent)",1,IMPORT,VALUE_EUR,VALUE_EUR,2013,,1078,
dataflow,ESTAT:DS-059341(1.0),International trade of EU and non-EU countries since 2002 by HS2-4-6,A,Annual,FR,"France (incl. Saint Barthélemy 'BL' -> 2012; incl. French Guiana 'GF', Guadeloupe 'GP', Martinique 'MQ', Réunion 'RE' from 1997; incl. Mayotte 'YT' from 2014)",VN,Viet Nam (incl. North Viet Nam 'VD' from 1977),850710,"Lead-acid accumulators of a kind used for starting piston engine ""starter batteries"" (excl. spent)",1,IMPORT,VALUE_EUR,VALUE_EUR,2014,,377879,
dataflow,ESTAT:DS-059341(1.0),International trade of EU and non-EU countries since 2002 by HS2-4-6,A,Annual,FR,"France (incl. Saint Barthélemy 'BL' -> 2012; incl. French Guiana 'GF', Guadeloupe 'GP', Martinique 'MQ', Réunion 'RE' from 1997; incl. Mayotte 'YT' from 2014)",VN,Viet Nam (incl. North Viet Nam 'VD' from 1977),850710,"Lead-acid accumulators of a kind used for starting piston engine ""starter batteries"" (excl. spent)",1,IMPORT,VALUE_EUR,VALUE_EUR,2015,,52254,
dataflow,ESTAT:DS-059341(1.0),International trade of EU and non-EU countries since 2002 by HS2-4-6,A,Annual,FR,"France (incl. Saint Barthélemy 'BL' -> 2012; incl. French Guiana 'GF', Guadeloupe 'GP', Martinique 'MQ', Réunion 'RE' from 1997; incl. Mayotte 'YT' from 2014)",VN,Viet Nam (incl. North Viet Nam 'VD' from 1977),850710,"Lead-acid accumulators of a kind used for starting piston engine ""starter batteries"" (excl. spent)",1,IMPORT,VALUE_EUR,VALUE_EUR,2016,,471505,
dataflow,ESTAT:DS-059341(1.0),International trade of EU and non-EU countries since 2002 by HS2-4-6,A,Annual,FR,"France (incl. Saint Barthélemy 'BL' -> 2012; incl. French Guiana 'GF', Guadeloupe 'GP', Martinique 'MQ', Réunion 'RE' from 1997; incl. Mayotte 'YT' from 2014)",VN,Viet Nam (incl. North Viet Nam 'VD' from 1977),850710,"Lead-acid accumulators of a kind used for starting piston engine ""starter batteries"" (excl. spent)",1,IMPORT,VALUE_EUR,VALUE_EUR,2017,,1059212,
dataflow,ESTAT:DS-059341(1.0),International trade of EU and non-EU countries since 2002 by HS2-4-6,A,Annual,FR,"France (incl. Saint Barthélemy 'BL' -> 2012; incl. French Guiana 'GF', Guadeloupe 'GP', Martinique 'MQ', Réunion 'RE' from 1997; incl. Mayotte 'YT' from 2014)",VN,Viet Nam (incl. North Viet Nam 'VD' from 1977),850710,"Lead-acid accumulators of a kind used for starting piston engine ""starter batteries"" (excl. spent)",1,IMPORT,VALUE_EUR,VALUE_EUR,2018,,1889515,
dataflow,ESTAT:DS-059341(1.0),International trade of EU and non-EU countries since 2002 by HS2-4-6,A,Annual,FR,"France (incl. Saint Barthélemy 'BL' -> 2012; incl. French Guiana 'GF', Guadeloupe 'GP', Martinique 'MQ', Réunion 'RE' from 1997; incl. Mayotte 'YT' from 2014)",VN,Viet Nam (incl. North Viet Nam 'VD' from 1977),850710,"Lead-acid accumulators of a kind used for starting piston engine ""starter batteries"" (excl. spent)",1,IMPORT,VALUE_EUR,VALUE_EUR,2019,,2087440,
dataflow,ESTAT:DS-059341(1.0),International trade of EU and non-EU countries since 2002 by HS2-4-6,A,Annual,FR,"France (incl. Saint Barthélemy 'BL' -> 2012; incl. French Guiana 'GF', Guadeloupe 'GP', Martinique 'MQ', Réunion 'RE' from 1997; incl. Mayotte 'YT' from 2014)",VN,Viet Nam (incl. North Viet Nam 'VD' from 1977),850710,"Lead-acid accumulators of a kind used for starting piston engine ""starter batteries"" (excl. spent)",1,IMPORT,VALUE_EUR,VALUE_EUR,2020,,3219845,
dataflow,ESTAT:DS-059341(1.0),International trade of EU and non-EU countries since 2002 by HS2-4-6,A,Annual,FR,"France (incl. Saint Barthélemy 'BL' -> 2012; incl. French Guiana 'GF', Guadeloupe 'GP', Martinique 'MQ', Réunion 'RE' from 1997; incl. Mayotte 'YT' from 2014)",VN,Viet Nam (incl. North Viet Nam 'VD' from 1977),850710,"Lead-acid accumulators of a kind used for starting piston engine ""starter batteries"" (excl. spent)",1,IMPORT,VALUE_EUR,VALUE_EUR,2021,,3993100,
dataflow,ESTAT:DS-059341(1.0),International trade of EU and non-EU countries since 2002 by HS2-4-6,A,Annual,FR,"France (incl. Saint Barthélemy 'BL' -> 2012; incl. French Guiana 'GF', Guadeloupe 'GP', Martinique 'MQ', Réunion 'RE' from 1997; incl. Mayotte 'YT' from 2014)",VN,Viet Nam (incl. North Viet Nam 'VD' from 1977),850710,"Lead-acid accumulators of a kind used for starting piston engine ""starter batteries"" (excl. spent)",1,IMPORT,VALUE_EUR,VALUE_EUR,2022,,4823512,
dataflow,ESTAT:DS-059341(1.0),International trade of EU and non-EU countries since 2002 by HS2-4-6,A,Annual,FR,"France (incl. Saint Barthélemy 'BL' -> 2012; incl. French Guiana 'GF', Guadeloupe 'GP', Martinique 'MQ', Réunion 'RE' from 1997; incl. Mayotte 'YT' from 2014)",VN,Viet Nam (incl. North Viet Nam 'VD' from 1977),850710,"Lead-acid accumulators of a kind used for starting piston engine ""starter batteries"" (excl. spent)",1,IMPORT,VALUE_EUR,VALUE_EUR,2023,,3516197,
dataflow,ESTAT:DS-059341(1.0),International trade of EU and non-EU countries since 2002 by HS2-4-6,A,Annual,FR,"France (incl. Saint Barthélemy 'BL' -> 2012; incl. French Guiana 'GF', Guadeloupe 'GP', Martinique 'MQ', Réunion 'RE' from 1997; incl. Mayotte 'YT' from 2014)",VN,Viet Nam (incl. North Viet Nam 'VD' from 1977),850710,"Lead-acid accumulators of a kind used for starting piston engine ""starter batteries"" (excl. spent)",1,IMPORT,VALUE_EUR,VALUE_EUR,2024,,3867493,
dataflow,ESTAT:DS-059341(1.0),International trade of EU and non-EU countries since 2002 by HS2-4-6,A,Annual,FR,"France (incl. Saint Barthélemy 'BL' -> 2012; incl. French Guiana 'GF', Guadeloupe 'GP', Martinique 'MQ', Réunion 'RE' from 1997; incl. Mayotte 'YT' from 2014)",VN,Viet Nam (incl. North Viet Nam 'VD' from 1977),850710,"Lead-acid accumulators of a kind used for starting piston engine ""starter batteries"" (excl. spent)",2,EXPORT,VALUE_EUR,VALUE_EUR,2002,,2966,
dataflow,ESTAT:DS-059341(1.0),International trade of EU and non-EU countries since 2002 by HS2-4-6,A,Annual,FR,"France (incl. Saint Barthélemy 'BL' -> 2012; incl. French Guiana 'GF', Guadeloupe 'GP', Martinique 'MQ', Réunion 'RE' from 1997; incl. Mayotte 'YT' from 2014)",VN,Viet Nam (incl. North Viet Nam 'VD' from 1977),850710,"Lead-acid accumulators of a kind used for starting piston engine ""starter batteries"" (excl. spent)",2,EXPORT,VALUE_EUR,VALUE_EUR,2004,,27226,
dataflow,ESTAT:DS-059341(1.0),International trade of EU and non-EU countries since 2002 by HS2-4-6,A,Annual,FR,"France (incl. Saint Barthélemy 'BL' -> 2012; incl. French Guiana 'GF', Guadeloupe 'GP', Martinique 'MQ', Réunion 'RE' from 1997; incl. Mayotte 'YT' from 2014)",VN,Viet Nam (incl. North Viet Nam 'VD' from 1977),850710,"Lead-acid accumulators of a kind used for starting piston engine ""starter batteries"" (excl. spent)",2,EXPORT,VALUE_EUR,VALUE_EUR,2005,,12397,
dataflow,ESTAT:DS-059341(1.0),International trade of EU and non-EU countries since 2002 by HS2-4-6,A,Annual,FR,"France (incl. Saint Barthélemy 'BL' -> 2012; incl. French Guiana 'GF', Guadeloupe 'GP', Martinique 'MQ', Réunion 'RE' from 1997; incl. Mayotte 'YT' from 2014)",VN,Viet Nam (incl. North Viet Nam 'VD' from 1977),850710,"Lead-acid accumulators of a kind used for starting piston engine ""starter batteries"" (excl. spent)",2,EXPORT,VALUE_EUR,VALUE_EUR,2006,,6002,
dataflow,ESTAT:DS-059341(1.0),International trade of EU and non-EU countries since 2002 by HS2-4-6,A,Annual,FR,"France (incl. Saint Barthélemy 'BL' -> 2012; incl. French Guiana 'GF', Guadeloupe 'GP', Martinique 'MQ', Réunion 'RE' from 1997; incl. Mayotte 'YT' from 2014)",VN,Viet Nam (incl. North Viet Nam 'VD' from 1977),850710,"Lead-acid accumulators of a kind used for starting piston engine ""starter batteries"" (excl. spent)",2,EXPORT,VALUE_EUR,VALUE_EUR,2007,,61859,
dataflow,ESTAT:DS-059341(1.0),International trade of EU and non-EU countries since 2002 by HS2-4-6,A,Annual,FR,"France (incl. Saint Barthélemy 'BL' -> 2012; incl. French Guiana 'GF', Guadeloupe 'GP', Martinique 'MQ', Réunion 'RE' from 1997; incl. Mayotte 'YT' from 2014)",VN,Viet Nam (incl. North Viet Nam 'VD' from 1977),850710,"Lead-acid accumulators of a kind used for starting piston engine ""starter batteries"" (excl. spent)",2,EXPORT,VALUE_EUR,VALUE_EUR,2009,,6128,
dataflow,ESTAT:DS-059341(1.0),International trade of EU and non-EU countries since 2002 by HS2-4-6,A,Annual,FR,"France (incl. Saint Barthélemy 'BL' -> 2012; incl. French Guiana 'GF', Guadeloupe 'GP', Martinique 'MQ', Réunion 'RE' from 1997; incl. Mayotte 'YT' from 2014)",VN,Viet Nam (incl. North Viet Nam 'VD' from 1977),850710,"Lead-acid accumulators of a kind used for starting piston engine ""starter batteries"" (excl. spent)",2,EXPORT,VALUE_EUR,VALUE_EUR,2012,,140,
dataflow,ESTAT:DS-059341(1.0),International trade of EU and non-EU countries since 2002 by HS2-4-6,A,Annual,FR,"France (incl. Saint Barthélemy 'BL' -> 2012; incl. French Guiana 'GF', Guadeloupe 'GP', Martinique 'MQ', Réunion 'RE' from 1997; incl. Mayotte 'YT' from 2014)",VN,Viet Nam (incl. North Viet Nam 'VD' from 1977),850710,"Lead-acid accumulators of a kind used for starting piston engine ""starter batteries"" (excl. spent)",2,EXPORT,VALUE_EUR,VALUE_EUR,2014,,15157,
dataflow,ESTAT:DS-059341(1.0),International trade of EU and non-EU countries since 2002 by HS2-4-6,A,Annual,FR,"France (incl. Saint Barthélemy 'BL' -> 2012; incl. French Guiana 'GF', Guadeloupe 'GP', Martinique 'MQ', Réunion 'RE' from 1997; incl. Mayotte 'YT' from 2014)",VN,Viet Nam (incl. North Viet Nam 'VD' from 1977),850710,"Lead-acid accumulators of a kind used for starting piston engine ""starter batteries"" (excl. spent)",2,EXPORT,VALUE_EUR,VALUE_EUR,2015,,84255,
dataflow,ESTAT:DS-059341(1.0),International trade of EU and non-EU countries since 2002 by HS2-4-6,A,Annual,FR,"France (incl. Saint Barthélemy 'BL' -> 2012; incl. French Guiana 'GF', Guadeloupe 'GP', Martinique 'MQ', Réunion 'RE' from 1997; incl. Mayotte 'YT' from 2014)",VN,Viet Nam (incl. North Viet Nam 'VD' from 1977),850710,"Lead-acid accumulators of a kind used for starting piston engine ""starter batteries"" (excl. spent)",2,EXPORT,VALUE_EUR,VALUE_EUR,2016,,5622,
dataflow,ESTAT:DS-059341(1.0),International trade of EU and non-EU countries since 2002 by HS2-4-6,A,Annual,FR,"France (incl. Saint Barthélemy 'BL' -> 2012; incl. French Guiana 'GF', Guadeloupe 'GP', Martinique 'MQ', Réunion 'RE' from 1997; incl. Mayotte 'YT' from 2014)",VN,Viet Nam (incl. North Viet Nam 'VD' from 1977),850710,"Lead-acid accumulators of a kind used for starting piston engine ""starter batteries"" (excl. spent)",2,EXPORT,VALUE_EUR,VALUE_EUR,2017,,46795,
dataflow,ESTAT:DS-059341(1.0),International trade of EU and non-EU countries since 2002 by HS2-4-6,A,Annual,FR,"France (incl. Saint Barthélemy 'BL' -> 2012; incl. French Guiana 'GF', Guadeloupe 'GP', Martinique 'MQ', Réunion 'RE' from 1997; incl. Mayotte 'YT' from 2014)",VN,Viet Nam (incl. North Viet Nam 'VD' from 1977),850710,"Lead-acid accumulators of a kind used for starting piston engine ""starter batteries"" (excl. spent)",2,EXPORT,VALUE_EUR,VALUE_EUR,2018,,41179,
dataflow,ESTAT:DS-059341(1.0),International trade of EU and non-EU countries since 2002 by HS2-4-6,A,Annual,FR,"France (incl. Saint Barthélemy 'BL' -> 2012; incl. French Guiana 'GF', Guadeloupe 'GP', Martinique 'MQ', Réunion 'RE' from 1997; incl. Mayotte 'YT' from 2014)",VN,Viet Nam (incl. North Viet Nam 'VD' from 1977),850710,"Lead-acid accumulators of a kind used for starting piston engine ""starter batteries"" (excl. spent)",2,EXPORT,VALUE_EUR,VALUE_EUR,2019,,226974,
dataflow,ESTAT:DS-059341(1.0),International trade of EU and non-EU countries since 2002 by HS2-4-6,A,Annual,FR,"France (incl. Saint Barthélemy 'BL' -> 2012; incl. French Guiana 'GF', Guadeloupe 'GP', Martinique 'MQ', Réunion 'RE' from 1997; incl. Mayotte 'YT' from 2014)",VN,Viet Nam (incl. North Viet Nam 'VD' from 1977),850710,"Lead-acid accumulators of a kind used for starting piston engine ""starter batteries"" (excl. spent)",2,EXPORT,VALUE_EUR,VALUE_EUR,2020,,451749,
dataflow,ESTAT:DS-059341(1.0),International trade of EU and non-EU countries since 2002 by HS2-4-6,A,Annual,FR,"France (incl. Saint Barthélemy 'BL' -> 2012; incl. French Guiana 'GF', Guadeloupe 'GP', Martinique 'MQ', Réunion 'RE' from 1997; incl. Mayotte 'YT' from 2014)",VN,Viet Nam (incl. North Viet Nam 'VD' from 1977),850710,"Lead-acid accumulators of a kind used for starting piston engine ""starter batteries"" (excl. spent)",2,EXPORT,VALUE_EUR,VALUE_EUR,2021,,103635,
dataflow,ESTAT:DS-059341(1.0),International trade of EU and non-EU countries since 2002 by HS2-4-6,A,Annual,FR,"France (incl. Saint Barthélemy 'BL' -> 2012; incl. French Guiana 'GF', Guadeloupe 'GP', Martinique 'MQ', Réunion 'RE' from 1997; incl. Mayotte 'YT' from 2014)",VN,Viet Nam (incl. North Viet Nam 'VD' from 1977),850710,"Lead-acid accumulators of a kind used for starting piston engine ""starter batteries"" (excl. spent)",2,EXPORT,VALUE_EUR,VALUE_EUR,2022,,209994,
dataflow,ESTAT:DS-059341(1.0),International trade of EU and non-EU countries since 2002 by HS2-4-6,A,Annual,FR,"France (incl. Saint Barthélemy 'BL' -> 2012; incl. French Guiana 'GF', Guadeloupe 'GP', Martinique 'MQ', Réunion 'RE' from 1997; incl. Mayotte 'YT' from 2014)",VN,Viet Nam (incl. North Viet Nam 'VD' from 1977),850710,"Lead-acid accumulators of a kind used for starting piston engine ""starter batteries"" (excl. spent)",2,EXPORT,VALUE_EUR,VALUE_EUR,2023,,68499,
dataflow,ESTAT:DS-059341(1.0),International trade of EU and non-EU countries since 2002 by HS2-4-6,A,Annual,FR,"France (incl. Saint Barthélemy 'BL' -> 2012; incl. French Guiana 'GF', Guadeloupe 'GP', Martinique 'MQ', Réunion 'RE' from 1997; incl. Mayotte 'YT' from 2014)",VN,Viet Nam (incl. North Viet Nam 'VD' from 1977),850710,"Lead-acid accumulators of a kind used for starting piston engine ""starter batteries"" (excl. spent)",2,EXPORT,VALUE_EUR,VALUE_EUR,2024,,105395,
dataflow,ESTAT:DS-059341(1.0),International trade of EU and non-EU countries since 2002 by HS2-4-6,A,Annual,FR,"France (incl. Saint Barthélemy 'BL' -> 2012; incl. French Guiana 'GF', Guadeloupe 'GP', Martinique 'MQ', Réunion 'RE' from 1997; incl. Mayotte 'YT' from 2014)",VN,Viet Nam (incl. North Viet Nam 'VD' from 1977),850720,Lead acid accumulators (excl. spent and starter batteries),1,IMPORT,VALUE_EUR,VALUE_EUR,2010,,9779,
dataflow,ESTAT:DS-059341(1.0),International trade of EU and non-EU countries since 2002 by HS2-4-6,A,Annual,FR,"France (incl. Saint Barthélemy 'BL' -> 2012; incl. French Guiana 'GF', Guadeloupe 'GP', Martinique 'MQ', Réunion 'RE' from 1997; incl. Mayotte 'YT' from 2014)",VN,Viet Nam (incl. North Viet Nam 'VD' from 1977),850720,Lead acid accumulators (excl. spent and starter batteries),1,IMPORT,VALUE_EUR,VALUE_EUR,2011,,11206,
dataflow,ESTAT:DS-059341(1.0),International trade of EU and non-EU countries since 2002 by HS2-4-6,A,Annual,FR,"France (incl. Saint Barthélemy 'BL' -> 2012; incl. French Guiana 'GF', Guadeloupe 'GP', Martinique 'MQ', Réunion 'RE' from 1997; incl. Mayotte 'YT' from 2014)",VN,Viet Nam (incl. North Viet Nam 'VD' from 1977),850720,Lead acid accumulators (excl. spent and starter batteries),1,IMPORT,VALUE_EUR,VALUE_EUR,2012,,3816717,
dataflow,ESTAT:DS-059341(1.0),International trade of EU and non-EU countries since 2002 by HS2-4-6,A,Annual,FR,"France (incl. Saint Barthélemy 'BL' -> 2012; incl. French Guiana 'GF', Guadeloupe 'GP', Martinique 'MQ', Réunion 'RE' from 1997; incl. Mayotte 'YT' from 2014)",VN,Viet Nam (incl. North Viet Nam 'VD' from 1977),850720,Lead acid accumulators (excl. spent and starter batteries),1,IMPORT,VALUE_EUR,VALUE_EUR,2013,,1616237,
dataflow,ESTAT:DS-059341(1.0),International trade of EU and non-EU countries since 2002 by HS2-4-6,A,Annual,FR,"France (incl. Saint Barthélemy 'BL' -> 2012; incl. French Guiana 'GF', Guadeloupe 'GP', Martinique 'MQ', Réunion 'RE' from 1997; incl. Mayotte 'YT' from 2014)",VN,Viet Nam (incl. North Viet Nam 'VD' from 1977),850720,Lead acid accumulators (excl. spent and starter batteries),1,IMPORT,VALUE_EUR,VALUE_EUR,2014,,895992,
dataflow,ESTAT:DS-059341(1.0),International trade of EU and non-EU countries since 2002 by HS2-4-6,A,Annual,FR,"France (incl. Saint Barthélemy 'BL' -> 2012; incl. French Guiana 'GF', Guadeloupe 'GP', Martinique 'MQ', Réunion 'RE' from 1997; incl. Mayotte 'YT' from 2014)",VN,Viet Nam (incl. North Viet Nam 'VD' from 1977),850720,Lead acid accumulators (excl. spent and starter batteries),1,IMPORT,VALUE_EUR,VALUE_EUR,2015,,3392778,
dataflow,ESTAT:DS-059341(1.0),International trade of EU and non-EU countries since 2002 by HS2-4-6,A,Annual,FR,"France (incl. Saint Barthélemy 'BL' -> 2012; incl. French Guiana 'GF', Guadeloupe 'GP', Martinique 'MQ', Réunion 'RE' from 1997; incl. Mayotte 'YT' from 2014)",VN,Viet Nam (incl. North Viet Nam 'VD' from 1977),850720,Lead acid accumulators (excl. spent and starter batteries),1,IMPORT,VALUE_EUR,VALUE_EUR,2016,,3857132,
dataflow,ESTAT:DS-059341(1.0),International trade of EU and non-EU countries since 2002 by HS2-4-6,A,Annual,FR,"France (incl. Saint Barthélemy 'BL' -> 2012; incl. French Guiana 'GF', Guadeloupe 'GP', Martinique 'MQ', Réunion 'RE' from 1997; incl. Mayotte 'YT' from 2014)",VN,Viet Nam (incl. North Viet Nam 'VD' from 1977),850720,Lead acid accumulators (excl. spent and starter batteries),1,IMPORT,VALUE_EUR,VALUE_EUR,2017,,5284810,
dataflow,ESTAT:DS-059341(1.0),International trade of EU and non-EU countries since 2002 by HS2-4-6,A,Annual,FR,"France (incl. Saint Barthélemy 'BL' -> 2012; incl. French Guiana 'GF', Guadeloupe 'GP', Martinique 'MQ', Réunion 'RE' from 1997; incl. Mayotte 'YT' from 2014)",VN,Viet Nam (incl. North Viet Nam 'VD' from 1977),850720,Lead acid accumulators (excl. spent and starter batteries),1,IMPORT,VALUE_EUR,VALUE_EUR,2018,,5267228,
dataflow,ESTAT:DS-059341(1.0),International trade of EU and non-EU countries since 2002 by HS2-4-6,A,Annual,FR,"France (incl. Saint Barthélemy 'BL' -> 2012; incl. French Guiana 'GF', Guadeloupe 'GP', Martinique 'MQ', Réunion 'RE' from 1997; incl. Mayotte 'YT' from 2014)",VN,Viet Nam (incl. North Viet Nam 'VD' from 1977),850720,Lead acid accumulators (excl. spent and starter batteries),1,IMPORT,VALUE_EUR,VALUE_EUR,2019,,5310566,
dataflow,ESTAT:DS-059341(1.0),International trade of EU and non-EU countries since 2002 by HS2-4-6,A,Annual,FR,"France (incl. Saint Barthélemy 'BL' -> 2012; incl. French Guiana 'GF', Guadeloupe 'GP', Martinique 'MQ', Réunion 'RE' from 1997; incl. Mayotte 'YT' from 2014)",VN,Viet Nam (incl. North Viet Nam 'VD' from 1977),850720,Lead acid accumulators (excl. spent and starter batteries),1,IMPORT,VALUE_EUR,VALUE_EUR,2020,,6933254,
dataflow,ESTAT:DS-059341(1.0),International trade of EU and non-EU countries since 2002 by HS2-4-6,A,Annual,FR,"France (incl. Saint Barthélemy 'BL' -> 2012; incl. French Guiana 'GF', Guadeloupe 'GP', Martinique 'MQ', Réunion 'RE' from 1997; incl. Mayotte 'YT' from 2014)",VN,Viet Nam (incl. North Viet Nam 'VD' from 1977),850720,Lead acid accumulators (excl. spent and starter batteries),1,IMPORT,VALUE_EUR,VALUE_EUR,2021,,5585907,
dataflow,ESTAT:DS-059341(1.0),International trade of EU and non-EU countries since 2002 by HS2-4-6,A,Annual,FR,"France (incl. Saint Barthélemy 'BL' -> 2012; incl. French Guiana 'GF', Guadeloupe 'GP', Martinique 'MQ', Réunion 'RE' from 1997; incl. Mayotte 'YT' from 2014)",VN,Viet Nam (incl. North Viet Nam 'VD' from 1977),850720,Lead acid accumulators (excl. spent and starter batteries),1,IMPORT,VALUE_EUR,VALUE_EUR,2022,,15382089,
dataflow,ESTAT:DS-059341(1.0),International trade of EU and non-EU countries since 2002 by HS2-4-6,A,Annual,FR,"France (incl. Saint Barthélemy 'BL' -> 2012; incl. French Guiana 'GF', Guadeloupe 'GP', Martinique 'MQ', Réunion 'RE' from 1997; incl. Mayotte 'YT' from 2014)",VN,Viet Nam (incl. North Viet Nam 'VD' from 1977),850720,Lead acid accumulators (excl. spent and starter batteries),1,IMPORT,VALUE_EUR,VALUE_EUR,2023,,13804280,
dataflow,ESTAT:DS-059341(1.0),International trade of EU and non-EU countries since 2002 by HS2-4-6,A,Annual,FR,"France (incl. Saint Barthélemy 'BL' -> 2012; incl. French Guiana 'GF', Guadeloupe 'GP', Martinique 'MQ', Réunion 'RE' from 1997; incl. Mayotte 'YT' from 2014)",VN,Viet Nam (incl. North Viet Nam 'VD' from 1977),850720,Lead acid accumulators (excl. spent and starter batteries),1,IMPORT,VALUE_EUR,VALUE_EUR,2024,,18050809,
dataflow,ESTAT:DS-059341(1.0),International trade of EU and non-EU countries since 2002 by HS2-4-6,A,Annual,FR,"France (incl. Saint Barthélemy 'BL' -> 2012; incl. French Guiana 'GF', Guadeloupe 'GP', Martinique 'MQ', Réunion 'RE' from 1997; incl. Mayotte 'YT' from 2014)",VN,Viet Nam (incl. North Viet Nam 'VD' from 1977),850720,Lead acid accumulators (excl. spent and starter batteries),2,EXPORT,VALUE_EUR,VALUE_EUR,2002,,314266,
dataflow,ESTAT:DS-059341(1.0),International trade of EU and non-EU countries since 2002 by HS2-4-6,A,Annual,FR,"France (incl. Saint Barthélemy 'BL' -> 2012; incl. French Guiana 'GF', Guadeloupe 'GP', Martinique 'MQ', Réunion 'RE' from 1997; incl. Mayotte 'YT' from 2014)",VN,Viet Nam (incl. North Viet Nam 'VD' from 1977),850720,Lead acid accumulators (excl. spent and starter batteries),2,EXPORT,VALUE_EUR,VALUE_EUR,2003,,260642,
dataflow,ESTAT:DS-059341(1.0),International trade of EU and non-EU countries since 2002 by HS2-4-6,A,Annual,FR,"France (incl. Saint Barthélemy 'BL' -> 2012; incl. French Guiana 'GF', Guadeloupe 'GP', Martinique 'MQ', Réunion 'RE' from 1997; incl. Mayotte 'YT' from 2014)",VN,Viet Nam (incl. North Viet Nam 'VD' from 1977),850720,Lead acid accumulators (excl. spent and starter batteries),2,EXPORT,VALUE_EUR,VALUE_EUR,2004,,63519,
dataflow,ESTAT:DS-059341(1.0),International trade of EU and non-EU countries since 2002 by HS2-4-6,A,Annual,FR,"France (incl. Saint Barthélemy 'BL' -> 2012; incl. French Guiana 'GF', Guadeloupe 'GP', Martinique 'MQ', Réunion 'RE' from 1997; incl. Mayotte 'YT' from 2014)",VN,Viet Nam (incl. North Viet Nam 'VD' from 1977),850720,Lead acid accumulators (excl. spent and starter batteries),2,EXPORT,VALUE_EUR,VALUE_EUR,2005,,151429,
dataflow,ESTAT:DS-059341(1.0),International trade of EU and non-EU countries since 2002 by HS2-4-6,A,Annual,FR,"France (incl. Saint Barthélemy 'BL' -> 2012; incl. French Guiana 'GF', Guadeloupe 'GP', Martinique 'MQ', Réunion 'RE' from 1997; incl. Mayotte 'YT' from 2014)",VN,Viet Nam (incl. North Viet Nam 'VD' from 1977),850720,Lead acid accumulators (excl. spent and starter batteries),2,EXPORT,VALUE_EUR,VALUE_EUR,2006,,213949,
dataflow,ESTAT:DS-059341(1.0),International trade of EU and non-EU countries since 2002 by HS2-4-6,A,Annual,FR,"France (incl. Saint Barthélemy 'BL' -> 2012; incl. French Guiana 'GF', Guadeloupe 'GP', Martinique 'MQ', Réunion 'RE' from 1997; incl. Mayotte 'YT' from 2014)",VN,Viet Nam (incl. North Viet Nam 'VD' from 1977),850720,Lead acid accumulators (excl. spent and starter batteries),2,EXPORT,VALUE_EUR,VALUE_EUR,2007,,7073,
dataflow,ESTAT:DS-059341(1.0),International trade of EU and non-EU countries since 2002 by HS2-4-6,A,Annual,FR,"France (incl. Saint Barthélemy 'BL' -> 2012; incl. French Guiana 'GF', Guadeloupe 'GP', Martinique 'MQ', Réunion 'RE' from 1997; incl. Mayotte 'YT' from 2014)",VN,Viet Nam (incl. North Viet Nam 'VD' from 1977),850720,Lead acid accumulators (excl. spent and starter batteries),2,EXPORT,VALUE_EUR,VALUE_EUR,2008,,17087,
dataflow,ESTAT:DS-059341(1.0),International trade of EU and non-EU countries since 2002 by HS2-4-6,A,Annual,FR,"France (incl. Saint Barthélemy 'BL' -> 2012; incl. French Guiana 'GF', Guadeloupe 'GP', Martinique 'MQ', Réunion 'RE' from 1997; incl. Mayotte 'YT' from 2014)",VN,Viet Nam (incl. North Viet Nam 'VD' from 1977),850720,Lead acid accumulators (excl. spent and starter batteries),2,EXPORT,VALUE_EUR,VALUE_EUR,2009,,9938,
dataflow,ESTAT:DS-059341(1.0),International trade of EU and non-EU countries since 2002 by HS2-4-6,A,Annual,FR,"France (incl. Saint Barthélemy 'BL' -> 2012; incl. French Guiana 'GF', Guadeloupe 'GP', Martinique 'MQ', Réunion 'RE' from 1997; incl. Mayotte 'YT' from 2014)",VN,Viet Nam (incl. North Viet Nam 'VD' from 1977),850720,Lead acid accumulators (excl. spent and starter batteries),2,EXPORT,VALUE_EUR,VALUE_EUR,2010,,14136,
dataflow,ESTAT:DS-059341(1.0),International trade of EU and non-EU countries since 2002 by HS2-4-6,A,Annual,FR,"France (incl. Saint Barthélemy 'BL' -> 2012; incl. French Guiana 'GF', Guadeloupe 'GP', Martinique 'MQ', Réunion 'RE' from 1997; incl. Mayotte 'YT' from 2014)",VN,Viet Nam (incl. North Viet Nam 'VD' from 1977),850720,Lead acid accumulators (excl. spent and starter batteries),2,EXPORT,VALUE_EUR,VALUE_EUR,2011,,6136,
dataflow,ESTAT:DS-059341(1.0),International trade of EU and non-EU countries since 2002 by HS2-4-6,A,Annual,FR,"France (incl. Saint Barthélemy 'BL' -> 2012; incl. French Guiana 'GF', Guadeloupe 'GP', Martinique 'MQ', Réunion 'RE' from 1997; incl. Mayotte 'YT' from 2014)",VN,Viet Nam (incl. North Viet Nam 'VD' from 1977),850720,Lead acid accumulators (excl. spent and starter batteries),2,EXPORT,VALUE_EUR,VALUE_EUR,2012,,15817,
dataflow,ESTAT:DS-059341(1.0),International trade of EU and non-EU countries since 2002 by HS2-4-6,A,Annual,FR,"France (incl. Saint Barthélemy 'BL' -> 2012; incl. French Guiana 'GF', Guadeloupe 'GP', Martinique 'MQ', Réunion 'RE' from 1997; incl. Mayotte 'YT' from 2014)",VN,Viet Nam (incl. North Viet Nam 'VD' from 1977),850720,Lead acid accumulators (excl. spent and starter batteries),2,EXPORT,VALUE_EUR,VALUE_EUR,2013,,82362,
dataflow,ESTAT:DS-059341(1.0),International trade of EU and non-EU countries since 2002 by HS2-4-6,A,Annual,FR,"France (incl. Saint Barthélemy 'BL' -> 2012; incl. French Guiana 'GF', Guadeloupe 'GP', Martinique 'MQ', Réunion 'RE' from 1997; incl. Mayotte 'YT' from 2014)",VN,Viet Nam (incl. North Viet Nam 'VD' from 1977),850720,Lead acid accumulators (excl. spent and starter batteries),2,EXPORT,VALUE_EUR,VALUE_EUR,2014,,103043,
dataflow,ESTAT:DS-059341(1.0),International trade of EU and non-EU countries since 2002 by HS2-4-6,A,Annual,FR,"France (incl. Saint Barthélemy 'BL' -> 2012; incl. French Guiana 'GF', Guadeloupe 'GP', Martinique 'MQ', Réunion 'RE' from 1997; incl. Mayotte 'YT' from 2014)",VN,Viet Nam (incl. North Viet Nam 'VD' from 1977),850720,Lead acid accumulators (excl. spent and starter batteries),2,EXPORT,VALUE_EUR,VALUE_EUR,2015,,96675,
dataflow,ESTAT:DS-059341(1.0),International trade of EU and non-EU countries since 2002 by HS2-4-6,A,Annual,FR,"France (incl. Saint Barthélemy 'BL' -> 2012; incl. French Guiana 'GF', Guadeloupe 'GP', Martinique 'MQ', Réunion 'RE' from 1997; incl. Mayotte 'YT' from 2014)",VN,Viet Nam (incl. North Viet Nam 'VD' from 1977),850720,Lead acid accumulators (excl. spent and starter batteries),2,EXPORT,VALUE_EUR,VALUE_EUR,2016,,75286,
dataflow,ESTAT:DS-059341(1.0),International trade of EU and non-EU countries since 2002 by HS2-4-6,A,Annual,FR,"France (incl. Saint Barthélemy 'BL' -> 2012; incl. French Guiana 'GF', Guadeloupe 'GP', Martinique 'MQ', Réunion 'RE' from 1997; incl. Mayotte 'YT' from 2014)",VN,Viet Nam (incl. North Viet Nam 'VD' from 1977),850720,Lead acid accumulators (excl. spent and starter batteries),2,EXPORT,VALUE_EUR,VALUE_EUR,2017,,164054,
dataflow,ESTAT:DS-059341(1.0),International trade of EU and non-EU countries since 2002 by HS2-4-6,A,Annual,FR,"France (incl. Saint Barthélemy 'BL' -> 2012; incl. French Guiana 'GF', Guadeloupe 'GP', Martinique 'MQ', Réunion 'RE' from 1997; incl. Mayotte 'YT' from 2014)",VN,Viet Nam (incl. North Viet Nam 'VD' from 1977),850720,Lead acid accumulators (excl. spent and starter batteries),2,EXPORT,VALUE_EUR,VALUE_EUR,2018,,36286,
dataflow,ESTAT:DS-059341(1.0),International trade of EU and non-EU countries since 2002 by HS2-4-6,A,Annual,FR,"France (incl. Saint Barthélemy 'BL' -> 2012; incl. French Guiana 'GF', Guadeloupe 'GP', Martinique 'MQ', Réunion 'RE' from 1997; incl. Mayotte 'YT' from 2014)",VN,Viet Nam (incl. North Viet Nam 'VD' from 1977),850720,Lead acid accumulators (excl. spent and starter batteries),2,EXPORT,VALUE_EUR,VALUE_EUR,2019,,122844,
dataflow,ESTAT:DS-059341(1.0),International trade of EU and non-EU countries since 2002 by HS2-4-6,A,Annual,FR,"France (incl. Saint Barthélemy 'BL' -> 2012; incl. French Guiana 'GF', Guadeloupe 'GP', Martinique 'MQ', Réunion 'RE' from 1997; incl. Mayotte 'YT' from 2014)",VN,Viet Nam (incl. North Viet Nam 'VD' from 1977),850720,Lead acid accumulators (excl. spent and starter batteries),2,EXPORT,VALUE_EUR,VALUE_EUR,2020,,215155,
dataflow,ESTAT:DS-059341(1.0),International trade of EU and non-EU countries since 2002 by HS2-4-6,A,Annual,FR,"France (incl. Saint Barthélemy 'BL' -> 2012; incl. French Guiana 'GF', Guadeloupe 'GP', Martinique 'MQ', Réunion 'RE' from 1997; incl. Mayotte 'YT' from 2014)",VN,Viet Nam (incl. North Viet Nam 'VD' from 1977),850720,Lead acid accumulators (excl. spent and starter batteries),2,EXPORT,VALUE_EUR,VALUE_EUR,2021,,191319,
dataflow,ESTAT:DS-059341(1.0),International trade of EU and non-EU countries since 2002 by HS2-4-6,A,Annual,FR,"France (incl. Saint Barthélemy 'BL' -> 2012; incl. French Guiana 'GF', Guadeloupe 'GP', Martinique 'MQ', Réunion 'RE' from 1997; incl. Mayotte 'YT' from 2014)",VN,Viet Nam (incl. North Viet Nam 'VD' from 1977),850720,Lead acid accumulators (excl. spent and starter batteries),2,EXPORT,VALUE_EUR,VALUE_EUR,2022,,625658,
dataflow,ESTAT:DS-059341(1.0),International trade of EU and non-EU countries since 2002 by HS2-4-6,A,Annual,FR,"France (incl. Saint Barthélemy 'BL' -> 2012; incl. French Guiana 'GF', Guadeloupe 'GP', Martinique 'MQ', Réunion 'RE' from 1997; incl. Mayotte 'YT' from 2014)",VN,Viet Nam (incl. North Viet Nam 'VD' from 1977),850720,Lead acid accumulators (excl. spent and starter batteries),2,EXPORT,VALUE_EUR,VALUE_EUR,2023,,219182,
dataflow,ESTAT:DS-059341(1.0),International trade of EU and non-EU countries since 2002 by HS2-4-6,A,Annual,FR,"France (incl. Saint Barthélemy 'BL' -> 2012; incl. French Guiana 'GF', Guadeloupe 'GP', Martinique 'MQ', Réunion 'RE' from 1997; incl. Mayotte 'YT' from 2014)",VN,Viet Nam (incl. North Viet Nam 'VD' from 1977),850720,Lead acid accumulators (excl. spent and starter batteries),2,EXPORT,VALUE_EUR,VALUE_EUR,2024,,543049,
dataflow,ESTAT:DS-059341(1.0),International trade of EU and non-EU countries since 2002 by HS2-4-6,A,Annual,FR,"France (incl. Saint Barthélemy 'BL' -> 2012; incl. French Guiana 'GF', Guadeloupe 'GP', Martinique 'MQ', Réunion 'RE' from 1997; incl. Mayotte 'YT' from 2014)",VN,Viet Nam (incl. North Viet Nam 'VD' from 1977),850730,Nickel-cadmium accumulators (excl. spent),1,IMPORT,VALUE_EUR,VALUE_EUR,2004,,2737,
dataflow,ESTAT:DS-059341(1.0),International trade of EU and non-EU countries since 2002 by HS2-4-6,A,Annual,FR,"France (incl. Saint Barthélemy 'BL' -> 2012; incl. French Guiana 'GF', Guadeloupe 'GP', Martinique 'MQ', Réunion 'RE' from 1997; incl. Mayotte 'YT' from 2014)",VN,Viet Nam (incl. North Viet Nam 'VD' from 1977),850730,Nickel-cadmium accumulators (excl. spent),1,IMPORT,VALUE_EUR,VALUE_EUR,2005,,22043,
dataflow,ESTAT:DS-059341(1.0),International trade of EU and non-EU countries since 2002 by HS2-4-6,A,Annual,FR,"France (incl. Saint Barthélemy 'BL' -> 2012; incl. French Guiana 'GF', Guadeloupe 'GP', Martinique 'MQ', Réunion 'RE' from 1997; incl. Mayotte 'YT' from 2014)",VN,Viet Nam (incl. North Viet Nam 'VD' from 1977),850730,Nickel-cadmium accumulators (excl. spent),1,IMPORT,VALUE_EUR,VALUE_EUR,2011,,1807,
dataflow,ESTAT:DS-059341(1.0),International trade of EU and non-EU countries since 2002 by HS2-4-6,A,Annual,FR,"France (incl. Saint Barthélemy 'BL' -> 2012; incl. French Guiana 'GF', Guadeloupe 'GP', Martinique 'MQ', Réunion 'RE' from 1997; incl. Mayotte 'YT' from 2014)",VN,Viet Nam (incl. North Viet Nam 'VD' from 1977),850730,Nickel-cadmium accumulators (excl. spent),1,IMPORT,VALUE_EUR,VALUE_EUR,2013,,459,
dataflow,ESTAT:DS-059341(1.0),International trade of EU and non-EU countries since 2002 by HS2-4-6,A,Annual,FR,"France (incl. Saint Barthélemy 'BL' -> 2012; incl. French Guiana 'GF', Guadeloupe 'GP', Martinique 'MQ', Réunion 'RE' from 1997; incl. Mayotte 'YT' from 2014)",VN,Viet Nam (incl. North Viet Nam 'VD' from 1977),850730,Nickel-cadmium accumulators (excl. spent),1,IMPORT,VALUE_EUR,VALUE_EUR,2014,,91,
dataflow,ESTAT:DS-059341(1.0),International trade of EU and non-EU countries since 2002 by HS2-4-6,A,Annual,FR,"France (incl. Saint Barthélemy 'BL' -> 2012; incl. French Guiana 'GF', Guadeloupe 'GP', Martinique 'MQ', Réunion 'RE' from 1997; incl. Mayotte 'YT' from 2014)",VN,Viet Nam (incl. North Viet Nam 'VD' from 1977),850730,Nickel-cadmium accumulators (excl. spent),1,IMPORT,VALUE_EUR,VALUE_EUR,2015,,108,
dataflow,ESTAT:DS-059341(1.0),International trade of EU and non-EU countries since 2002 by HS2-4-6,A,Annual,FR,"France (incl. Saint Barthélemy 'BL' -> 2012; incl. French Guiana 'GF', Guadeloupe 'GP', Martinique 'MQ', Réunion 'RE' from 1997; incl. Mayotte 'YT' from 2014)",VN,Viet Nam (incl. North Viet Nam 'VD' from 1977),850730,Nickel-cadmium accumulators (excl. spent),1,IMPORT,VALUE_EUR,VALUE_EUR,2016,,1221,
dataflow,ESTAT:DS-059341(1.0),International trade of EU and non-EU countries since 2002 by HS2-4-6,A,Annual,FR,"France (incl. Saint Barthélemy 'BL' -> 2012; incl. French Guiana 'GF', Guadeloupe 'GP', Martinique 'MQ', Réunion 'RE' from 1997; incl. Mayotte 'YT' from 2014)",VN,Viet Nam (incl. North Viet Nam 'VD' from 1977),850730,Nickel-cadmium accumulators (excl. spent),1,IMPORT,VALUE_EUR,VALUE_EUR,2017,,59,
dataflow,ESTAT:DS-059341(1.0),International trade of EU and non-EU countries since 2002 by HS2-4-6,A,Annual,FR,"France (incl. Saint Barthélemy 'BL' -> 2012; incl. French Guiana 'GF', Guadeloupe 'GP', Martinique 'MQ', Réunion 'RE' from 1997; incl. Mayotte 'YT' from 2014)",VN,Viet Nam (incl. North Viet Nam 'VD' from 1977),850730,Nickel-cadmium accumulators (excl. spent),1,IMPORT,VALUE_EUR,VALUE_EUR,2018,,1056,
dataflow,ESTAT:DS-059341(1.0),International trade of EU and non-EU countries since 2002 by HS2-4-6,A,Annual,FR,"France (incl. Saint Barthélemy 'BL' -> 2012; incl. French Guiana 'GF', Guadeloupe 'GP', Martinique 'MQ', Réunion 'RE' from 1997; incl. Mayotte 'YT' from 2014)",VN,Viet Nam (incl. North Viet Nam 'VD' from 1977),850730,Nickel-cadmium accumulators (excl. spent),1,IMPORT,VALUE_EUR,VALUE_EUR,2019,,2715,
dataflow,ESTAT:DS-059341(1.0),International trade of EU and non-EU countries since 2002 by HS2-4-6,A,Annual,FR,"France (incl. Saint Barthélemy 'BL' -> 2012; incl. French Guiana 'GF', Guadeloupe 'GP', Martinique 'MQ', Réunion 'RE' from 1997; incl. Mayotte 'YT' from 2014)",VN,Viet Nam (incl. North Viet Nam 'VD' from 1977),850730,Nickel-cadmium accumulators (excl. spent),1,IMPORT,VALUE_EUR,VALUE_EUR,2021,,65,
dataflow,ESTAT:DS-059341(1.0),International trade of EU and non-EU countries since 2002 by HS2-4-6,A,Annual,FR,"France (incl. Saint Barthélemy 'BL' -> 2012; incl. French Guiana 'GF', Guadeloupe 'GP', Martinique 'MQ', Réunion 'RE' from 1997; incl. Mayotte 'YT' from 2014)",VN,Viet Nam (incl. North Viet Nam 'VD' from 1977),850730,Nickel-cadmium accumulators (excl. spent),1,IMPORT,VALUE_EUR,VALUE_EUR,2022,,1276,
dataflow,ESTAT:DS-059341(1.0),International trade of EU and non-EU countries since 2002 by HS2-4-6,A,Annual,FR,"France (incl. Saint Barthélemy 'BL' -> 2012; incl. French Guiana 'GF', Guadeloupe 'GP', Martinique 'MQ', Réunion 'RE' from 1997; incl. Mayotte 'YT' from 2014)",VN,Viet Nam (incl. North Viet Nam 'VD' from 1977),850730,Nickel-cadmium accumulators (excl. spent),1,IMPORT,VALUE_EUR,VALUE_EUR,2023,,2560,
dataflow,ESTAT:DS-059341(1.0),International trade of EU and non-EU countries since 2002 by HS2-4-6,A,Annual,FR,"France (incl. Saint Barthélemy 'BL' -> 2012; incl. French Guiana 'GF', Guadeloupe 'GP', Martinique 'MQ', Réunion 'RE' from 1997; incl. Mayotte 'YT' from 2014)",VN,Viet Nam (incl. North Viet Nam 'VD' from 1977),850730,Nickel-cadmium accumulators (excl. spent),1,IMPORT,VALUE_EUR,VALUE_EUR,2024,,32012,
dataflow,ESTAT:DS-059341(1.0),International trade of EU and non-EU countries since 2002 by HS2-4-6,A,Annual,FR,"France (incl. Saint Barthélemy 'BL' -> 2012; incl. French Guiana 'GF', Guadeloupe 'GP', Martinique 'MQ', Réunion 'RE' from 1997; incl. Mayotte 'YT' from 2014)",VN,Viet Nam (incl. North Viet Nam 'VD' from 1977),850730,Nickel-cadmium accumulators (excl. spent),2,EXPORT,VALUE_EUR,VALUE_EUR,2002,,58341,
dataflow,ESTAT:DS-059341(1.0),International trade of EU and non-EU countries since 2002 by HS2-4-6,A,Annual,FR,"France (incl. Saint Barthélemy 'BL' -> 2012; incl. French Guiana 'GF', Guadeloupe 'GP', Martinique 'MQ', Réunion 'RE' from 1997; incl. Mayotte 'YT' from 2014)",VN,Viet Nam (incl. North Viet Nam 'VD' from 1977),850730,Nickel-cadmium accumulators (excl. spent),2,EXPORT,VALUE_EUR,VALUE_EUR,2003,,412491,
dataflow,ESTAT:DS-059341(1.0),International trade of EU and non-EU countries since 2002 by HS2-4-6,A,Annual,FR,"France (incl. Saint Barthélemy 'BL' -> 2012; incl. French Guiana 'GF', Guadeloupe 'GP', Martinique 'MQ', Réunion 'RE' from 1997; incl. Mayotte 'YT' from 2014)",VN,Viet Nam (incl. North Viet Nam 'VD' from 1977),850730,Nickel-cadmium accumulators (excl. spent),2,EXPORT,VALUE_EUR,VALUE_EUR,2004,,129102,
dataflow,ESTAT:DS-059341(1.0),International trade of EU and non-EU countries since 2002 by HS2-4-6,A,Annual,FR,"France (incl. Saint Barthélemy 'BL' -> 2012; incl. French Guiana 'GF', Guadeloupe 'GP', Martinique 'MQ', Réunion 'RE' from 1997; incl. Mayotte 'YT' from 2014)",VN,Viet Nam (incl. North Viet Nam 'VD' from 1977),850730,Nickel-cadmium accumulators (excl. spent),2,EXPORT,VALUE_EUR,VALUE_EUR,2005,,144566,
dataflow,ESTAT:DS-059341(1.0),International trade of EU and non-EU countries since 2002 by HS2-4-6,A,Annual,FR,"France (incl. Saint Barthélemy 'BL' -> 2012; incl. French Guiana 'GF', Guadeloupe 'GP', Martinique 'MQ', Réunion 'RE' from 1997; incl. Mayotte 'YT' from 2014)",VN,Viet Nam (incl. North Viet Nam 'VD' from 1977),850730,Nickel-cadmium accumulators (excl. spent),2,EXPORT,VALUE_EUR,VALUE_EUR,2006,,233255,
dataflow,ESTAT:DS-059341(1.0),International trade of EU and non-EU countries since 2002 by HS2-4-6,A,Annual,FR,"France (incl. Saint Barthélemy 'BL' -> 2012; incl. French Guiana 'GF', Guadeloupe 'GP', Martinique 'MQ', Réunion 'RE' from 1997; incl. Mayotte 'YT' from 2014)",VN,Viet Nam (incl. North Viet Nam 'VD' from 1977),850730,Nickel-cadmium accumulators (excl. spent),2,EXPORT,VALUE_EUR,VALUE_EUR,2007,,12128,
dataflow,ESTAT:DS-059341(1.0),International trade of EU and non-EU countries since 2002 by HS2-4-6,A,Annual,FR,"France (incl. Saint Barthélemy 'BL' -> 2012; incl. French Guiana 'GF', Guadeloupe 'GP', Martinique 'MQ', Réunion 'RE' from 1997; incl. Mayotte 'YT' from 2014)",VN,Viet Nam (incl. North Viet Nam 'VD' from 1977),850730,Nickel-cadmium accumulators (excl. spent),2,EXPORT,VALUE_EUR,VALUE_EUR,2008,,224457,
dataflow,ESTAT:DS-059341(1.0),International trade of EU and non-EU countries since 2002 by HS2-4-6,A,Annual,FR,"France (incl. Saint Barthélemy 'BL' -> 2012; incl. French Guiana 'GF', Guadeloupe 'GP', Martinique 'MQ', Réunion 'RE' from 1997; incl. Mayotte 'YT' from 2014)",VN,Viet Nam (incl. North Viet Nam 'VD' from 1977),850730,Nickel-cadmium accumulators (excl. spent),2,EXPORT,VALUE_EUR,VALUE_EUR,2009,,2665,
dataflow,ESTAT:DS-059341(1.0),International trade of EU and non-EU countries since 2002 by HS2-4-6,A,Annual,FR,"France (incl. Saint Barthélemy 'BL' -> 2012; incl. French Guiana 'GF', Guadeloupe 'GP', Martinique 'MQ', Réunion 'RE' from 1997; incl. Mayotte 'YT' from 2014)",VN,Viet Nam (incl. North Viet Nam 'VD' from 1977),850730,Nickel-cadmium accumulators (excl. spent),2,EXPORT,VALUE_EUR,VALUE_EUR,2010,,4310,
dataflow,ESTAT:DS-059341(1.0),International trade of EU and non-EU countries since 2002 by HS2-4-6,A,Annual,FR,"France (incl. Saint Barthélemy 'BL' -> 2012; incl. French Guiana 'GF', Guadeloupe 'GP', Martinique 'MQ', Réunion 'RE' from 1997; incl. Mayotte 'YT' from 2014)",VN,Viet Nam (incl. North Viet Nam 'VD' from 1977),850730,Nickel-cadmium accumulators (excl. spent),2,EXPORT,VALUE_EUR,VALUE_EUR,2011,,3594,
dataflow,ESTAT:DS-059341(1.0),International trade of EU and non-EU countries since 2002 by HS2-4-6,A,Annual,FR,"France (incl. Saint Barthélemy 'BL' -> 2012; incl. French Guiana 'GF', Guadeloupe 'GP', Martinique 'MQ', Réunion 'RE' from 1997; incl. Mayotte 'YT' from 2014)",VN,Viet Nam (incl. North Viet Nam 'VD' from 1977),850730,Nickel-cadmium accumulators (excl. spent),2,EXPORT,VALUE_EUR,VALUE_EUR,2012,,10030,
dataflow,ESTAT:DS-059341(1.0),International trade of EU and non-EU countries since 2002 by HS2-4-6,A,Annual,FR,"France (incl. Saint Barthélemy 'BL' -> 2012; incl. French Guiana 'GF', Guadeloupe 'GP', Martinique 'MQ', Réunion 'RE' from 1997; incl. Mayotte 'YT' from 2014)",VN,Viet Nam (incl. North Viet Nam 'VD' from 1977),850730,Nickel-cadmium accumulators (excl. spent),2,EXPORT,VALUE_EUR,VALUE_EUR,2013,,10315,
dataflow,ESTAT:DS-059341(1.0),International trade of EU and non-EU countries since 2002 by HS2-4-6,A,Annual,FR,"France (incl. Saint Barthélemy 'BL' -> 2012; incl. French Guiana 'GF', Guadeloupe 'GP', Martinique 'MQ', Réunion 'RE' from 1997; incl. Mayotte 'YT' from 2014)",VN,Viet Nam (incl. North Viet Nam 'VD' from 1977),850730,Nickel-cadmium accumulators (excl. spent),2,EXPORT,VALUE_EUR,VALUE_EUR,2014,,9275,
dataflow,ESTAT:DS-059341(1.0),International trade of EU and non-EU countries since 2002 by HS2-4-6,A,Annual,FR,"France (incl. Saint Barthélemy 'BL' -> 2012; incl. French Guiana 'GF', Guadeloupe 'GP', Martinique 'MQ', Réunion 'RE' from 1997; incl. Mayotte 'YT' from 2014)",VN,Viet Nam (incl. North Viet Nam 'VD' from 1977),850730,Nickel-cadmium accumulators (excl. spent),2,EXPORT,VALUE_EUR,VALUE_EUR,2015,,1440,
dataflow,ESTAT:DS-059341(1.0),International trade of EU and non-EU countries since 2002 by HS2-4-6,A,Annual,FR,"France (incl. Saint Barthélemy 'BL' -> 2012; incl. French Guiana 'GF', Guadeloupe 'GP', Martinique 'MQ', Réunion 'RE' from 1997; incl. Mayotte 'YT' from 2014)",VN,Viet Nam (incl. North Viet Nam 'VD' from 1977),850730,Nickel-cadmium accumulators (excl. spent),2,EXPORT,VALUE_EUR,VALUE_EUR,2016,,28017,
dataflow,ESTAT:DS-059341(1.0),International trade of EU and non-EU countries since 2002 by HS2-4-6,A,Annual,FR,"France (incl. Saint Barthélemy 'BL' -> 2012; incl. French Guiana 'GF', Guadeloupe 'GP', Martinique 'MQ', Réunion 'RE' from 1997; incl. Mayotte 'YT' from 2014)",VN,Viet Nam (incl. North Viet Nam 'VD' from 1977),850730,Nickel-cadmium accumulators (excl. spent),2,EXPORT,VALUE_EUR,VALUE_EUR,2018,,16184,
dataflow,ESTAT:DS-059341(1.0),International trade of EU and non-EU countries since 2002 by HS2-4-6,A,Annual,FR,"France (incl. Saint Barthélemy 'BL' -> 2012; incl. French Guiana 'GF', Guadeloupe 'GP', Martinique 'MQ', Réunion 'RE' from 1997; incl. Mayotte 'YT' from 2014)",VN,Viet Nam (incl. North Viet Nam 'VD' from 1977),850730,Nickel-cadmium accumulators (excl. spent),2,EXPORT,VALUE_EUR,VALUE_EUR,2019,,13795,
dataflow,ESTAT:DS-059341(1.0),International trade of EU and non-EU countries since 2002 by HS2-4-6,A,Annual,FR,"France (incl. Saint Barthélemy 'BL' -> 2012; incl. French Guiana 'GF', Guadeloupe 'GP', Martinique 'MQ', Réunion 'RE' from 1997; incl. Mayotte 'YT' from 2014)",VN,Viet Nam (incl. North Viet Nam 'VD' from 1977),850730,Nickel-cadmium accumulators (excl. spent),2,EXPORT,VALUE_EUR,VALUE_EUR,2020,,93015,
dataflow,ESTAT:DS-059341(1.0),International trade of EU and non-EU countries since 2002 by HS2-4-6,A,Annual,FR,"France (incl. Saint Barthélemy 'BL' -> 2012; incl. French Guiana 'GF', Guadeloupe 'GP', Martinique 'MQ', Réunion 'RE' from 1997; incl. Mayotte 'YT' from 2014)",VN,Viet Nam (incl. North Viet Nam 'VD' from 1977),850730,Nickel-cadmium accumulators (excl. spent),2,EXPORT,VALUE_EUR,VALUE_EUR,2021,,21199,
dataflow,ESTAT:DS-059341(1.0),International trade of EU and non-EU countries since 2002 by HS2-4-6,A,Annual,FR,"France (incl. Saint Barthélemy 'BL' -> 2012; incl. French Guiana 'GF', Guadeloupe 'GP', Martinique 'MQ', Réunion 'RE' from 1997; incl. Mayotte 'YT' from 2014)",VN,Viet Nam (incl. North Viet Nam 'VD' from 1977),850730,Nickel-cadmium accumulators (excl. spent),2,EXPORT,VALUE_EUR,VALUE_EUR,2022,,8544,
dataflow,ESTAT:DS-059341(1.0),International trade of EU and non-EU countries since 2002 by HS2-4-6,A,Annual,FR,"France (incl. Saint Barthélemy 'BL' -> 2012; incl. French Guiana 'GF', Guadeloupe 'GP', Martinique 'MQ', Réunion 'RE' from 1997; incl. Mayotte 'YT' from 2014)",VN,Viet Nam (incl. North Viet Nam 'VD' from 1977),850730,Nickel-cadmium accumulators (excl. spent),2,EXPORT,VALUE_EUR,VALUE_EUR,2023,,41530,
dataflow,ESTAT:DS-059341(1.0),International trade of EU and non-EU countries since 2002 by HS2-4-6,A,Annual,FR,"France (incl. Saint Barthélemy 'BL' -> 2012; incl. French Guiana 'GF', Guadeloupe 'GP', Martinique 'MQ', Réunion 'RE' from 1997; incl. Mayotte 'YT' from 2014)",VN,Viet Nam (incl. North Viet Nam 'VD' from 1977),850730,Nickel-cadmium accumulators (excl. spent),2,EXPORT,VALUE_EUR,VALUE_EUR,2024,,59267,
dataflow,ESTAT:DS-059341(1.0),International trade of EU and non-EU countries since 2002 by HS2-4-6,A,Annual,FR,"France (incl. Saint Barthélemy 'BL' -> 2012; incl. French Guiana 'GF', Guadeloupe 'GP', Martinique 'MQ', Réunion 'RE' from 1997; incl. Mayotte 'YT' from 2014)",VN,Viet Nam (incl. North Viet Nam 'VD' from 1977),850740,Nickel-iron accumulators (excl. spent),1,IMPORT,VALUE_EUR,VALUE_EUR,2014,,577,
dataflow,ESTAT:DS-059341(1.0),International trade of EU and non-EU countries since 2002 by HS2-4-6,A,Annual,FR,"France (incl. Saint Barthélemy 'BL' -> 2012; incl. French Guiana 'GF', Guadeloupe 'GP', Martinique 'MQ', Réunion 'RE' from 1997; incl. Mayotte 'YT' from 2014)",VN,Viet Nam (incl. North Viet Nam 'VD' from 1977),850740,Nickel-iron accumulators (excl. spent),1,IMPORT,VALUE_EUR,VALUE_EUR,2021,,1281,
dataflow,ESTAT:DS-059341(1.0),International trade of EU and non-EU countries since 2002 by HS2-4-6,A,Annual,FR,"France (incl. Saint Barthélemy 'BL' -> 2012; incl. French Guiana 'GF', Guadeloupe 'GP', Martinique 'MQ', Réunion 'RE' from 1997; incl. Mayotte 'YT' from 2014)",VN,Viet Nam (incl. North Viet Nam 'VD' from 1977),850740,Nickel-iron accumulators (excl. spent),2,EXPORT,VALUE_EUR,VALUE_EUR,2008,,1200,
dataflow,ESTAT:DS-059341(1.0),International trade of EU and non-EU countries since 2002 by HS2-4-6,A,Annual,FR,"France (incl. Saint Barthélemy 'BL' -> 2012; incl. French Guiana 'GF', Guadeloupe 'GP', Martinique 'MQ', Réunion 'RE' from 1997; incl. Mayotte 'YT' from 2014)",VN,Viet Nam (incl. North Viet Nam 'VD' from 1977),850750,Nickel-metal hydride accumulators (excl. spent),1,IMPORT,VALUE_EUR,VALUE_EUR,2012,,158,
dataflow,ESTAT:DS-059341(1.0),International trade of EU and non-EU countries since 2002 by HS2-4-6,A,Annual,FR,"France (incl. Saint Barthélemy 'BL' -> 2012; incl. French Guiana 'GF', Guadeloupe 'GP', Martinique 'MQ', Réunion 'RE' from 1997; incl. Mayotte 'YT' from 2014)",VN,Viet Nam (incl. North Viet Nam 'VD' from 1977),850750,Nickel-metal hydride accumulators (excl. spent),1,IMPORT,VALUE_EUR,VALUE_EUR,2013,,1392,
dataflow,ESTAT:DS-059341(1.0),International trade of EU and non-EU countries since 2002 by HS2-4-6,A,Annual,FR,"France (incl. Saint Barthélemy 'BL' -> 2012; incl. French Guiana 'GF', Guadeloupe 'GP', Martinique 'MQ', Réunion 'RE' from 1997; incl. Mayotte 'YT' from 2014)",VN,Viet Nam (incl. North Viet Nam 'VD' from 1977),850750,Nickel-metal hydride accumulators (excl. spent),1,IMPORT,VALUE_EUR,VALUE_EUR,2016,,5124,
dataflow,ESTAT:DS-059341(1.0),International trade of EU and non-EU countries since 2002 by HS2-4-6,A,Annual,FR,"France (incl. Saint Barthélemy 'BL' -> 2012; incl. French Guiana 'GF', Guadeloupe 'GP', Martinique 'MQ', Réunion 'RE' from 1997; incl. Mayotte 'YT' from 2014)",VN,Viet Nam (incl. North Viet Nam 'VD' from 1977),850750,Nickel-metal hydride accumulators (excl. spent),1,IMPORT,VALUE_EUR,VALUE_EUR,2017,,2049,
dataflow,ESTAT:DS-059341(1.0),International trade of EU and non-EU countries since 2002 by HS2-4-6,A,Annual,FR,"France (incl. Saint Barthélemy 'BL' -> 2012; incl. French Guiana 'GF', Guadeloupe 'GP', Martinique 'MQ', Réunion 'RE' from 1997; incl. Mayotte 'YT' from 2014)",VN,Viet Nam (incl. North Viet Nam 'VD' from 1977),850750,Nickel-metal hydride accumulators (excl. spent),1,IMPORT,VALUE_EUR,VALUE_EUR,2023,,227,
dataflow,ESTAT:DS-059341(1.0),International trade of EU and non-EU countries since 2002 by HS2-4-6,A,Annual,FR,"France (incl. Saint Barthélemy 'BL' -> 2012; incl. French Guiana 'GF', Guadeloupe 'GP', Martinique 'MQ', Réunion 'RE' from 1997; incl. Mayotte 'YT' from 2014)",VN,Viet Nam (incl. North Viet Nam 'VD' from 1977),850750,Nickel-metal hydride accumulators (excl. spent),1,IMPORT,VALUE_EUR,VALUE_EUR,2024,,14789,
dataflow,ESTAT:DS-059341(1.0),International trade of EU and non-EU countries since 2002 by HS2-4-6,A,Annual,FR,"France (incl. Saint Barthélemy 'BL' -> 2012; incl. French Guiana 'GF', Guadeloupe 'GP', Martinique 'MQ', Réunion 'RE' from 1997; incl. Mayotte 'YT' from 2014)",VN,Viet Nam (incl. North Viet Nam 'VD' from 1977),850750,Nickel-metal hydride accumulators (excl. spent),2,EXPORT,VALUE_EUR,VALUE_EUR,2015,,853,
dataflow,ESTAT:DS-059341(1.0),International trade of EU and non-EU countries since 2002 by HS2-4-6,A,Annual,FR,"France (incl. Saint Barthélemy 'BL' -> 2012; incl. French Guiana 'GF', Guadeloupe 'GP', Martinique 'MQ', Réunion 'RE' from 1997; incl. Mayotte 'YT' from 2014)",VN,Viet Nam (incl. North Viet Nam 'VD' from 1977),850750,Nickel-metal hydride accumulators (excl. spent),2,EXPORT,VALUE_EUR,VALUE_EUR,2017,,6,
dataflow,ESTAT:DS-059341(1.0),International trade of EU and non-EU countries since 2002 by HS2-4-6,A,Annual,FR,"France (incl. Saint Barthélemy 'BL' -> 2012; incl. French Guiana 'GF', Guadeloupe 'GP', Martinique 'MQ', Réunion 'RE' from 1997; incl. Mayotte 'YT' from 2014)",VN,Viet Nam (incl. North Viet Nam 'VD' from 1977),850750,Nickel-metal hydride accumulators (excl. spent),2,EXPORT,VALUE_EUR,VALUE_EUR,2020,,1804,
dataflow,ESTAT:DS-059341(1.0),International trade of EU and non-EU countries since 2002 by HS2-4-6,A,Annual,FR,"France (incl. Saint Barthélemy 'BL' -> 2012; incl. French Guiana 'GF', Guadeloupe 'GP', Martinique 'MQ', Réunion 'RE' from 1997; incl. Mayotte 'YT' from 2014)",VN,Viet Nam (incl. North Viet Nam 'VD' from 1977),850750,Nickel-metal hydride accumulators (excl. spent),2,EXPORT,VALUE_EUR,VALUE_EUR,2021,,228,
dataflow,ESTAT:DS-059341(1.0),International trade of EU and non-EU countries since 2002 by HS2-4-6,A,Annual,FR,"France (incl. Saint Barthélemy 'BL' -> 2012; incl. French Guiana 'GF', Guadeloupe 'GP', Martinique 'MQ', Réunion 'RE' from 1997; incl. Mayotte 'YT' from 2014)",VN,Viet Nam (incl. North Viet Nam 'VD' from 1977),850750,Nickel-metal hydride accumulators (excl. spent),2,EXPORT,VALUE_EUR,VALUE_EUR,2023,,674,
dataflow,ESTAT:DS-059341(1.0),International trade of EU and non-EU countries since 2002 by HS2-4-6,A,Annual,FR,"France (incl. Saint Barthélemy 'BL' -> 2012; incl. French Guiana 'GF', Guadeloupe 'GP', Martinique 'MQ', Réunion 'RE' from 1997; incl. Mayotte 'YT' from 2014)",VN,Viet Nam (incl. North Viet Nam 'VD' from 1977),850760,Lithium-ion accumulators (excl. spent),1,IMPORT,VALUE_EUR,VALUE_EUR,2012,,40984,
dataflow,ESTAT:DS-059341(1.0),International trade of EU and non-EU countries since 2002 by HS2-4-6,A,Annual,FR,"France (incl. Saint Barthélemy 'BL' -> 2012; incl. French Guiana 'GF', Guadeloupe 'GP', Martinique 'MQ', Réunion 'RE' from 1997; incl. Mayotte 'YT' from 2014)",VN,Viet Nam (incl. North Viet Nam 'VD' from 1977),850760,Lithium-ion accumulators (excl. spent),1,IMPORT,VALUE_EUR,VALUE_EUR,2013,,16147,
dataflow,ESTAT:DS-059341(1.0),International trade of EU and non-EU countries since 2002 by HS2-4-6,A,Annual,FR,"France (incl. Saint Barthélemy 'BL' -> 2012; incl. French Guiana 'GF', Guadeloupe 'GP', Martinique 'MQ', Réunion 'RE' from 1997; incl. Mayotte 'YT' from 2014)",VN,Viet Nam (incl. North Viet Nam 'VD' from 1977),850760,Lithium-ion accumulators (excl. spent),1,IMPORT,VALUE_EUR,VALUE_EUR,2014,,23787,
dataflow,ESTAT:DS-059341(1.0),International trade of EU and non-EU countries since 2002 by HS2-4-6,A,Annual,FR,"France (incl. Saint Barthélemy 'BL' -> 2012; incl. French Guiana 'GF', Guadeloupe 'GP', Martinique 'MQ', Réunion 'RE' from 1997; incl. Mayotte 'YT' from 2014)",VN,Viet Nam (incl. North Viet Nam 'VD' from 1977),850760,Lithium-ion accumulators (excl. spent),1,IMPORT,VALUE_EUR,VALUE_EUR,2015,,20544,
dataflow,ESTAT:DS-059341(1.0),International trade of EU and non-EU countries since 2002 by HS2-4-6,A,Annual,FR,"France (incl. Saint Barthélemy 'BL' -> 2012; incl. French Guiana 'GF', Guadeloupe 'GP', Martinique 'MQ', Réunion 'RE' from 1997; incl. Mayotte 'YT' from 2014)",VN,Viet Nam (incl. North Viet Nam 'VD' from 1977),850760,Lithium-ion accumulators (excl. spent),1,IMPORT,VALUE_EUR,VALUE_EUR,2016,,137880,
dataflow,ESTAT:DS-059341(1.0),International trade of EU and non-EU countries since 2002 by HS2-4-6,A,Annual,FR,"France (incl. Saint Barthélemy 'BL' -> 2012; incl. French Guiana 'GF', Guadeloupe 'GP', Martinique 'MQ', Réunion 'RE' from 1997; incl. Mayotte 'YT' from 2014)",VN,Viet Nam (incl. North Viet Nam 'VD' from 1977),850760,Lithium-ion accumulators (excl. spent),1,IMPORT,VALUE_EUR,VALUE_EUR,2017,,6730,
dataflow,ESTAT:DS-059341(1.0),International trade of EU and non-EU countries since 2002 by HS2-4-6,A,Annual,FR,"France (incl. Saint Barthélemy 'BL' -> 2012; incl. French Guiana 'GF', Guadeloupe 'GP', Martinique 'MQ', Réunion 'RE' from 1997; incl. Mayotte 'YT' from 2014)",VN,Viet Nam (incl. North Viet Nam 'VD' from 1977),850760,Lithium-ion accumulators (excl. spent),1,IMPORT,VALUE_EUR,VALUE_EUR,2018,,105817,
dataflow,ESTAT:DS-059341(1.0),International trade of EU and non-EU countries since 2002 by HS2-4-6,A,Annual,FR,"France (incl. Saint Barthélemy 'BL' -> 2012; incl. French Guiana 'GF', Guadeloupe 'GP', Martinique 'MQ', Réunion 'RE' from 1997; incl. Mayotte 'YT' from 2014)",VN,Viet Nam (incl. North Viet Nam 'VD' from 1977),850760,Lithium-ion accumulators (excl. spent),1,IMPORT,VALUE_EUR,VALUE_EUR,2019,,169326,
dataflow,ESTAT:DS-059341(1.0),International trade of EU and non-EU countries since 2002 by HS2-4-6,A,Annual,FR,"France (incl. Saint Barthélemy 'BL' -> 2012; incl. French Guiana 'GF', Guadeloupe 'GP', Martinique 'MQ', Réunion 'RE' from 1997; incl. Mayotte 'YT' from 2014)",VN,Viet Nam (incl. North Viet Nam 'VD' from 1977),850760,Lithium-ion accumulators (excl. spent),1,IMPORT,VALUE_EUR,VALUE_EUR,2020,,58359,
dataflow,ESTAT:DS-059341(1.0),International trade of EU and non-EU countries since 2002 by HS2-4-6,A,Annual,FR,"France (incl. Saint Barthélemy 'BL' -> 2012; incl. French Guiana 'GF', Guadeloupe 'GP', Martinique 'MQ', Réunion 'RE' from 1997; incl. Mayotte 'YT' from 2014)",VN,Viet Nam (incl. North Viet Nam 'VD' from 1977),850760,Lithium-ion accumulators (excl. spent),1,IMPORT,VALUE_EUR,VALUE_EUR,2021,,332801,
dataflow,ESTAT:DS-059341(1.0),International trade of EU and non-EU countries since 2002 by HS2-4-6,A,Annual,FR,"France (incl. Saint Barthélemy 'BL' -> 2012; incl. French Guiana 'GF', Guadeloupe 'GP', Martinique 'MQ', Réunion 'RE' from 1997; incl. Mayotte 'YT' from 2014)",VN,Viet Nam (incl. North Viet Nam 'VD' from 1977),850760,Lithium-ion accumulators (excl. spent),1,IMPORT,VALUE_EUR,VALUE_EUR,2022,,580862,
dataflow,ESTAT:DS-059341(1.0),International trade of EU and non-EU countries since 2002 by HS2-4-6,A,Annual,FR,"France (incl. Saint Barthélemy 'BL' -> 2012; incl. French Guiana 'GF', Guadeloupe 'GP', Martinique 'MQ', Réunion 'RE' from 1997; incl. Mayotte 'YT' from 2014)",VN,Viet Nam (incl. North Viet Nam 'VD' from 1977),850760,Lithium-ion accumulators (excl. spent),1,IMPORT,VALUE_EUR,VALUE_EUR,2023,,376656,
dataflow,ESTAT:DS-059341(1.0),International trade of EU and non-EU countries since 2002 by HS2-4-6,A,Annual,FR,"France (incl. Saint Barthélemy 'BL' -> 2012; incl. French Guiana 'GF', Guadeloupe 'GP', Martinique 'MQ', Réunion 'RE' from 1997; incl. Mayotte 'YT' from 2014)",VN,Viet Nam (incl. North Viet Nam 'VD' from 1977),850760,Lithium-ion accumulators (excl. spent),1,IMPORT,VALUE_EUR,VALUE_EUR,2024,,2239462,
dataflow,ESTAT:DS-059341(1.0),International trade of EU and non-EU countries since 2002 by HS2-4-6,A,Annual,FR,"France (incl. Saint Barthélemy 'BL' -> 2012; incl. French Guiana 'GF', Guadeloupe 'GP', Martinique 'MQ', Réunion 'RE' from 1997; incl. Mayotte 'YT' from 2014)",VN,Viet Nam (incl. North Viet Nam 'VD' from 1977),850760,Lithium-ion accumulators (excl. spent),2,EXPORT,VALUE_EUR,VALUE_EUR,2012,,43461,
dataflow,ESTAT:DS-059341(1.0),International trade of EU and non-EU countries since 2002 by HS2-4-6,A,Annual,FR,"France (incl. Saint Barthélemy 'BL' -> 2012; incl. French Guiana 'GF', Guadeloupe 'GP', Martinique 'MQ', Réunion 'RE' from 1997; incl. Mayotte 'YT' from 2014)",VN,Viet Nam (incl. North Viet Nam 'VD' from 1977),850760,Lithium-ion accumulators (excl. spent),2,EXPORT,VALUE_EUR,VALUE_EUR,2013,,8883,
dataflow,ESTAT:DS-059341(1.0),International trade of EU and non-EU countries since 2002 by HS2-4-6,A,Annual,FR,"France (incl. Saint Barthélemy 'BL' -> 2012; incl. French Guiana 'GF', Guadeloupe 'GP', Martinique 'MQ', Réunion 'RE' from 1997; incl. Mayotte 'YT' from 2014)",VN,Viet Nam (incl. North Viet Nam 'VD' from 1977),850760,Lithium-ion accumulators (excl. spent),2,EXPORT,VALUE_EUR,VALUE_EUR,2015,,2225,
dataflow,ESTAT:DS-059341(1.0),International trade of EU and non-EU countries since 2002 by HS2-4-6,A,Annual,FR,"France (incl. Saint Barthélemy 'BL' -> 2012; incl. French Guiana 'GF', Guadeloupe 'GP', Martinique 'MQ', Réunion 'RE' from 1997; incl. Mayotte 'YT' from 2014)",VN,Viet Nam (incl. North Viet Nam 'VD' from 1977),850760,Lithium-ion accumulators (excl. spent),2,EXPORT,VALUE_EUR,VALUE_EUR,2016,,9489,
dataflow,ESTAT:DS-059341(1.0),International trade of EU and non-EU countries since 2002 by HS2-4-6,A,Annual,FR,"France (incl. Saint Barthélemy 'BL' -> 2012; incl. French Guiana 'GF', Guadeloupe 'GP', Martinique 'MQ', Réunion 'RE' from 1997; incl. Mayotte 'YT' from 2014)",VN,Viet Nam (incl. North Viet Nam 'VD' from 1977),850760,Lithium-ion accumulators (excl. spent),2,EXPORT,VALUE_EUR,VALUE_EUR,2017,,103846,
dataflow,ESTAT:DS-059341(1.0),International trade of EU and non-EU countries since 2002 by HS2-4-6,A,Annual,FR,"France (incl. Saint Barthélemy 'BL' -> 2012; incl. French Guiana 'GF', Guadeloupe 'GP', Martinique 'MQ', Réunion 'RE' from 1997; incl. Mayotte 'YT' from 2014)",VN,Viet Nam (incl. North Viet Nam 'VD' from 1977),850760,Lithium-ion accumulators (excl. spent),2,EXPORT,VALUE_EUR,VALUE_EUR,2018,,15320,
dataflow,ESTAT:DS-059341(1.0),International trade of EU and non-EU countries since 2002 by HS2-4-6,A,Annual,FR,"France (incl. Saint Barthélemy 'BL' -> 2012; incl. French Guiana 'GF', Guadeloupe 'GP', Martinique 'MQ', Réunion 'RE' from 1997; incl. Mayotte 'YT' from 2014)",VN,Viet Nam (incl. North Viet Nam 'VD' from 1977),850760,Lithium-ion accumulators (excl. spent),2,EXPORT,VALUE_EUR,VALUE_EUR,2019,,62481,
dataflow,ESTAT:DS-059341(1.0),International trade of EU and non-EU countries since 2002 by HS2-4-6,A,Annual,FR,"France (incl. Saint Barthélemy 'BL' -> 2012; incl. French Guiana 'GF', Guadeloupe 'GP', Martinique 'MQ', Réunion 'RE' from 1997; incl. Mayotte 'YT' from 2014)",VN,Viet Nam (incl. North Viet Nam 'VD' from 1977),850760,Lithium-ion accumulators (excl. spent),2,EXPORT,VALUE_EUR,VALUE_EUR,2020,,14450,
dataflow,ESTAT:DS-059341(1.0),International trade of EU and non-EU countries since 2002 by HS2-4-6,A,Annual,FR,"France (incl. Saint Barthélemy 'BL' -> 2012; incl. French Guiana 'GF', Guadeloupe 'GP', Martinique 'MQ', Réunion 'RE' from 1997; incl. Mayotte 'YT' from 2014)",VN,Viet Nam (incl. North Viet Nam 'VD' from 1977),850760,Lithium-ion accumulators (excl. spent),2,EXPORT,VALUE_EUR,VALUE_EUR,2021,,118079,
dataflow,ESTAT:DS-059341(1.0),International trade of EU and non-EU countries since 2002 by HS2-4-6,A,Annual,FR,"France (incl. Saint Barthélemy 'BL' -> 2012; incl. French Guiana 'GF', Guadeloupe 'GP', Martinique 'MQ', Réunion 'RE' from 1997; incl. Mayotte 'YT' from 2014)",VN,Viet Nam (incl. North Viet Nam 'VD' from 1977),850760,Lithium-ion accumulators (excl. spent),2,EXPORT,VALUE_EUR,VALUE_EUR,2022,,44117,
dataflow,ESTAT:DS-059341(1.0),International trade of EU and non-EU countries since 2002 by HS2-4-6,A,Annual,FR,"France (incl. Saint Barthélemy 'BL' -> 2012; incl. French Guiana 'GF', Guadeloupe 'GP', Martinique 'MQ', Réunion 'RE' from 1997; incl. Mayotte 'YT' from 2014)",VN,Viet Nam (incl. North Viet Nam 'VD' from 1977),850760,Lithium-ion accumulators (excl. spent),2,EXPORT,VALUE_EUR,VALUE_EUR,2023,,12952,
dataflow,ESTAT:DS-059341(1.0),International trade of EU and non-EU countries since 2002 by HS2-4-6,A,Annual,FR,"France (incl. Saint Barthélemy 'BL' -> 2012; incl. French Guiana 'GF', Guadeloupe 'GP', Martinique 'MQ', Réunion 'RE' from 1997; incl. Mayotte 'YT' from 2014)",VN,Viet Nam (incl. North Viet Nam 'VD' from 1977),850760,Lithium-ion accumulators (excl. spent),2,EXPORT,VALUE_EUR,VALUE_EUR,2024,,428689,
dataflow,ESTAT:DS-059341(1.0),International trade of EU and non-EU countries since 2002 by HS2-4-6,A,Annual,FR,"France (incl. Saint Barthélemy 'BL' -> 2012; incl. French Guiana 'GF', Guadeloupe 'GP', Martinique 'MQ', Réunion 'RE' from 1997; incl. Mayotte 'YT' from 2014)",VN,Viet Nam (incl. North Viet Nam 'VD' from 1977),850780,"Electric accumulators (excl. spent and lead-acid, nickel-cadmium, nickel-iron, nickel-metal hydride and lithium-ion accumulators)",1,IMPORT,VALUE_EUR,VALUE_EUR,2006,,3098,
dataflow,ESTAT:DS-059341(1.0),International trade of EU and non-EU countries since 2002 by HS2-4-6,A,Annual,FR,"France (incl. Saint Barthélemy 'BL' -> 2012; incl. French Guiana 'GF', Guadeloupe 'GP', Martinique 'MQ', Réunion 'RE' from 1997; incl. Mayotte 'YT' from 2014)",VN,Viet Nam (incl. North Viet Nam 'VD' from 1977),850780,"Electric accumulators (excl. spent and lead-acid, nickel-cadmium, nickel-iron, nickel-metal hydride and lithium-ion accumulators)",1,IMPORT,VALUE_EUR,VALUE_EUR,2007,,2895,
dataflow,ESTAT:DS-059341(1.0),International trade of EU and non-EU countries since 2002 by HS2-4-6,A,Annual,FR,"France (incl. Saint Barthélemy 'BL' -> 2012; incl. French Guiana 'GF', Guadeloupe 'GP', Martinique 'MQ', Réunion 'RE' from 1997; incl. Mayotte 'YT' from 2014)",VN,Viet Nam (incl. North Viet Nam 'VD' from 1977),850780,"Electric accumulators (excl. spent and lead-acid, nickel-cadmium, nickel-iron, nickel-metal hydride and lithium-ion accumulators)",1,IMPORT,VALUE_EUR,VALUE_EUR,2009,,5013,
dataflow,ESTAT:DS-059341(1.0),International trade of EU and non-EU countries since 2002 by HS2-4-6,A,Annual,FR,"France (incl. Saint Barthélemy 'BL' -> 2012; incl. French Guiana 'GF', Guadeloupe 'GP', Martinique 'MQ', Réunion 'RE' from 1997; incl. Mayotte 'YT' from 2014)",VN,Viet Nam (incl. North Viet Nam 'VD' from 1977),850780,"Electric accumulators (excl. spent and lead-acid, nickel-cadmium, nickel-iron, nickel-metal hydride and lithium-ion accumulators)",1,IMPORT,VALUE_EUR,VALUE_EUR,2010,,799,
dataflow,ESTAT:DS-059341(1.0),International trade of EU and non-EU countries since 2002 by HS2-4-6,A,Annual,FR,"France (incl. Saint Barthélemy 'BL' -> 2012; incl. French Guiana 'GF', Guadeloupe 'GP', Martinique 'MQ', Réunion 'RE' from 1997; incl. Mayotte 'YT' from 2014)",VN,Viet Nam (incl. North Viet Nam 'VD' from 1977),850780,"Electric accumulators (excl. spent and lead-acid, nickel-cadmium, nickel-iron, nickel-metal hydride and lithium-ion accumulators)",1,IMPORT,VALUE_EUR,VALUE_EUR,2011,,7047,
dataflow,ESTAT:DS-059341(1.0),International trade of EU and non-EU countries since 2002 by HS2-4-6,A,Annual,FR,"France (incl. Saint Barthélemy 'BL' -> 2012; incl. French Guiana 'GF', Guadeloupe 'GP', Martinique 'MQ', Réunion 'RE' from 1997; incl. Mayotte 'YT' from 2014)",VN,Viet Nam (incl. North Viet Nam 'VD' from 1977),850780,"Electric accumulators (excl. spent and lead-acid, nickel-cadmium, nickel-iron, nickel-metal hydride and lithium-ion accumulators)",1,IMPORT,VALUE_EUR,VALUE_EUR,2012,,980,
dataflow,ESTAT:DS-059341(1.0),International trade of EU and non-EU countries since 2002 by HS2-4-6,A,Annual,FR,"France (incl. Saint Barthélemy 'BL' -> 2012; incl. French Guiana 'GF', Guadeloupe 'GP', Martinique 'MQ', Réunion 'RE' from 1997; incl. Mayotte 'YT' from 2014)",VN,Viet Nam (incl. North Viet Nam 'VD' from 1977),850780,"Electric accumulators (excl. spent and lead-acid, nickel-cadmium, nickel-iron, nickel-metal hydride and lithium-ion accumulators)",1,IMPORT,VALUE_EUR,VALUE_EUR,2013,,1277,
dataflow,ESTAT:DS-059341(1.0),International trade of EU and non-EU countries since 2002 by HS2-4-6,A,Annual,FR,"France (incl. Saint Barthélemy 'BL' -> 2012; incl. French Guiana 'GF', Guadeloupe 'GP', Martinique 'MQ', Réunion 'RE' from 1997; incl. Mayotte 'YT' from 2014)",VN,Viet Nam (incl. North Viet Nam 'VD' from 1977),850780,"Electric accumulators (excl. spent and lead-acid, nickel-cadmium, nickel-iron, nickel-metal hydride and lithium-ion accumulators)",1,IMPORT,VALUE_EUR,VALUE_EUR,2014,,4909,
dataflow,ESTAT:DS-059341(1.0),International trade of EU and non-EU countries since 2002 by HS2-4-6,A,Annual,FR,"France (incl. Saint Barthélemy 'BL' -> 2012; incl. French Guiana 'GF', Guadeloupe 'GP', Martinique 'MQ', Réunion 'RE' from 1997; incl. Mayotte 'YT' from 2014)",VN,Viet Nam (incl. North Viet Nam 'VD' from 1977),850780,"Electric accumulators (excl. spent and lead-acid, nickel-cadmium, nickel-iron, nickel-metal hydride and lithium-ion accumulators)",1,IMPORT,VALUE_EUR,VALUE_EUR,2015,,1829,
dataflow,ESTAT:DS-059341(1.0),International trade of EU and non-EU countries since 2002 by HS2-4-6,A,Annual,FR,"France (incl. Saint Barthélemy 'BL' -> 2012; incl. French Guiana 'GF', Guadeloupe 'GP', Martinique 'MQ', Réunion 'RE' from 1997; incl. Mayotte 'YT' from 2014)",VN,Viet Nam (incl. North Viet Nam 'VD' from 1977),850780,"Electric accumulators (excl. spent and lead-acid, nickel-cadmium, nickel-iron, nickel-metal hydride and lithium-ion accumulators)",1,IMPORT,VALUE_EUR,VALUE_EUR,2016,,5553,
dataflow,ESTAT:DS-059341(1.0),International trade of EU and non-EU countries since 2002 by HS2-4-6,A,Annual,FR,"France (incl. Saint Barthélemy 'BL' -> 2012; incl. French Guiana 'GF', Guadeloupe 'GP', Martinique 'MQ', Réunion 'RE' from 1997; incl. Mayotte 'YT' from 2014)",VN,Viet Nam (incl. North Viet Nam 'VD' from 1977),850780,"Electric accumulators (excl. spent and lead-acid, nickel-cadmium, nickel-iron, nickel-metal hydride and lithium-ion accumulators)",1,IMPORT,VALUE_EUR,VALUE_EUR,2017,,250163,
dataflow,ESTAT:DS-059341(1.0),International trade of EU and non-EU countries since 2002 by HS2-4-6,A,Annual,FR,"France (incl. Saint Barthélemy 'BL' -> 2012; incl. French Guiana 'GF', Guadeloupe 'GP', Martinique 'MQ', Réunion 'RE' from 1997; incl. Mayotte 'YT' from 2014)",VN,Viet Nam (incl. North Viet Nam 'VD' from 1977),850780,"Electric accumulators (excl. spent and lead-acid, nickel-cadmium, nickel-iron, nickel-metal hydride and lithium-ion accumulators)",1,IMPORT,VALUE_EUR,VALUE_EUR,2018,,157489,
dataflow,ESTAT:DS-059341(1.0),International trade of EU and non-EU countries since 2002 by HS2-4-6,A,Annual,FR,"France (incl. Saint Barthélemy 'BL' -> 2012; incl. French Guiana 'GF', Guadeloupe 'GP', Martinique 'MQ', Réunion 'RE' from 1997; incl. Mayotte 'YT' from 2014)",VN,Viet Nam (incl. North Viet Nam 'VD' from 1977),850780,"Electric accumulators (excl. spent and lead-acid, nickel-cadmium, nickel-iron, nickel-metal hydride and lithium-ion accumulators)",1,IMPORT,VALUE_EUR,VALUE_EUR,2019,,234296,
dataflow,ESTAT:DS-059341(1.0),International trade of EU and non-EU countries since 2002 by HS2-4-6,A,Annual,FR,"France (incl. Saint Barthélemy 'BL' -> 2012; incl. French Guiana 'GF', Guadeloupe 'GP', Martinique 'MQ', Réunion 'RE' from 1997; incl. Mayotte 'YT' from 2014)",VN,Viet Nam (incl. North Viet Nam 'VD' from 1977),850780,"Electric accumulators (excl. spent and lead-acid, nickel-cadmium, nickel-iron, nickel-metal hydride and lithium-ion accumulators)",1,IMPORT,VALUE_EUR,VALUE_EUR,2020,,197347,
dataflow,ESTAT:DS-059341(1.0),International trade of EU and non-EU countries since 2002 by HS2-4-6,A,Annual,FR,"France (incl. Saint Barthélemy 'BL' -> 2012; incl. French Guiana 'GF', Guadeloupe 'GP', Martinique 'MQ', Réunion 'RE' from 1997; incl. Mayotte 'YT' from 2014)",VN,Viet Nam (incl. North Viet Nam 'VD' from 1977),850780,"Electric accumulators (excl. spent and lead-acid, nickel-cadmium, nickel-iron, nickel-metal hydride and lithium-ion accumulators)",1,IMPORT,VALUE_EUR,VALUE_EUR,2021,,9265,
dataflow,ESTAT:DS-059341(1.0),International trade of EU and non-EU countries since 2002 by HS2-4-6,A,Annual,FR,"France (incl. Saint Barthélemy 'BL' -> 2012; incl. French Guiana 'GF', Guadeloupe 'GP', Martinique 'MQ', Réunion 'RE' from 1997; incl. Mayotte 'YT' from 2014)",VN,Viet Nam (incl. North Viet Nam 'VD' from 1977),850780,"Electric accumulators (excl. spent and lead-acid, nickel-cadmium, nickel-iron, nickel-metal hydride and lithium-ion accumulators)",1,IMPORT,VALUE_EUR,VALUE_EUR,2022,,15717,
dataflow,ESTAT:DS-059341(1.0),International trade of EU and non-EU countries since 2002 by HS2-4-6,A,Annual,FR,"France (incl. Saint Barthélemy 'BL' -> 2012; incl. French Guiana 'GF', Guadeloupe 'GP', Martinique 'MQ', Réunion 'RE' from 1997; incl. Mayotte 'YT' from 2014)",VN,Viet Nam (incl. North Viet Nam 'VD' from 1977),850780,"Electric accumulators (excl. spent and lead-acid, nickel-cadmium, nickel-iron, nickel-metal hydride and lithium-ion accumulators)",1,IMPORT,VALUE_EUR,VALUE_EUR,2023,,121570,
dataflow,ESTAT:DS-059341(1.0),International trade of EU and non-EU countries since 2002 by HS2-4-6,A,Annual,FR,"France (incl. Saint Barthélemy 'BL' -> 2012; incl. French Guiana 'GF', Guadeloupe 'GP', Martinique 'MQ', Réunion 'RE' from 1997; incl. Mayotte 'YT' from 2014)",VN,Viet Nam (incl. North Viet Nam 'VD' from 1977),850780,"Electric accumulators (excl. spent and lead-acid, nickel-cadmium, nickel-iron, nickel-metal hydride and lithium-ion accumulators)",1,IMPORT,VALUE_EUR,VALUE_EUR,2024,,12508,
dataflow,ESTAT:DS-059341(1.0),International trade of EU and non-EU countries since 2002 by HS2-4-6,A,Annual,FR,"France (incl. Saint Barthélemy 'BL' -> 2012; incl. French Guiana 'GF', Guadeloupe 'GP', Martinique 'MQ', Réunion 'RE' from 1997; incl. Mayotte 'YT' from 2014)",VN,Viet Nam (incl. North Viet Nam 'VD' from 1977),850780,"Electric accumulators (excl. spent and lead-acid, nickel-cadmium, nickel-iron, nickel-metal hydride and lithium-ion accumulators)",2,EXPORT,VALUE_EUR,VALUE_EUR,2002,,23752,
dataflow,ESTAT:DS-059341(1.0),International trade of EU and non-EU countries since 2002 by HS2-4-6,A,Annual,FR,"France (incl. Saint Barthélemy 'BL' -> 2012; incl. French Guiana 'GF', Guadeloupe 'GP', Martinique 'MQ', Réunion 'RE' from 1997; incl. Mayotte 'YT' from 2014)",VN,Viet Nam (incl. North Viet Nam 'VD' from 1977),850780,"Electric accumulators (excl. spent and lead-acid, nickel-cadmium, nickel-iron, nickel-metal hydride and lithium-ion accumulators)",2,EXPORT,VALUE_EUR,VALUE_EUR,2003,,41786,
dataflow,ESTAT:DS-059341(1.0),International trade of EU and non-EU countries since 2002 by HS2-4-6,A,Annual,FR,"France (incl. Saint Barthélemy 'BL' -> 2012; incl. French Guiana 'GF', Guadeloupe 'GP', Martinique 'MQ', Réunion 'RE' from 1997; incl. Mayotte 'YT' from 2014)",VN,Viet Nam (incl. North Viet Nam 'VD' from 1977),850780,"Electric accumulators (excl. spent and lead-acid, nickel-cadmium, nickel-iron, nickel-metal hydride and lithium-ion accumulators)",2,EXPORT,VALUE_EUR,VALUE_EUR,2004,,142732,
dataflow,ESTAT:DS-059341(1.0),International trade of EU and non-EU countries since 2002 by HS2-4-6,A,Annual,FR,"France (incl. Saint Barthélemy 'BL' -> 2012; incl. French Guiana 'GF', Guadeloupe 'GP', Martinique 'MQ', Réunion 'RE' from 1997; incl. Mayotte 'YT' from 2014)",VN,Viet Nam (incl. North Viet Nam 'VD' from 1977),850780,"Electric accumulators (excl. spent and lead-acid, nickel-cadmium, nickel-iron, nickel-metal hydride and lithium-ion accumulators)",2,EXPORT,VALUE_EUR,VALUE_EUR,2005,,57537,
dataflow,ESTAT:DS-059341(1.0),International trade of EU and non-EU countries since 2002 by HS2-4-6,A,Annual,FR,"France (incl. Saint Barthélemy 'BL' -> 2012; incl. French Guiana 'GF', Guadeloupe 'GP', Martinique 'MQ', Réunion 'RE' from 1997; incl. Mayotte 'YT' from 2014)",VN,Viet Nam (incl. North Viet Nam 'VD' from 1977),850780,"Electric accumulators (excl. spent and lead-acid, nickel-cadmium, nickel-iron, nickel-metal hydride and lithium-ion accumulators)",2,EXPORT,VALUE_EUR,VALUE_EUR,2006,,6979,
dataflow,ESTAT:DS-059341(1.0),International trade of EU and non-EU countries since 2002 by HS2-4-6,A,Annual,FR,"France (incl. Saint Barthélemy 'BL' -> 2012; incl. French Guiana 'GF', Guadeloupe 'GP', Martinique 'MQ', Réunion 'RE' from 1997; incl. Mayotte 'YT' from 2014)",VN,Viet Nam (incl. North Viet Nam 'VD' from 1977),850780,"Electric accumulators (excl. spent and lead-acid, nickel-cadmium, nickel-iron, nickel-metal hydride and lithium-ion accumulators)",2,EXPORT,VALUE_EUR,VALUE_EUR,2007,,106514,
dataflow,ESTAT:DS-059341(1.0),International trade of EU and non-EU countries since 2002 by HS2-4-6,A,Annual,FR,"France (incl. Saint Barthélemy 'BL' -> 2012; incl. French Guiana 'GF', Guadeloupe 'GP', Martinique 'MQ', Réunion 'RE' from 1997; incl. Mayotte 'YT' from 2014)",VN,Viet Nam (incl. North Viet Nam 'VD' from 1977),850780,"Electric accumulators (excl. spent and lead-acid, nickel-cadmium, nickel-iron, nickel-metal hydride and lithium-ion accumulators)",2,EXPORT,VALUE_EUR,VALUE_EUR,2008,,83032,
dataflow,ESTAT:DS-059341(1.0),International trade of EU and non-EU countries since 2002 by HS2-4-6,A,Annual,FR,"France (incl. Saint Barthélemy 'BL' -> 2012; incl. French Guiana 'GF', Guadeloupe 'GP', Martinique 'MQ', Réunion 'RE' from 1997; incl. Mayotte 'YT' from 2014)",VN,Viet Nam (incl. North Viet Nam 'VD' from 1977),850780,"Electric accumulators (excl. spent and lead-acid, nickel-cadmium, nickel-iron, nickel-metal hydride and lithium-ion accumulators)",2,EXPORT,VALUE_EUR,VALUE_EUR,2009,,9212,
dataflow,ESTAT:DS-059341(1.0),International trade of EU and non-EU countries since 2002 by HS2-4-6,A,Annual,FR,"France (incl. Saint Barthélemy 'BL' -> 2012; incl. French Guiana 'GF', Guadeloupe 'GP', Martinique 'MQ', Réunion 'RE' from 1997; incl. Mayotte 'YT' from 2014)",VN,Viet Nam (incl. North Viet Nam 'VD' from 1977),850780,"Electric accumulators (excl. spent and lead-acid, nickel-cadmium, nickel-iron, nickel-metal hydride and lithium-ion accumulators)",2,EXPORT,VALUE_EUR,VALUE_EUR,2010,,23148,
dataflow,ESTAT:DS-059341(1.0),International trade of EU and non-EU countries since 2002 by HS2-4-6,A,Annual,FR,"France (incl. Saint Barthélemy 'BL' -> 2012; incl. French Guiana 'GF', Guadeloupe 'GP', Martinique 'MQ', Réunion 'RE' from 1997; incl. Mayotte 'YT' from 2014)",VN,Viet Nam (incl. North Viet Nam 'VD' from 1977),850780,"Electric accumulators (excl. spent and lead-acid, nickel-cadmium, nickel-iron, nickel-metal hydride and lithium-ion accumulators)",2,EXPORT,VALUE_EUR,VALUE_EUR,2011,,130842,
dataflow,ESTAT:DS-059341(1.0),International trade of EU and non-EU countries since 2002 by HS2-4-6,A,Annual,FR,"France (incl. Saint Barthélemy 'BL' -> 2012; incl. French Guiana 'GF', Guadeloupe 'GP', Martinique 'MQ', Réunion 'RE' from 1997; incl. Mayotte 'YT' from 2014)",VN,Viet Nam (incl. North Viet Nam 'VD' from 1977),850780,"Electric accumulators (excl. spent and lead-acid, nickel-cadmium, nickel-iron, nickel-metal hydride and lithium-ion accumulators)",2,EXPORT,VALUE_EUR,VALUE_EUR,2012,,187911,
dataflow,ESTAT:DS-059341(1.0),International trade of EU and non-EU countries since 2002 by HS2-4-6,A,Annual,FR,"France (incl. Saint Barthélemy 'BL' -> 2012; incl. French Guiana 'GF', Guadeloupe 'GP', Martinique 'MQ', Réunion 'RE' from 1997; incl. Mayotte 'YT' from 2014)",VN,Viet Nam (incl. North Viet Nam 'VD' from 1977),850780,"Electric accumulators (excl. spent and lead-acid, nickel-cadmium, nickel-iron, nickel-metal hydride and lithium-ion accumulators)",2,EXPORT,VALUE_EUR,VALUE_EUR,2013,,390996,
dataflow,ESTAT:DS-059341(1.0),International trade of EU and non-EU countries since 2002 by HS2-4-6,A,Annual,FR,"France (incl. Saint Barthélemy 'BL' -> 2012; incl. French Guiana 'GF', Guadeloupe 'GP', Martinique 'MQ', Réunion 'RE' from 1997; incl. Mayotte 'YT' from 2014)",VN,Viet Nam (incl. North Viet Nam 'VD' from 1977),850780,"Electric accumulators (excl. spent and lead-acid, nickel-cadmium, nickel-iron, nickel-metal hydride and lithium-ion accumulators)",2,EXPORT,VALUE_EUR,VALUE_EUR,2014,,21215,
dataflow,ESTAT:DS-059341(1.0),International trade of EU and non-EU countries since 2002 by HS2-4-6,A,Annual,FR,"France (incl. Saint Barthélemy 'BL' -> 2012; incl. French Guiana 'GF', Guadeloupe 'GP', Martinique 'MQ', Réunion 'RE' from 1997; incl. Mayotte 'YT' from 2014)",VN,Viet Nam (incl. North Viet Nam 'VD' from 1977),850780,"Electric accumulators (excl. spent and lead-acid, nickel-cadmium, nickel-iron, nickel-metal hydride and lithium-ion accumulators)",2,EXPORT,VALUE_EUR,VALUE_EUR,2015,,46603,
dataflow,ESTAT:DS-059341(1.0),International trade of EU and non-EU countries since 2002 by HS2-4-6,A,Annual,FR,"France (incl. Saint Barthélemy 'BL' -> 2012; incl. French Guiana 'GF', Guadeloupe 'GP', Martinique 'MQ', Réunion 'RE' from 1997; incl. Mayotte 'YT' from 2014)",VN,Viet Nam (incl. North Viet Nam 'VD' from 1977),850780,"Electric accumulators (excl. spent and lead-acid, nickel-cadmium, nickel-iron, nickel-metal hydride and lithium-ion accumulators)",2,EXPORT,VALUE_EUR,VALUE_EUR,2016,,16643,
dataflow,ESTAT:DS-059341(1.0),International trade of EU and non-EU countries since 2002 by HS2-4-6,A,Annual,FR,"France (incl. Saint Barthélemy 'BL' -> 2012; incl. French Guiana 'GF', Guadeloupe 'GP', Martinique 'MQ', Réunion 'RE' from 1997; incl. Mayotte 'YT' from 2014)",VN,Viet Nam (incl. North Viet Nam 'VD' from 1977),850780,"Electric accumulators (excl. spent and lead-acid, nickel-cadmium, nickel-iron, nickel-metal hydride and lithium-ion accumulators)",2,EXPORT,VALUE_EUR,VALUE_EUR,2017,,14725,
dataflow,ESTAT:DS-059341(1.0),International trade of EU and non-EU countries since 2002 by HS2-4-6,A,Annual,FR,"France (incl. Saint Barthélemy 'BL' -> 2012; incl. French Guiana 'GF', Guadeloupe 'GP', Martinique 'MQ', Réunion 'RE' from 1997; incl. Mayotte 'YT' from 2014)",VN,Viet Nam (incl. North Viet Nam 'VD' from 1977),850780,"Electric accumulators (excl. spent and lead-acid, nickel-cadmium, nickel-iron, nickel-metal hydride and lithium-ion accumulators)",2,EXPORT,VALUE_EUR,VALUE_EUR,2018,,23556,
dataflow,ESTAT:DS-059341(1.0),International trade of EU and non-EU countries since 2002 by HS2-4-6,A,Annual,FR,"France (incl. Saint Barthélemy 'BL' -> 2012; incl. French Guiana 'GF', Guadeloupe 'GP', Martinique 'MQ', Réunion 'RE' from 1997; incl. Mayotte 'YT' from 2014)",VN,Viet Nam (incl. North Viet Nam 'VD' from 1977),850780,"Electric accumulators (excl. spent and lead-acid, nickel-cadmium, nickel-iron, nickel-metal hydride and lithium-ion accumulators)",2,EXPORT,VALUE_EUR,VALUE_EUR,2019,,79436,
dataflow,ESTAT:DS-059341(1.0),International trade of EU and non-EU countries since 2002 by HS2-4-6,A,Annual,FR,"France (incl. Saint Barthélemy 'BL' -> 2012; incl. French Guiana 'GF', Guadeloupe 'GP', Martinique 'MQ', Réunion 'RE' from 1997; incl. Mayotte 'YT' from 2014)",VN,Viet Nam (incl. North Viet Nam 'VD' from 1977),850780,"Electric accumulators (excl. spent and lead-acid, nickel-cadmium, nickel-iron, nickel-metal hydride and lithium-ion accumulators)",2,EXPORT,VALUE_EUR,VALUE_EUR,2020,,37204,
dataflow,ESTAT:DS-059341(1.0),International trade of EU and non-EU countries since 2002 by HS2-4-6,A,Annual,FR,"France (incl. Saint Barthélemy 'BL' -> 2012; incl. French Guiana 'GF', Guadeloupe 'GP', Martinique 'MQ', Réunion 'RE' from 1997; incl. Mayotte 'YT' from 2014)",VN,Viet Nam (incl. North Viet Nam 'VD' from 1977),850780,"Electric accumulators (excl. spent and lead-acid, nickel-cadmium, nickel-iron, nickel-metal hydride and lithium-ion accumulators)",2,EXPORT,VALUE_EUR,VALUE_EUR,2021,,32680,
dataflow,ESTAT:DS-059341(1.0),International trade of EU and non-EU countries since 2002 by HS2-4-6,A,Annual,FR,"France (incl. Saint Barthélemy 'BL' -> 2012; incl. French Guiana 'GF', Guadeloupe 'GP', Martinique 'MQ', Réunion 'RE' from 1997; incl. Mayotte 'YT' from 2014)",VN,Viet Nam (incl. North Viet Nam 'VD' from 1977),850780,"Electric accumulators (excl. spent and lead-acid, nickel-cadmium, nickel-iron, nickel-metal hydride and lithium-ion accumulators)",2,EXPORT,VALUE_EUR,VALUE_EUR,2022,,44594,
dataflow,ESTAT:DS-059341(1.0),International trade of EU and non-EU countries since 2002 by HS2-4-6,A,Annual,FR,"France (incl. Saint Barthélemy 'BL' -> 2012; incl. French Guiana 'GF', Guadeloupe 'GP', Martinique 'MQ', Réunion 'RE' from 1997; incl. Mayotte 'YT' from 2014)",VN,Viet Nam (incl. North Viet Nam 'VD' from 1977),850780,"Electric accumulators (excl. spent and lead-acid, nickel-cadmium, nickel-iron, nickel-metal hydride and lithium-ion accumulators)",2,EXPORT,VALUE_EUR,VALUE_EUR,2023,,35014,
dataflow,ESTAT:DS-059341(1.0),International trade of EU and non-EU countries since 2002 by HS2-4-6,A,Annual,FR,"France (incl. Saint Barthélemy 'BL' -> 2012; incl. French Guiana 'GF', Guadeloupe 'GP', Martinique 'MQ', Réunion 'RE' from 1997; incl. Mayotte 'YT' from 2014)",VN,Viet Nam (incl. North Viet Nam 'VD' from 1977),850780,"Electric accumulators (excl. spent and lead-acid, nickel-cadmium, nickel-iron, nickel-metal hydride and lithium-ion accumulators)",2,EXPORT,VALUE_EUR,VALUE_EUR,2024,,86409,
dataflow,ESTAT:DS-059341(1.0),International trade of EU and non-EU countries since 2002 by HS2-4-6,A,Annual,FR,"France (incl. Saint Barthélemy 'BL' -> 2012; incl. French Guiana 'GF', Guadeloupe 'GP', Martinique 'MQ', Réunion 'RE' from 1997; incl. Mayotte 'YT' from 2014)",VN,Viet Nam (incl. North Viet Nam 'VD' from 1977),TOTAL,Total,1,IMPORT,VALUE_EUR,VALUE_EUR,2002,,588861153,
dataflow,ESTAT:DS-059341(1.0),International trade of EU and non-EU countries since 2002 by HS2-4-6,A,Annual,FR,"France (incl. Saint Barthélemy 'BL' -> 2012; incl. French Guiana 'GF', Guadeloupe 'GP', Martinique 'MQ', Réunion 'RE' from 1997; incl. Mayotte 'YT' from 2014)",VN,Viet Nam (incl. North Viet Nam 'VD' from 1977),TOTAL,Total,1,IMPORT,VALUE_EUR,VALUE_EUR,2003,,566056861,
dataflow,ESTAT:DS-059341(1.0),International trade of EU and non-EU countries since 2002 by HS2-4-6,A,Annual,FR,"France (incl. Saint Barthélemy 'BL' -> 2012; incl. French Guiana 'GF', Guadeloupe 'GP', Martinique 'MQ', Réunion 'RE' from 1997; incl. Mayotte 'YT' from 2014)",VN,Viet Nam (incl. North Viet Nam 'VD' from 1977),TOTAL,Total,1,IMPORT,VALUE_EUR,VALUE_EUR,2004,,571615468,
dataflow,ESTAT:DS-059341(1.0),International trade of EU and non-EU countries since 2002 by HS2-4-6,A,Annual,FR,"France (incl. Saint Barthélemy 'BL' -> 2012; incl. French Guiana 'GF', Guadeloupe 'GP', Martinique 'MQ', Réunion 'RE' from 1997; incl. Mayotte 'YT' from 2014)",VN,Viet Nam (incl. North Viet Nam 'VD' from 1977),TOTAL,Total,1,IMPORT,VALUE_EUR,VALUE_EUR,2005,,605739161,
dataflow,ESTAT:DS-059341(1.0),International trade of EU and non-EU countries since 2002 by HS2-4-6,A,Annual,FR,"France (incl. Saint Barthélemy 'BL' -> 2012; incl. French Guiana 'GF', Guadeloupe 'GP', Martinique 'MQ', Réunion 'RE' from 1997; incl. Mayotte 'YT' from 2014)",VN,Viet Nam (incl. North Viet Nam 'VD' from 1977),TOTAL,Total,1,IMPORT,VALUE_EUR,VALUE_EUR,2006,,765613220,
dataflow,ESTAT:DS-059341(1.0),International trade of EU and non-EU countries since 2002 by HS2-4-6,A,Annual,FR,"France (incl. Saint Barthélemy 'BL' -> 2012; incl. French Guiana 'GF', Guadeloupe 'GP', Martinique 'MQ', Réunion 'RE' from 1997; incl. Mayotte 'YT' from 2014)",VN,Viet Nam (incl. North Viet Nam 'VD' from 1977),TOTAL,Total,1,IMPORT,VALUE_EUR,VALUE_EUR,2007,,778517117,
dataflow,ESTAT:DS-059341(1.0),International trade of EU and non-EU countries since 2002 by HS2-4-6,A,Annual,FR,"France (incl. Saint Barthélemy 'BL' -> 2012; incl. French Guiana 'GF', Guadeloupe 'GP', Martinique 'MQ', Réunion 'RE' from 1997; incl. Mayotte 'YT' from 2014)",VN,Viet Nam (incl. North Viet Nam 'VD' from 1977),TOTAL,Total,1,IMPORT,VALUE_EUR,VALUE_EUR,2008,,763303311,
dataflow,ESTAT:DS-059341(1.0),International trade of EU and non-EU countries since 2002 by HS2-4-6,A,Annual,FR,"France (incl. Saint Barthélemy 'BL' -> 2012; incl. French Guiana 'GF', Guadeloupe 'GP', Martinique 'MQ', Réunion 'RE' from 1997; incl. Mayotte 'YT' from 2014)",VN,Viet Nam (incl. North Viet Nam 'VD' from 1977),TOTAL,Total,1,IMPORT,VALUE_EUR,VALUE_EUR,2009,,697204593,
dataflow,ESTAT:DS-059341(1.0),International trade of EU and non-EU countries since 2002 by HS2-4-6,A,Annual,FR,"France (incl. Saint Barthélemy 'BL' -> 2012; incl. French Guiana 'GF', Guadeloupe 'GP', Martinique 'MQ', Réunion 'RE' from 1997; incl. Mayotte 'YT' from 2014)",VN,Viet Nam (incl. North Viet Nam 'VD' from 1977),TOTAL,Total,1,IMPORT,VALUE_EUR,VALUE_EUR,2010,,874687245,
dataflow,ESTAT:DS-059341(1.0),International trade of EU and non-EU countries since 2002 by HS2-4-6,A,Annual,FR,"France (incl. Saint Barthélemy 'BL' -> 2012; incl. French Guiana 'GF', Guadeloupe 'GP', Martinique 'MQ', Réunion 'RE' from 1997; incl. Mayotte 'YT' from 2014)",VN,Viet Nam (incl. North Viet Nam 'VD' from 1977),TOTAL,Total,1,IMPORT,VALUE_EUR,VALUE_EUR,2011,,1323522990,
dataflow,ESTAT:DS-059341(1.0),International trade of EU and non-EU countries since 2002 by HS2-4-6,A,Annual,FR,"France (incl. Saint Barthélemy 'BL' -> 2012; incl. French Guiana 'GF', Guadeloupe 'GP', Martinique 'MQ', Réunion 'RE' from 1997; incl. Mayotte 'YT' from 2014)",VN,Viet Nam (incl. North Viet Nam 'VD' from 1977),TOTAL,Total,1,IMPORT,VALUE_EUR,VALUE_EUR,2012,,2008642272,
dataflow,ESTAT:DS-059341(1.0),International trade of EU and non-EU countries since 2002 by HS2-4-6,A,Annual,FR,"France (incl. Saint Barthélemy 'BL' -> 2012; incl. French Guiana 'GF', Guadeloupe 'GP', Martinique 'MQ', Réunion 'RE' from 1997; incl. Mayotte 'YT' from 2014)",VN,Viet Nam (incl. North Viet Nam 'VD' from 1977),TOTAL,Total,1,IMPORT,VALUE_EUR,VALUE_EUR,2013,,2051641600,
dataflow,ESTAT:DS-059341(1.0),International trade of EU and non-EU countries since 2002 by HS2-4-6,A,Annual,FR,"France (incl. Saint Barthélemy 'BL' -> 2012; incl. French Guiana 'GF', Guadeloupe 'GP', Martinique 'MQ', Réunion 'RE' from 1997; incl. Mayotte 'YT' from 2014)",VN,Viet Nam (incl. North Viet Nam 'VD' from 1977),TOTAL,Total,1,IMPORT,VALUE_EUR,VALUE_EUR,2014,,2099002478,
dataflow,ESTAT:DS-059341(1.0),International trade of EU and non-EU countries since 2002 by HS2-4-6,A,Annual,FR,"France (incl. Saint Barthélemy 'BL' -> 2012; incl. French Guiana 'GF', Guadeloupe 'GP', Martinique 'MQ', Réunion 'RE' from 1997; incl. Mayotte 'YT' from 2014)",VN,Viet Nam (incl. North Viet Nam 'VD' from 1977),TOTAL,Total,1,IMPORT,VALUE_EUR,VALUE_EUR,2015,,2916345052,
dataflow,ESTAT:DS-059341(1.0),International trade of EU and non-EU countries since 2002 by HS2-4-6,A,Annual,FR,"France (incl. Saint Barthélemy 'BL' -> 2012; incl. French Guiana 'GF', Guadeloupe 'GP', Martinique 'MQ', Réunion 'RE' from 1997; incl. Mayotte 'YT' from 2014)",VN,Viet Nam (incl. North Viet Nam 'VD' from 1977),TOTAL,Total,1,IMPORT,VALUE_EUR,VALUE_EUR,2016,,3209956383,
dataflow,ESTAT:DS-059341(1.0),International trade of EU and non-EU countries since 2002 by HS2-4-6,A,Annual,FR,"France (incl. Saint Barthélemy 'BL' -> 2012; incl. French Guiana 'GF', Guadeloupe 'GP', Martinique 'MQ', Réunion 'RE' from 1997; incl. Mayotte 'YT' from 2014)",VN,Viet Nam (incl. North Viet Nam 'VD' from 1977),TOTAL,Total,1,IMPORT,VALUE_EUR,VALUE_EUR,2017,,3747261979,
dataflow,ESTAT:DS-059341(1.0),International trade of EU and non-EU countries since 2002 by HS2-4-6,A,Annual,FR,"France (incl. Saint Barthélemy 'BL' -> 2012; incl. French Guiana 'GF', Guadeloupe 'GP', Martinique 'MQ', Réunion 'RE' from 1997; incl. Mayotte 'YT' from 2014)",VN,Viet Nam (incl. North Viet Nam 'VD' from 1977),TOTAL,Total,1,IMPORT,VALUE_EUR,VALUE_EUR,2018,,3871578653,
dataflow,ESTAT:DS-059341(1.0),International trade of EU and non-EU countries since 2002 by HS2-4-6,A,Annual,FR,"France (incl. Saint Barthélemy 'BL' -> 2012; incl. French Guiana 'GF', Guadeloupe 'GP', Martinique 'MQ', Réunion 'RE' from 1997; incl. Mayotte 'YT' from 2014)",VN,Viet Nam (incl. North Viet Nam 'VD' from 1977),TOTAL,Total,1,IMPORT,VALUE_EUR,VALUE_EUR,2019,,3883110350,
dataflow,ESTAT:DS-059341(1.0),International trade of EU and non-EU countries since 2002 by HS2-4-6,A,Annual,FR,"France (incl. Saint Barthélemy 'BL' -> 2012; incl. French Guiana 'GF', Guadeloupe 'GP', Martinique 'MQ', Réunion 'RE' from 1997; incl. Mayotte 'YT' from 2014)",VN,Viet Nam (incl. North Viet Nam 'VD' from 1977),TOTAL,Total,1,IMPORT,VALUE_EUR,VALUE_EUR,2020,,3623168766,
dataflow,ESTAT:DS-059341(1.0),International trade of EU and non-EU countries since 2002 by HS2-4-6,A,Annual,FR,"France (incl. Saint Barthélemy 'BL' -> 2012; incl. French Guiana 'GF', Guadeloupe 'GP', Martinique 'MQ', Réunion 'RE' from 1997; incl. Mayotte 'YT' from 2014)",VN,Viet Nam (incl. North Viet Nam 'VD' from 1977),TOTAL,Total,1,IMPORT,VALUE_EUR,VALUE_EUR,2021,,3456162935,
dataflow,ESTAT:DS-059341(1.0),International trade of EU and non-EU countries since 2002 by HS2-4-6,A,Annual,FR,"France (incl. Saint Barthélemy 'BL' -> 2012; incl. French Guiana 'GF', Guadeloupe 'GP', Martinique 'MQ', Réunion 'RE' from 1997; incl. Mayotte 'YT' from 2014)",VN,Viet Nam (incl. North Viet Nam 'VD' from 1977),TOTAL,Total,1,IMPORT,VALUE_EUR,VALUE_EUR,2022,,4407897940,
dataflow,ESTAT:DS-059341(1.0),International trade of EU and non-EU countries since 2002 by HS2-4-6,A,Annual,FR,"France (incl. Saint Barthélemy 'BL' -> 2012; incl. French Guiana 'GF', Guadeloupe 'GP', Martinique 'MQ', Réunion 'RE' from 1997; incl. Mayotte 'YT' from 2014)",VN,Viet Nam (incl. North Viet Nam 'VD' from 1977),TOTAL,Total,1,IMPORT,VALUE_EUR,VALUE_EUR,2023,,3716809384,
dataflow,ESTAT:DS-059341(1.0),International trade of EU and non-EU countries since 2002 by HS2-4-6,A,Annual,FR,"France (incl. Saint Barthélemy 'BL' -> 2012; incl. French Guiana 'GF', Guadeloupe 'GP', Martinique 'MQ', Réunion 'RE' from 1997; incl. Mayotte 'YT' from 2014)",VN,Viet Nam (incl. North Viet Nam 'VD' from 1977),TOTAL,Total,1,IMPORT,VALUE_EUR,VALUE_EUR,2024,,4118804726,
dataflow,ESTAT:DS-059341(1.0),International trade of EU and non-EU countries since 2002 by HS2-4-6,A,Annual,FR,"France (incl. Saint Barthélemy 'BL' -> 2012; incl. French Guiana 'GF', Guadeloupe 'GP', Martinique 'MQ', Réunion 'RE' from 1997; incl. Mayotte 'YT' from 2014)",VN,Viet Nam (incl. North Viet Nam 'VD' from 1977),TOTAL,Total,2,EXPORT,VALUE_EUR,VALUE_EUR,2002,,358925534,
dataflow,ESTAT:DS-059341(1.0),International trade of EU and non-EU countries since 2002 by HS2-4-6,A,Annual,FR,"France (incl. Saint Barthélemy 'BL' -> 2012; incl. French Guiana 'GF', Guadeloupe 'GP', Martinique 'MQ', Réunion 'RE' from 1997; incl. Mayotte 'YT' from 2014)",VN,Viet Nam (incl. North Viet Nam 'VD' from 1977),TOTAL,Total,2,EXPORT,VALUE_EUR,VALUE_EUR,2003,,395622430,
dataflow,ESTAT:DS-059341(1.0),International trade of EU and non-EU countries since 2002 by HS2-4-6,A,Annual,FR,"France (incl. Saint Barthélemy 'BL' -> 2012; incl. French Guiana 'GF', Guadeloupe 'GP', Martinique 'MQ', Réunion 'RE' from 1997; incl. Mayotte 'YT' from 2014)",VN,Viet Nam (incl. North Viet Nam 'VD' from 1977),TOTAL,Total,2,EXPORT,VALUE_EUR,VALUE_EUR,2004,,354525032,
dataflow,ESTAT:DS-059341(1.0),International trade of EU and non-EU countries since 2002 by HS2-4-6,A,Annual,FR,"France (incl. Saint Barthélemy 'BL' -> 2012; incl. French Guiana 'GF', Guadeloupe 'GP', Martinique 'MQ', Réunion 'RE' from 1997; incl. Mayotte 'YT' from 2014)",VN,Viet Nam (incl. North Viet Nam 'VD' from 1977),TOTAL,Total,2,EXPORT,VALUE_EUR,VALUE_EUR,2005,,313740072,
dataflow,ESTAT:DS-059341(1.0),International trade of EU and non-EU countries since 2002 by HS2-4-6,A,Annual,FR,"France (incl. Saint Barthélemy 'BL' -> 2012; incl. French Guiana 'GF', Guadeloupe 'GP', Martinique 'MQ', Réunion 'RE' from 1997; incl. Mayotte 'YT' from 2014)",VN,Viet Nam (incl. North Viet Nam 'VD' from 1977),TOTAL,Total,2,EXPORT,VALUE_EUR,VALUE_EUR,2006,,319451006,
dataflow,ESTAT:DS-059341(1.0),International trade of EU and non-EU countries since 2002 by HS2-4-6,A,Annual,FR,"France (incl. Saint Barthélemy 'BL' -> 2012; incl. French Guiana 'GF', Guadeloupe 'GP', Martinique 'MQ', Réunion 'RE' from 1997; incl. Mayotte 'YT' from 2014)",VN,Viet Nam (incl. North Viet Nam 'VD' from 1977),TOTAL,Total,2,EXPORT,VALUE_EUR,VALUE_EUR,2007,,456261727,
dataflow,ESTAT:DS-059341(1.0),International trade of EU and non-EU countries since 2002 by HS2-4-6,A,Annual,FR,"France (incl. Saint Barthélemy 'BL' -> 2012; incl. French Guiana 'GF', Guadeloupe 'GP', Martinique 'MQ', Réunion 'RE' from 1997; incl. Mayotte 'YT' from 2014)",VN,Viet Nam (incl. North Viet Nam 'VD' from 1977),TOTAL,Total,2,EXPORT,VALUE_EUR,VALUE_EUR,2008,,390378829,
dataflow,ESTAT:DS-059341(1.0),International trade of EU and non-EU countries since 2002 by HS2-4-6,A,Annual,FR,"France (incl. Saint Barthélemy 'BL' -> 2012; incl. French Guiana 'GF', Guadeloupe 'GP', Martinique 'MQ', Réunion 'RE' from 1997; incl. Mayotte 'YT' from 2014)",VN,Viet Nam (incl. North Viet Nam 'VD' from 1977),TOTAL,Total,2,EXPORT,VALUE_EUR,VALUE_EUR,2009,,532502122,
dataflow,ESTAT:DS-059341(1.0),International trade of EU and non-EU countries since 2002 by HS2-4-6,A,Annual,FR,"France (incl. Saint Barthélemy 'BL' -> 2012; incl. French Guiana 'GF', Guadeloupe 'GP', Martinique 'MQ', Réunion 'RE' from 1997; incl. Mayotte 'YT' from 2014)",VN,Viet Nam (incl. North Viet Nam 'VD' from 1977),TOTAL,Total,2,EXPORT,VALUE_EUR,VALUE_EUR,2010,,687550077,
dataflow,ESTAT:DS-059341(1.0),International trade of EU and non-EU countries since 2002 by HS2-4-6,A,Annual,FR,"France (incl. Saint Barthélemy 'BL' -> 2012; incl. French Guiana 'GF', Guadeloupe 'GP', Martinique 'MQ', Réunion 'RE' from 1997; incl. Mayotte 'YT' from 2014)",VN,Viet Nam (incl. North Viet Nam 'VD' from 1977),TOTAL,Total,2,EXPORT,VALUE_EUR,VALUE_EUR,2011,,772794158,
dataflow,ESTAT:DS-059341(1.0),International trade of EU and non-EU countries since 2002 by HS2-4-6,A,Annual,FR,"France (incl. Saint Barthélemy 'BL' -> 2012; incl. French Guiana 'GF', Guadeloupe 'GP', Martinique 'MQ', Réunion 'RE' from 1997; incl. Mayotte 'YT' from 2014)",VN,Viet Nam (incl. North Viet Nam 'VD' from 1977),TOTAL,Total,2,EXPORT,VALUE_EUR,VALUE_EUR,2012,,616753747,
dataflow,ESTAT:DS-059341(1.0),International trade of EU and non-EU countries since 2002 by HS2-4-6,A,Annual,FR,"France (incl. Saint Barthélemy 'BL' -> 2012; incl. French Guiana 'GF', Guadeloupe 'GP', Martinique 'MQ', Réunion 'RE' from 1997; incl. Mayotte 'YT' from 2014)",VN,Viet Nam (incl. North Viet Nam 'VD' from 1977),TOTAL,Total,2,EXPORT,VALUE_EUR,VALUE_EUR,2013,,704629029,
dataflow,ESTAT:DS-059341(1.0),International trade of EU and non-EU countries since 2002 by HS2-4-6,A,Annual,FR,"France (incl. Saint Barthélemy 'BL' -> 2012; incl. French Guiana 'GF', Guadeloupe 'GP', Martinique 'MQ', Réunion 'RE' from 1997; incl. Mayotte 'YT' from 2014)",VN,Viet Nam (incl. North Viet Nam 'VD' from 1977),TOTAL,Total,2,EXPORT,VALUE_EUR,VALUE_EUR,2014,,766595482,
dataflow,ESTAT:DS-059341(1.0),International trade of EU and non-EU countries since 2002 by HS2-4-6,A,Annual,FR,"France (incl. Saint Barthélemy 'BL' -> 2012; incl. French Guiana 'GF', Guadeloupe 'GP', Martinique 'MQ', Réunion 'RE' from 1997; incl. Mayotte 'YT' from 2014)",VN,Viet Nam (incl. North Viet Nam 'VD' from 1977),TOTAL,Total,2,EXPORT,VALUE_EUR,VALUE_EUR,2015,,1419385640,
dataflow,ESTAT:DS-059341(1.0),International trade of EU and non-EU countries since 2002 by HS2-4-6,A,Annual,FR,"France (incl. Saint Barthélemy 'BL' -> 2012; incl. French Guiana 'GF', Guadeloupe 'GP', Martinique 'MQ', Réunion 'RE' from 1997; incl. Mayotte 'YT' from 2014)",VN,Viet Nam (incl. North Viet Nam 'VD' from 1977),TOTAL,Total,2,EXPORT,VALUE_EUR,VALUE_EUR,2016,,1486841809,
dataflow,ESTAT:DS-059341(1.0),International trade of EU and non-EU countries since 2002 by HS2-4-6,A,Annual,FR,"France (incl. Saint Barthélemy 'BL' -> 2012; incl. French Guiana 'GF', Guadeloupe 'GP', Martinique 'MQ', Réunion 'RE' from 1997; incl. Mayotte 'YT' from 2014)",VN,Viet Nam (incl. North Viet Nam 'VD' from 1977),TOTAL,Total,2,EXPORT,VALUE_EUR,VALUE_EUR,2017,,1604405245,
dataflow,ESTAT:DS-059341(1.0),International trade of EU and non-EU countries since 2002 by HS2-4-6,A,Annual,FR,"France (incl. Saint Barthélemy 'BL' -> 2012; incl. French Guiana 'GF', Guadeloupe 'GP', Martinique 'MQ', Réunion 'RE' from 1997; incl. Mayotte 'YT' from 2014)",VN,Viet Nam (incl. North Viet Nam 'VD' from 1977),TOTAL,Total,2,EXPORT,VALUE_EUR,VALUE_EUR,2018,,1224670427,
dataflow,ESTAT:DS-059341(1.0),International trade of EU and non-EU countries since 2002 by HS2-4-6,A,Annual,FR,"France (incl. Saint Barthélemy 'BL' -> 2012; incl. French Guiana 'GF', Guadeloupe 'GP', Martinique 'MQ', Réunion 'RE' from 1997; incl. Mayotte 'YT' from 2014)",VN,Viet Nam (incl. North Viet Nam 'VD' from 1977),TOTAL,Total,2,EXPORT,VALUE_EUR,VALUE_EUR,2019,,1620081804,
dataflow,ESTAT:DS-059341(1.0),International trade of EU and non-EU countries since 2002 by HS2-4-6,A,Annual,FR,"France (incl. Saint Barthélemy 'BL' -> 2012; incl. French Guiana 'GF', Guadeloupe 'GP', Martinique 'MQ', Réunion 'RE' from 1997; incl. Mayotte 'YT' from 2014)",VN,Viet Nam (incl. North Viet Nam 'VD' from 1977),TOTAL,Total,2,EXPORT,VALUE_EUR,VALUE_EUR,2020,,964056238,
dataflow,ESTAT:DS-059341(1.0),International trade of EU and non-EU countries since 2002 by HS2-4-6,A,Annual,FR,"France (incl. Saint Barthélemy 'BL' -> 2012; incl. French Guiana 'GF', Guadeloupe 'GP', Martinique 'MQ', Réunion 'RE' from 1997; incl. Mayotte 'YT' from 2014)",VN,Viet Nam (incl. North Viet Nam 'VD' from 1977),TOTAL,Total,2,EXPORT,VALUE_EUR,VALUE_EUR,2021,,1244195494,
dataflow,ESTAT:DS-059341(1.0),International trade of EU and non-EU countries since 2002 by HS2-4-6,A,Annual,FR,"France (incl. Saint Barthélemy 'BL' -> 2012; incl. French Guiana 'GF', Guadeloupe 'GP', Martinique 'MQ', Réunion 'RE' from 1997; incl. Mayotte 'YT' from 2014)",VN,Viet Nam (incl. North Viet Nam 'VD' from 1977),TOTAL,Total,2,EXPORT,VALUE_EUR,VALUE_EUR,2022,,1161431797,
dataflow,ESTAT:DS-059341(1.0),International trade of EU and non-EU countries since 2002 by HS2-4-6,A,Annual,FR,"France (incl. Saint Barthélemy 'BL' -> 2012; incl. French Guiana 'GF', Guadeloupe 'GP', Martinique 'MQ', Réunion 'RE' from 1997; incl. Mayotte 'YT' from 2014)",VN,Viet Nam (incl. North Viet Nam 'VD' from 1977),TOTAL,Total,2,EXPORT,VALUE_EUR,VALUE_EUR,2023,,1189700649,
dataflow,ESTAT:DS-059341(1.0),International trade of EU and non-EU countries since 2002 by HS2-4-6,A,Annual,FR,"France (incl. Saint Barthélemy 'BL' -> 2012; incl. French Guiana 'GF', Guadeloupe 'GP', Martinique 'MQ', Réunion 'RE' from 1997; incl. Mayotte 'YT' from 2014)",VN,Viet Nam (incl. North Viet Nam 'VD' from 1977),TOTAL,Total,2,EXPORT,VALUE_EUR,VALUE_EUR,2024,,1505111735,
